vac,verb,item,grain,age_months,cumulative_share,bin_tokens,n_tokens
VL,come,VL|come,schematic,18,0.01072961373390558,5,466
VL,come,VL|come,schematic,21,0.04291845493562232,15,466
VL,come,VL|come,schematic,24,0.1223175965665236,37,466
VL,come,VL|come,schematic,27,0.16952789699570817,22,466
VL,come,VL|come,schematic,30,0.2854077253218884,54,466
VL,come,VL|come,schematic,33,0.3648068669527897,37,466
VL,come,VL|come,schematic,36,0.4206008583690987,26,466
VL,come,VL|come,schematic,39,0.5536480686695279,62,466
VL,come,VL|come,schematic,42,0.648068669527897,44,466
VL,come,VL|come,schematic,45,0.7381974248927039,42,466
VL,come,VL|come,schematic,48,0.8240343347639485,40,466
VL,come,VL|come,schematic,51,0.8905579399141631,31,466
VL,come,VL|come,schematic,54,0.9120171673819742,10,466
VL,come,VL|come,schematic,57,0.9742489270386266,29,466
VL,come,VL|come,schematic,60,1.0,12,466
VL,come,VL|come,schematic,63,1.0,0,466
VL,come,VL|come,schematic,66,1.0,0,466
VL,come,VL|come,schematic,69,1.0,0,466
VL,fall,VL|fall,schematic,18,0.003076923076923077,1,325
VL,fall,VL|fall,schematic,21,0.06153846153846154,19,325
VL,fall,VL|fall,schematic,24,0.10153846153846154,13,325
VL,fall,VL|fall,schematic,27,0.18769230769230769,28,325
VL,fall,VL|fall,schematic,30,0.3046153846153846,38,325
VL,fall,VL|fall,schematic,33,0.3507692307692308,15,325
VL,fall,VL|fall,schematic,36,0.47384615384615386,40,325
VL,fall,VL|fall,schematic,39,0.5846153846153846,36,325
VL,fall,VL|fall,schematic,42,0.6676923076923077,27,325
VL,fall,VL|fall,schematic,45,0.7876923076923077,39,325
VL,fall,VL|fall,schematic,48,0.8492307692307692,20,325
VL,fall,VL|fall,schematic,51,0.8861538461538462,12,325
VL,fall,VL|fall,schematic,54,0.9076923076923077,7,325
VL,fall,VL|fall,schematic,57,0.9692307692307692,20,325
VL,fall,VL|fall,schematic,60,1.0,10,325
VL,fall,VL|fall,schematic,63,1.0,0,325
VL,fall,VL|fall,schematic,66,1.0,0,325
VL,fall,VL|fall,schematic,69,1.0,0,325
VL,go,VL|go,schematic,18,0.004269854824935952,5,1171
VL,go,VL|go,schematic,21,0.03159692570452605,32,1171
VL,go,VL|go,schematic,24,0.09735269000853972,77,1171
VL,go,VL|go,schematic,27,0.14602903501280956,57,1171
VL,go,VL|go,schematic,30,0.23740392826643894,107,1171
VL,go,VL|go,schematic,33,0.30572160546541416,80,1171
VL,go,VL|go,schematic,36,0.4022203245089667,113,1171
VL,go,VL|go,schematic,39,0.5328778821520068,153,1171
VL,go,VL|go,schematic,42,0.6293766011955594,113,1171
VL,go,VL|go,schematic,45,0.7062339880444065,90,1171
VL,go,VL|go,schematic,48,0.798462852263023,108,1171
VL,go,VL|go,schematic,51,0.8812980358667806,97,1171
VL,go,VL|go,schematic,54,0.9205807002561913,46,1171
VL,go,VL|go,schematic,57,0.982066609735269,72,1171
VL,go,VL|go,schematic,60,1.0,21,1171
VL,go,VL|go,schematic,63,1.0,0,1171
VL,go,VL|go,schematic,66,1.0,0,1171
VL,go,VL|go,schematic,69,1.0,0,1171
VL,jump,VL|jump,schematic,18,0.03260869565217391,3,92
VL,jump,VL|jump,schematic,21,0.11956521739130435,8,92
VL,jump,VL|jump,schematic,24,0.18478260869565216,6,92
VL,jump,VL|jump,schematic,27,0.22826086956521738,4,92
VL,jump,VL|jump,schematic,30,0.34782608695652173,11,92
VL,jump,VL|jump,schematic,33,0.391304347826087,4,92
VL,jump,VL|jump,schematic,36,0.5108695652173914,11,92
VL,jump,VL|jump,schematic,39,0.5978260869565217,8,92
VL,jump,VL|jump,schematic,42,0.6521739130434783,5,92
VL,jump,VL|jump,schematic,45,0.7934782608695652,13,92
VL,jump,VL|jump,schematic,48,0.8695652173913043,7,92
VL,jump,VL|jump,schematic,51,0.9239130434782609,5,92
VL,jump,VL|jump,schematic,54,0.9565217391304348,3,92
VL,jump,VL|jump,schematic,57,0.9782608695652174,2,92
VL,jump,VL|jump,schematic,60,1.0,2,92
VL,jump,VL|jump,schematic,63,1.0,0,92
VL,jump,VL|jump,schematic,66,1.0,0,92
VL,jump,VL|jump,schematic,69,1.0,0,92
VL,knock,VL|knock,schematic,18,0.0,0,15
VL,knock,VL|knock,schematic,21,0.0,0,15
VL,knock,VL|knock,schematic,24,0.0,0,15
VL,knock,VL|knock,schematic,27,0.13333333333333333,2,15
VL,knock,VL|knock,schematic,30,0.26666666666666666,2,15
VL,knock,VL|knock,schematic,33,0.4666666666666667,3,15
VL,knock,VL|knock,schematic,36,0.8,5,15
VL,knock,VL|knock,schematic,39,0.9333333333333333,2,15
VL,knock,VL|knock,schematic,42,0.9333333333333333,0,15
VL,knock,VL|knock,schematic,45,0.9333333333333333,0,15
VL,knock,VL|knock,schematic,48,0.9333333333333333,0,15
VL,knock,VL|knock,schematic,51,1.0,1,15
VL,knock,VL|knock,schematic,54,1.0,0,15
VL,knock,VL|knock,schematic,57,1.0,0,15
VL,knock,VL|knock,schematic,60,1.0,0,15
VL,knock,VL|knock,schematic,63,1.0,0,15
VL,knock,VL|knock,schematic,66,1.0,0,15
VL,knock,VL|knock,schematic,69,1.0,0,15
VL,sit,VL|sit,schematic,18,0.020905923344947737,6,287
VL,sit,VL|sit,schematic,21,0.11149825783972125,26,287
VL,sit,VL|sit,schematic,24,0.20209059233449478,26,287
VL,sit,VL|sit,schematic,27,0.30662020905923343,30,287
VL,sit,VL|sit,schematic,30,0.3797909407665505,21,287
VL,sit,VL|sit,schematic,33,0.4912891986062718,32,287
VL,sit,VL|sit,schematic,36,0.6480836236933798,45,287
VL,sit,VL|sit,schematic,39,0.7456445993031359,28,287
VL,sit,VL|sit,schematic,42,0.8048780487804879,17,287
VL,sit,VL|sit,schematic,45,0.8362369337979094,9,287
VL,sit,VL|sit,schematic,48,0.8989547038327527,18,287
VL,sit,VL|sit,schematic,51,0.926829268292683,8,287
VL,sit,VL|sit,schematic,54,0.9512195121951219,7,287
VL,sit,VL|sit,schematic,57,0.9860627177700348,10,287
VL,sit,VL|sit,schematic,60,1.0,4,287
VL,sit,VL|sit,schematic,63,1.0,0,287
VL,sit,VL|sit,schematic,66,1.0,0,287
VL,sit,VL|sit,schematic,69,1.0,0,287
VL,want,VL|want,schematic,18,0.1,2,20
VL,want,VL|want,schematic,21,0.1,0,20
VL,want,VL|want,schematic,24,0.15,1,20
VL,want,VL|want,schematic,27,0.35,4,20
VL,want,VL|want,schematic,30,0.55,4,20
VL,want,VL|want,schematic,33,0.65,2,20
VL,want,VL|want,schematic,36,0.8,3,20
VL,want,VL|want,schematic,39,0.85,1,20
VL,want,VL|want,schematic,42,0.9,1,20
VL,want,VL|want,schematic,45,0.95,1,20
VL,want,VL|want,schematic,48,0.95,0,20
VL,want,VL|want,schematic,51,0.95,0,20
VL,want,VL|want,schematic,54,0.95,0,20
VL,want,VL|want,schematic,57,1.0,1,20
VL,want,VL|want,schematic,60,1.0,0,20
VL,want,VL|want,schematic,63,1.0,0,20
VL,want,VL|want,schematic,66,1.0,0,20
VL,want,VL|want,schematic,69,1.0,0,20
VL,write,VL|write,schematic,18,0.0,0,65
VL,write,VL|write,schematic,21,0.09230769230769231,6,65
VL,write,VL|write,schematic,24,0.27692307692307694,12,65
VL,write,VL|write,schematic,27,0.3076923076923077,2,65
VL,write,VL|write,schematic,30,0.4,6,65
VL,write,VL|write,schematic,33,0.47692307692307695,5,65
VL,write,VL|write,schematic,36,0.6153846153846154,9,65
VL,write,VL|write,schematic,39,0.6923076923076923,5,65
VL,write,VL|write,schematic,42,0.7538461538461538,4,65
VL,write,VL|write,schematic,45,0.7692307692307693,1,65
VL,write,VL|write,schematic,48,0.7846153846153846,1,65
VL,write,VL|write,schematic,51,0.8769230769230769,6,65
VL,write,VL|write,schematic,54,0.9230769230769231,3,65
VL,write,VL|write,schematic,57,0.9538461538461539,2,65
VL,write,VL|write,schematic,60,1.0,3,65
VL,write,VL|write,schematic,63,1.0,0,65
VL,write,VL|write,schematic,66,1.0,0,65
VL,write,VL|write,schematic,69,1.0,0,65
VL-about,know,VL-about|know,prep,18,0.0,0,8
VL-about,know,VL-about|know,prep,21,0.0,0,8
VL-about,know,VL-about|know,prep,24,0.0,0,8
VL-about,know,VL-about|know,prep,27,0.0,0,8
VL-about,know,VL-about|know,prep,30,0.0,0,8
VL-about,know,VL-about|know,prep,33,0.0,0,8
VL-about,know,VL-about|know,prep,36,0.0,0,8
VL-about,know,VL-about|know,prep,39,0.0,0,8
VL-about,know,VL-about|know,prep,42,0.375,3,8
VL-about,know,VL-about|know,prep,45,0.375,0,8
VL-about,know,VL-about|know,prep,48,0.625,2,8
VL-about,know,VL-about|know,prep,51,0.75,1,8
VL-about,know,VL-about|know,prep,54,0.75,0,8
VL-about,know,VL-about|know,prep,57,0.75,0,8
VL-about,know,VL-about|know,prep,60,1.0,2,8
VL-about,know,VL-about|know,prep,63,1.0,0,8
VL-about,know,VL-about|know,prep,66,1.0,0,8
VL-about,know,VL-about|know,prep,69,1.0,0,8
VL-about,tell,VL-about|tell,prep,18,0.0,0,9
VL-about,tell,VL-about|tell,prep,21,0.0,0,9
VL-about,tell,VL-about|tell,prep,24,0.0,0,9
VL-about,tell,VL-about|tell,prep,27,0.0,0,9
VL-about,tell,VL-about|tell,prep,30,0.0,0,9
VL-about,tell,VL-about|tell,prep,33,0.2222222222222222,2,9
VL-about,tell,VL-about|tell,prep,36,0.3333333333333333,1,9
VL-about,tell,VL-about|tell,prep,39,0.5555555555555556,2,9
VL-about,tell,VL-about|tell,prep,42,0.8888888888888888,3,9
VL-about,tell,VL-about|tell,prep,45,0.8888888888888888,0,9
VL-about,tell,VL-about|tell,prep,48,0.8888888888888888,0,9
VL-about,tell,VL-about|tell,prep,51,1.0,1,9
VL-about,tell,VL-about|tell,prep,54,1.0,0,9
VL-about,tell,VL-about|tell,prep,57,1.0,0,9
VL-about,tell,VL-about|tell,prep,60,1.0,0,9
VL-about,tell,VL-about|tell,prep,63,1.0,0,9
VL-about,tell,VL-about|tell,prep,66,1.0,0,9
VL-about,tell,VL-about|tell,prep,69,1.0,0,9
VL-across,fall,VL-across|fall,prep,18,0.0,0,1
VL-across,fall,VL-across|fall,prep,21,0.0,0,1
VL-across,fall,VL-across|fall,prep,24,0.0,0,1
VL-across,fall,VL-across|fall,prep,27,0.0,0,1
VL-across,fall,VL-across|fall,prep,30,0.0,0,1
VL-across,fall,VL-across|fall,prep,33,0.0,0,1
VL-across,fall,VL-across|fall,prep,36,0.0,0,1
VL-across,fall,VL-across|fall,prep,39,0.0,0,1
VL-across,fall,VL-across|fall,prep,42,1.0,1,1
VL-across,fall,VL-across|fall,prep,45,1.0,0,1
VL-across,fall,VL-across|fall,prep,48,1.0,0,1
VL-across,fall,VL-across|fall,prep,51,1.0,0,1
VL-across,fall,VL-across|fall,prep,54,1.0,0,1
VL-across,fall,VL-across|fall,prep,57,1.0,0,1
VL-across,fall,VL-across|fall,prep,60,1.0,0,1
VL-across,fall,VL-across|fall,prep,63,1.0,0,1
VL-across,fall,VL-across|fall,prep,66,1.0,0,1
VL-across,fall,VL-across|fall,prep,69,1.0,0,1
VL-across,go,VL-across|go,prep,18,0.0,0,2
VL-across,go,VL-across|go,prep,21,0.0,0,2
VL-across,go,VL-across|go,prep,24,0.0,0,2
VL-across,go,VL-across|go,prep,27,0.0,0,2
VL-across,go,VL-across|go,prep,30,0.5,1,2
VL-across,go,VL-across|go,prep,33,1.0,1,2
VL-across,go,VL-across|go,prep,36,1.0,0,2
VL-across,go,VL-across|go,prep,39,1.0,0,2
VL-across,go,VL-across|go,prep,42,1.0,0,2
VL-across,go,VL-across|go,prep,45,1.0,0,2
VL-across,go,VL-across|go,prep,48,1.0,0,2
VL-across,go,VL-across|go,prep,51,1.0,0,2
VL-across,go,VL-across|go,prep,54,1.0,0,2
VL-across,go,VL-across|go,prep,57,1.0,0,2
VL-across,go,VL-across|go,prep,60,1.0,0,2
VL-across,go,VL-across|go,prep,63,1.0,0,2
VL-across,go,VL-across|go,prep,66,1.0,0,2
VL-across,go,VL-across|go,prep,69,1.0,0,2
VL-across,live,VL-across|live,prep,18,0.0,0,1
VL-across,live,VL-across|live,prep,21,0.0,0,1
VL-across,live,VL-across|live,prep,24,0.0,0,1
VL-across,live,VL-across|live,prep,27,0.0,0,1
VL-across,live,VL-across|live,prep,30,0.0,0,1
VL-across,live,VL-across|live,prep,33,0.0,0,1
VL-across,live,VL-across|live,prep,36,0.0,0,1
VL-across,live,VL-across|live,prep,39,0.0,0,1
VL-across,live,VL-across|live,prep,42,0.0,0,1
VL-across,live,VL-across|live,prep,45,0.0,0,1
VL-across,live,VL-across|live,prep,48,0.0,0,1
VL-across,live,VL-across|live,prep,51,0.0,0,1
VL-across,live,VL-across|live,prep,54,0.0,0,1
VL-across,live,VL-across|live,prep,57,1.0,1,1
VL-across,live,VL-across|live,prep,60,1.0,0,1
VL-across,live,VL-across|live,prep,63,1.0,0,1
VL-across,live,VL-across|live,prep,66,1.0,0,1
VL-across,live,VL-across|live,prep,69,1.0,0,1
VL-across,run,VL-across|run,prep,18,0.0,0,1
VL-across,run,VL-across|run,prep,21,0.0,0,1
VL-across,run,VL-across|run,prep,24,0.0,0,1
VL-across,run,VL-across|run,prep,27,0.0,0,1
VL-across,run,VL-across|run,prep,30,0.0,0,1
VL-across,run,VL-across|run,prep,33,0.0,0,1
VL-across,run,VL-across|run,prep,36,0.0,0,1
VL-across,run,VL-across|run,prep,39,0.0,0,1
VL-across,run,VL-across|run,prep,42,0.0,0,1
VL-across,run,VL-across|run,prep,45,1.0,1,1
VL-across,run,VL-across|run,prep,48,1.0,0,1
VL-across,run,VL-across|run,prep,51,1.0,0,1
VL-across,run,VL-across|run,prep,54,1.0,0,1
VL-across,run,VL-across|run,prep,57,1.0,0,1
VL-across,run,VL-across|run,prep,60,1.0,0,1
VL-across,run,VL-across|run,prep,63,1.0,0,1
VL-across,run,VL-across|run,prep,66,1.0,0,1
VL-across,run,VL-across|run,prep,69,1.0,0,1
VL-across,walk,VL-across|walk,prep,18,0.0,0,2
VL-across,walk,VL-across|walk,prep,21,0.0,0,2
VL-across,walk,VL-across|walk,prep,24,0.5,1,2
VL-across,walk,VL-across|walk,prep,27,0.5,0,2
VL-across,walk,VL-across|walk,prep,30,0.5,0,2
VL-across,walk,VL-across|walk,prep,33,0.5,0,2
VL-across,walk,VL-across|walk,prep,36,0.5,0,2
VL-across,walk,VL-across|walk,prep,39,1.0,1,2
VL-across,walk,VL-across|walk,prep,42,1.0,0,2
VL-across,walk,VL-across|walk,prep,45,1.0,0,2
VL-across,walk,VL-across|walk,prep,48,1.0,0,2
VL-across,walk,VL-across|walk,prep,51,1.0,0,2
VL-across,walk,VL-across|walk,prep,54,1.0,0,2
VL-across,walk,VL-across|walk,prep,57,1.0,0,2
VL-across,walk,VL-across|walk,prep,60,1.0,0,2
VL-across,walk,VL-across|walk,prep,63,1.0,0,2
VL-across,walk,VL-across|walk,prep,66,1.0,0,2
VL-across,walk,VL-across|walk,prep,69,1.0,0,2
VL-along,cut,VL-along|cut,prep,18,0.0,0,1
VL-along,cut,VL-along|cut,prep,21,0.0,0,1
VL-along,cut,VL-along|cut,prep,24,0.0,0,1
VL-along,cut,VL-along|cut,prep,27,0.0,0,1
VL-along,cut,VL-along|cut,prep,30,0.0,0,1
VL-along,cut,VL-along|cut,prep,33,0.0,0,1
VL-along,cut,VL-along|cut,prep,36,0.0,0,1
VL-along,cut,VL-along|cut,prep,39,0.0,0,1
VL-along,cut,VL-along|cut,prep,42,0.0,0,1
VL-along,cut,VL-along|cut,prep,45,0.0,0,1
VL-along,cut,VL-along|cut,prep,48,0.0,0,1
VL-along,cut,VL-along|cut,prep,51,0.0,0,1
VL-along,cut,VL-along|cut,prep,54,0.0,0,1
VL-along,cut,VL-along|cut,prep,57,1.0,1,1
VL-along,cut,VL-along|cut,prep,60,1.0,0,1
VL-along,cut,VL-along|cut,prep,63,1.0,0,1
VL-along,cut,VL-along|cut,prep,66,1.0,0,1
VL-along,cut,VL-along|cut,prep,69,1.0,0,1
VL-around,dance,VL-around|dance,prep,18,0.0,0,1
VL-around,dance,VL-around|dance,prep,21,0.0,0,1
VL-around,dance,VL-around|dance,prep,24,0.0,0,1
VL-around,dance,VL-around|dance,prep,27,0.0,0,1
VL-around,dance,VL-around|dance,prep,30,0.0,0,1
VL-around,dance,VL-around|dance,prep,33,0.0,0,1
VL-around,dance,VL-around|dance,prep,36,0.0,0,1
VL-around,dance,VL-around|dance,prep,39,0.0,0,1
VL-around,dance,VL-around|dance,prep,42,1.0,1,1
VL-around,dance,VL-around|dance,prep,45,1.0,0,1
VL-around,dance,VL-around|dance,prep,48,1.0,0,1
VL-around,dance,VL-around|dance,prep,51,1.0,0,1
VL-around,dance,VL-around|dance,prep,54,1.0,0,1
VL-around,dance,VL-around|dance,prep,57,1.0,0,1
VL-around,dance,VL-around|dance,prep,60,1.0,0,1
VL-around,dance,VL-around|dance,prep,63,1.0,0,1
VL-around,dance,VL-around|dance,prep,66,1.0,0,1
VL-around,dance,VL-around|dance,prep,69,1.0,0,1
VL-around,get,VL-around|get,prep,18,0.0,0,2
VL-around,get,VL-around|get,prep,21,0.0,0,2
VL-around,get,VL-around|get,prep,24,0.0,0,2
VL-around,get,VL-around|get,prep,27,0.0,0,2
VL-around,get,VL-around|get,prep,30,0.0,0,2
VL-around,get,VL-around|get,prep,33,0.0,0,2
VL-around,get,VL-around|get,prep,36,0.5,1,2
VL-around,get,VL-around|get,prep,39,0.5,0,2
VL-around,get,VL-around|get,prep,42,0.5,0,2
VL-around,get,VL-around|get,prep,45,0.5,0,2
VL-around,get,VL-around|get,prep,48,0.5,0,2
VL-around,get,VL-around|get,prep,51,0.5,0,2
VL-around,get,VL-around|get,prep,54,1.0,1,2
VL-around,get,VL-around|get,prep,57,1.0,0,2
VL-around,get,VL-around|get,prep,60,1.0,0,2
VL-around,get,VL-around|get,prep,63,1.0,0,2
VL-around,get,VL-around|get,prep,66,1.0,0,2
VL-around,get,VL-around|get,prep,69,1.0,0,2
VL-around,go,VL-around|go,prep,18,0.0,0,8
VL-around,go,VL-around|go,prep,21,0.0,0,8
VL-around,go,VL-around|go,prep,24,0.125,1,8
VL-around,go,VL-around|go,prep,27,0.125,0,8
VL-around,go,VL-around|go,prep,30,0.125,0,8
VL-around,go,VL-around|go,prep,33,0.125,0,8
VL-around,go,VL-around|go,prep,36,0.375,2,8
VL-around,go,VL-around|go,prep,39,0.375,0,8
VL-around,go,VL-around|go,prep,42,0.375,0,8
VL-around,go,VL-around|go,prep,45,0.5,1,8
VL-around,go,VL-around|go,prep,48,0.75,2,8
VL-around,go,VL-around|go,prep,51,0.75,0,8
VL-around,go,VL-around|go,prep,54,1.0,2,8
VL-around,go,VL-around|go,prep,57,1.0,0,8
VL-around,go,VL-around|go,prep,60,1.0,0,8
VL-around,go,VL-around|go,prep,63,1.0,0,8
VL-around,go,VL-around|go,prep,66,1.0,0,8
VL-around,go,VL-around|go,prep,69,1.0,0,8
VL-around,put,VL-around|put,prep,18,0.0,0,2
VL-around,put,VL-around|put,prep,21,0.0,0,2
VL-around,put,VL-around|put,prep,24,0.0,0,2
VL-around,put,VL-around|put,prep,27,0.0,0,2
VL-around,put,VL-around|put,prep,30,0.0,0,2
VL-around,put,VL-around|put,prep,33,0.5,1,2
VL-around,put,VL-around|put,prep,36,1.0,1,2
VL-around,put,VL-around|put,prep,39,1.0,0,2
VL-around,put,VL-around|put,prep,42,1.0,0,2
VL-around,put,VL-around|put,prep,45,1.0,0,2
VL-around,put,VL-around|put,prep,48,1.0,0,2
VL-around,put,VL-around|put,prep,51,1.0,0,2
VL-around,put,VL-around|put,prep,54,1.0,0,2
VL-around,put,VL-around|put,prep,57,1.0,0,2
VL-around,put,VL-around|put,prep,60,1.0,0,2
VL-around,put,VL-around|put,prep,63,1.0,0,2
VL-around,put,VL-around|put,prep,66,1.0,0,2
VL-around,put,VL-around|put,prep,69,1.0,0,2
VL-around,roll,VL-around|roll,prep,18,0.0,0,1
VL-around,roll,VL-around|roll,prep,21,0.0,0,1
VL-around,roll,VL-around|roll,prep,24,0.0,0,1
VL-around,roll,VL-around|roll,prep,27,0.0,0,1
VL-around,roll,VL-around|roll,prep,30,0.0,0,1
VL-around,roll,VL-around|roll,prep,33,0.0,0,1
VL-around,roll,VL-around|roll,prep,36,0.0,0,1
VL-around,roll,VL-around|roll,prep,39,1.0,1,1
VL-around,roll,VL-around|roll,prep,42,1.0,0,1
VL-around,roll,VL-around|roll,prep,45,1.0,0,1
VL-around,roll,VL-around|roll,prep,48,1.0,0,1
VL-around,roll,VL-around|roll,prep,51,1.0,0,1
VL-around,roll,VL-around|roll,prep,54,1.0,0,1
VL-around,roll,VL-around|roll,prep,57,1.0,0,1
VL-around,roll,VL-around|roll,prep,60,1.0,0,1
VL-around,roll,VL-around|roll,prep,63,1.0,0,1
VL-around,roll,VL-around|roll,prep,66,1.0,0,1
VL-around,roll,VL-around|roll,prep,69,1.0,0,1
VL-around,run,VL-around|run,prep,18,0.0,0,1
VL-around,run,VL-around|run,prep,21,0.0,0,1
VL-around,run,VL-around|run,prep,24,0.0,0,1
VL-around,run,VL-around|run,prep,27,0.0,0,1
VL-around,run,VL-around|run,prep,30,0.0,0,1
VL-around,run,VL-around|run,prep,33,0.0,0,1
VL-around,run,VL-around|run,prep,36,0.0,0,1
VL-around,run,VL-around|run,prep,39,0.0,0,1
VL-around,run,VL-around|run,prep,42,0.0,0,1
VL-around,run,VL-around|run,prep,45,0.0,0,1
VL-around,run,VL-around|run,prep,48,0.0,0,1
VL-around,run,VL-around|run,prep,51,0.0,0,1
VL-around,run,VL-around|run,prep,54,0.0,0,1
VL-around,run,VL-around|run,prep,57,0.0,0,1
VL-around,run,VL-around|run,prep,60,1.0,1,1
VL-around,run,VL-around|run,prep,63,1.0,0,1
VL-around,run,VL-around|run,prep,66,1.0,0,1
VL-around,run,VL-around|run,prep,69,1.0,0,1
VL-around,spray,VL-around|spray,prep,18,0.0,0,1
VL-around,spray,VL-around|spray,prep,21,0.0,0,1
VL-around,spray,VL-around|spray,prep,24,0.0,0,1
VL-around,spray,VL-around|spray,prep,27,0.0,0,1
VL-around,spray,VL-around|spray,prep,30,0.0,0,1
VL-around,spray,VL-around|spray,prep,33,0.0,0,1
VL-around,spray,VL-around|spray,prep,36,0.0,0,1
VL-around,spray,VL-around|spray,prep,39,0.0,0,1
VL-around,spray,VL-around|spray,prep,42,0.0,0,1
VL-around,spray,VL-around|spray,prep,45,0.0,0,1
VL-around,spray,VL-around|spray,prep,48,0.0,0,1
VL-around,spray,VL-around|spray,prep,51,0.0,0,1
VL-around,spray,VL-around|spray,prep,54,1.0,1,1
VL-around,spray,VL-around|spray,prep,57,1.0,0,1
VL-around,spray,VL-around|spray,prep,60,1.0,0,1
VL-around,spray,VL-around|spray,prep,63,1.0,0,1
VL-around,spray,VL-around|spray,prep,66,1.0,0,1
VL-around,spray,VL-around|spray,prep,69,1.0,0,1
VL-around,turn,VL-around|turn,prep,18,0.0,0,4
VL-around,turn,VL-around|turn,prep,21,0.0,0,4
VL-around,turn,VL-around|turn,prep,24,0.0,0,4
VL-around,turn,VL-around|turn,prep,27,0.0,0,4
VL-around,turn,VL-around|turn,prep,30,0.0,0,4
VL-around,turn,VL-around|turn,prep,33,0.0,0,4
VL-around,turn,VL-around|turn,prep,36,0.0,0,4
VL-around,turn,VL-around|turn,prep,39,0.0,0,4
VL-around,turn,VL-around|turn,prep,42,0.5,2,4
VL-around,turn,VL-around|turn,prep,45,0.5,0,4
VL-around,turn,VL-around|turn,prep,48,0.5,0,4
VL-around,turn,VL-around|turn,prep,51,0.75,1,4
VL-around,turn,VL-around|turn,prep,54,0.75,0,4
VL-around,turn,VL-around|turn,prep,57,1.0,1,4
VL-around,turn,VL-around|turn,prep,60,1.0,0,4
VL-around,turn,VL-around|turn,prep,63,1.0,0,4
VL-around,turn,VL-around|turn,prep,66,1.0,0,4
VL-around,turn,VL-around|turn,prep,69,1.0,0,4
VL-at,go,VL-at|go,prep,18,0.0,0,11
VL-at,go,VL-at|go,prep,21,0.0,0,11
VL-at,go,VL-at|go,prep,24,0.0,0,11
VL-at,go,VL-at|go,prep,27,0.09090909090909091,1,11
VL-at,go,VL-at|go,prep,30,0.09090909090909091,0,11
VL-at,go,VL-at|go,prep,33,0.09090909090909091,0,11
VL-at,go,VL-at|go,prep,36,0.09090909090909091,0,11
VL-at,go,VL-at|go,prep,39,0.5454545454545454,5,11
VL-at,go,VL-at|go,prep,42,0.6363636363636364,1,11
VL-at,go,VL-at|go,prep,45,0.6363636363636364,0,11
VL-at,go,VL-at|go,prep,48,0.7272727272727273,1,11
VL-at,go,VL-at|go,prep,51,0.9090909090909091,2,11
VL-at,go,VL-at|go,prep,54,1.0,1,11
VL-at,go,VL-at|go,prep,57,1.0,0,11
VL-at,go,VL-at|go,prep,60,1.0,0,11
VL-at,go,VL-at|go,prep,63,1.0,0,11
VL-at,go,VL-at|go,prep,66,1.0,0,11
VL-at,go,VL-at|go,prep,69,1.0,0,11
VL-at,look,VL-at|look,prep,18,0.006578947368421052,3,456
VL-at,look,VL-at|look,prep,21,0.02631578947368421,9,456
VL-at,look,VL-at|look,prep,24,0.05482456140350877,13,456
VL-at,look,VL-at|look,prep,27,0.07894736842105263,11,456
VL-at,look,VL-at|look,prep,30,0.17763157894736842,45,456
VL-at,look,VL-at|look,prep,33,0.2565789473684211,36,456
VL-at,look,VL-at|look,prep,36,0.40350877192982454,67,456
VL-at,look,VL-at|look,prep,39,0.5394736842105263,62,456
VL-at,look,VL-at|look,prep,42,0.6381578947368421,45,456
VL-at,look,VL-at|look,prep,45,0.6995614035087719,28,456
VL-at,look,VL-at|look,prep,48,0.75,23,456
VL-at,look,VL-at|look,prep,51,0.8201754385964912,32,456
VL-at,look,VL-at|look,prep,54,0.8662280701754386,21,456
VL-at,look,VL-at|look,prep,57,0.9517543859649122,39,456
VL-at,look,VL-at|look,prep,60,1.0,22,456
VL-at,look,VL-at|look,prep,63,1.0,0,456
VL-at,look,VL-at|look,prep,66,1.0,0,456
VL-at,look,VL-at|look,prep,69,1.0,0,456
VL-behind,get,VL-behind|get,prep,18,0.0,0,1
VL-behind,get,VL-behind|get,prep,21,0.0,0,1
VL-behind,get,VL-behind|get,prep,24,0.0,0,1
VL-behind,get,VL-behind|get,prep,27,0.0,0,1
VL-behind,get,VL-behind|get,prep,30,0.0,0,1
VL-behind,get,VL-behind|get,prep,33,0.0,0,1
VL-behind,get,VL-behind|get,prep,36,0.0,0,1
VL-behind,get,VL-behind|get,prep,39,0.0,0,1
VL-behind,get,VL-behind|get,prep,42,0.0,0,1
VL-behind,get,VL-behind|get,prep,45,0.0,0,1
VL-behind,get,VL-behind|get,prep,48,0.0,0,1
VL-behind,get,VL-behind|get,prep,51,1.0,1,1
VL-behind,get,VL-behind|get,prep,54,1.0,0,1
VL-behind,get,VL-behind|get,prep,57,1.0,0,1
VL-behind,get,VL-behind|get,prep,60,1.0,0,1
VL-behind,get,VL-behind|get,prep,63,1.0,0,1
VL-behind,get,VL-behind|get,prep,66,1.0,0,1
VL-behind,get,VL-behind|get,prep,69,1.0,0,1
VL-behind,go,VL-behind|go,prep,18,0.0,0,2
VL-behind,go,VL-behind|go,prep,21,0.0,0,2
VL-behind,go,VL-behind|go,prep,24,0.0,0,2
VL-behind,go,VL-behind|go,prep,27,0.0,0,2
VL-behind,go,VL-behind|go,prep,30,0.0,0,2
VL-behind,go,VL-behind|go,prep,33,0.0,0,2
VL-behind,go,VL-behind|go,prep,36,0.0,0,2
VL-behind,go,VL-behind|go,prep,39,0.5,1,2
VL-behind,go,VL-behind|go,prep,42,0.5,0,2
VL-behind,go,VL-behind|go,prep,45,0.5,0,2
VL-behind,go,VL-behind|go,prep,48,0.5,0,2
VL-behind,go,VL-behind|go,prep,51,0.5,0,2
VL-behind,go,VL-behind|go,prep,54,0.5,0,2
VL-behind,go,VL-behind|go,prep,57,1.0,1,2
VL-behind,go,VL-behind|go,prep,60,1.0,0,2
VL-behind,go,VL-behind|go,prep,63,1.0,0,2
VL-behind,go,VL-behind|go,prep,66,1.0,0,2
VL-behind,go,VL-behind|go,prep,69,1.0,0,2
VL-behind,hide,VL-behind|hide,prep,18,0.0,0,5
VL-behind,hide,VL-behind|hide,prep,21,0.0,0,5
VL-behind,hide,VL-behind|hide,prep,24,0.0,0,5
VL-behind,hide,VL-behind|hide,prep,27,0.0,0,5
VL-behind,hide,VL-behind|hide,prep,30,0.0,0,5
VL-behind,hide,VL-behind|hide,prep,33,0.0,0,5
VL-behind,hide,VL-behind|hide,prep,36,0.4,2,5
VL-behind,hide,VL-behind|hide,prep,39,0.4,0,5
VL-behind,hide,VL-behind|hide,prep,42,0.8,2,5
VL-behind,hide,VL-behind|hide,prep,45,0.8,0,5
VL-behind,hide,VL-behind|hide,prep,48,1.0,1,5
VL-behind,hide,VL-behind|hide,prep,51,1.0,0,5
VL-behind,hide,VL-behind|hide,prep,54,1.0,0,5
VL-behind,hide,VL-behind|hide,prep,57,1.0,0,5
VL-behind,hide,VL-behind|hide,prep,60,1.0,0,5
VL-behind,hide,VL-behind|hide,prep,63,1.0,0,5
VL-behind,hide,VL-behind|hide,prep,66,1.0,0,5
VL-behind,hide,VL-behind|hide,prep,69,1.0,0,5
VL-behind,know,VL-behind|know,prep,18,0.0,0,1
VL-behind,know,VL-behind|know,prep,21,0.0,0,1
VL-behind,know,VL-behind|know,prep,24,0.0,0,1
VL-behind,know,VL-behind|know,prep,27,0.0,0,1
VL-behind,know,VL-behind|know,prep,30,0.0,0,1
VL-behind,know,VL-behind|know,prep,33,1.0,1,1
VL-behind,know,VL-behind|know,prep,36,1.0,0,1
VL-behind,know,VL-behind|know,prep,39,1.0,0,1
VL-behind,know,VL-behind|know,prep,42,1.0,0,1
VL-behind,know,VL-behind|know,prep,45,1.0,0,1
VL-behind,know,VL-behind|know,prep,48,1.0,0,1
VL-behind,know,VL-behind|know,prep,51,1.0,0,1
VL-behind,know,VL-behind|know,prep,54,1.0,0,1
VL-behind,know,VL-behind|know,prep,57,1.0,0,1
VL-behind,know,VL-behind|know,prep,60,1.0,0,1
VL-behind,know,VL-behind|know,prep,63,1.0,0,1
VL-behind,know,VL-behind|know,prep,66,1.0,0,1
VL-behind,know,VL-behind|know,prep,69,1.0,0,1
VL-behind,look,VL-behind|look,prep,18,0.0,0,4
VL-behind,look,VL-behind|look,prep,21,0.0,0,4
VL-behind,look,VL-behind|look,prep,24,0.0,0,4
VL-behind,look,VL-behind|look,prep,27,0.0,0,4
VL-behind,look,VL-behind|look,prep,30,0.0,0,4
VL-behind,look,VL-behind|look,prep,33,0.5,2,4
VL-behind,look,VL-behind|look,prep,36,0.5,0,4
VL-behind,look,VL-behind|look,prep,39,0.5,0,4
VL-behind,look,VL-behind|look,prep,42,0.5,0,4
VL-behind,look,VL-behind|look,prep,45,0.75,1,4
VL-behind,look,VL-behind|look,prep,48,0.75,0,4
VL-behind,look,VL-behind|look,prep,51,0.75,0,4
VL-behind,look,VL-behind|look,prep,54,0.75,0,4
VL-behind,look,VL-behind|look,prep,57,0.75,0,4
VL-behind,look,VL-behind|look,prep,60,1.0,1,4
VL-behind,look,VL-behind|look,prep,63,1.0,0,4
VL-behind,look,VL-behind|look,prep,66,1.0,0,4
VL-behind,look,VL-behind|look,prep,69,1.0,0,4
VL-behind,run,VL-behind|run,prep,18,0.0,0,1
VL-behind,run,VL-behind|run,prep,21,0.0,0,1
VL-behind,run,VL-behind|run,prep,24,0.0,0,1
VL-behind,run,VL-behind|run,prep,27,0.0,0,1
VL-behind,run,VL-behind|run,prep,30,0.0,0,1
VL-behind,run,VL-behind|run,prep,33,0.0,0,1
VL-behind,run,VL-behind|run,prep,36,0.0,0,1
VL-behind,run,VL-behind|run,prep,39,0.0,0,1
VL-behind,run,VL-behind|run,prep,42,0.0,0,1
VL-behind,run,VL-behind|run,prep,45,1.0,1,1
VL-behind,run,VL-behind|run,prep,48,1.0,0,1
VL-behind,run,VL-behind|run,prep,51,1.0,0,1
VL-behind,run,VL-behind|run,prep,54,1.0,0,1
VL-behind,run,VL-behind|run,prep,57,1.0,0,1
VL-behind,run,VL-behind|run,prep,60,1.0,0,1
VL-behind,run,VL-behind|run,prep,63,1.0,0,1
VL-behind,run,VL-behind|run,prep,66,1.0,0,1
VL-behind,run,VL-behind|run,prep,69,1.0,0,1
VL-behind,sit,VL-behind|sit,prep,18,0.0,0,2
VL-behind,sit,VL-behind|sit,prep,21,0.0,0,2
VL-behind,sit,VL-behind|sit,prep,24,0.0,0,2
VL-behind,sit,VL-behind|sit,prep,27,0.0,0,2
VL-behind,sit,VL-behind|sit,prep,30,0.0,0,2
VL-behind,sit,VL-behind|sit,prep,33,0.0,0,2
VL-behind,sit,VL-behind|sit,prep,36,0.0,0,2
VL-behind,sit,VL-behind|sit,prep,39,1.0,2,2
VL-behind,sit,VL-behind|sit,prep,42,1.0,0,2
VL-behind,sit,VL-behind|sit,prep,45,1.0,0,2
VL-behind,sit,VL-behind|sit,prep,48,1.0,0,2
VL-behind,sit,VL-behind|sit,prep,51,1.0,0,2
VL-behind,sit,VL-behind|sit,prep,54,1.0,0,2
VL-behind,sit,VL-behind|sit,prep,57,1.0,0,2
VL-behind,sit,VL-behind|sit,prep,60,1.0,0,2
VL-behind,sit,VL-behind|sit,prep,63,1.0,0,2
VL-behind,sit,VL-behind|sit,prep,66,1.0,0,2
VL-behind,sit,VL-behind|sit,prep,69,1.0,0,2
VL-down,come,VL-down|come,prep,18,0.0,0,46
VL-down,come,VL-down|come,prep,21,0.06521739130434782,3,46
VL-down,come,VL-down|come,prep,24,0.13043478260869565,3,46
VL-down,come,VL-down|come,prep,27,0.21739130434782608,4,46
VL-down,come,VL-down|come,prep,30,0.30434782608695654,4,46
VL-down,come,VL-down|come,prep,33,0.32608695652173914,1,46
VL-down,come,VL-down|come,prep,36,0.3695652173913043,2,46
VL-down,come,VL-down|come,prep,39,0.41304347826086957,2,46
VL-down,come,VL-down|come,prep,42,0.5652173913043478,7,46
VL-down,come,VL-down|come,prep,45,0.6521739130434783,4,46
VL-down,come,VL-down|come,prep,48,0.717391304347826,3,46
VL-down,come,VL-down|come,prep,51,0.782608695652174,3,46
VL-down,come,VL-down|come,prep,54,0.8260869565217391,2,46
VL-down,come,VL-down|come,prep,57,1.0,8,46
VL-down,come,VL-down|come,prep,60,1.0,0,46
VL-down,come,VL-down|come,prep,63,1.0,0,46
VL-down,come,VL-down|come,prep,66,1.0,0,46
VL-down,come,VL-down|come,prep,69,1.0,0,46
VL-down,fall,VL-down|fall,prep,18,0.005376344086021506,1,186
VL-down,fall,VL-down|fall,prep,21,0.06451612903225806,11,186
VL-down,fall,VL-down|fall,prep,24,0.12365591397849462,11,186
VL-down,fall,VL-down|fall,prep,27,0.25268817204301075,24,186
VL-down,fall,VL-down|fall,prep,30,0.41935483870967744,31,186
VL-down,fall,VL-down|fall,prep,33,0.489247311827957,13,186
VL-down,fall,VL-down|fall,prep,36,0.6236559139784946,25,186
VL-down,fall,VL-down|fall,prep,39,0.7150537634408602,17,186
VL-down,fall,VL-down|fall,prep,42,0.7849462365591398,13,186
VL-down,fall,VL-down|fall,prep,45,0.8333333333333334,9,186
VL-down,fall,VL-down|fall,prep,48,0.9032258064516129,13,186
VL-down,fall,VL-down|fall,prep,51,0.9301075268817204,5,186
VL-down,fall,VL-down|fall,prep,54,0.9408602150537635,2,186
VL-down,fall,VL-down|fall,prep,57,0.989247311827957,9,186
VL-down,fall,VL-down|fall,prep,60,1.0,2,186
VL-down,fall,VL-down|fall,prep,63,1.0,0,186
VL-down,fall,VL-down|fall,prep,66,1.0,0,186
VL-down,fall,VL-down|fall,prep,69,1.0,0,186
VL-down,get,VL-down|get,prep,18,0.041666666666666664,1,24
VL-down,get,VL-down|get,prep,21,0.125,2,24
VL-down,get,VL-down|get,prep,24,0.16666666666666666,1,24
VL-down,get,VL-down|get,prep,27,0.375,5,24
VL-down,get,VL-down|get,prep,30,0.4166666666666667,1,24
VL-down,get,VL-down|get,prep,33,0.5416666666666666,3,24
VL-down,get,VL-down|get,prep,36,0.6666666666666666,3,24
VL-down,get,VL-down|get,prep,39,0.8333333333333334,4,24
VL-down,get,VL-down|get,prep,42,0.8333333333333334,0,24
VL-down,get,VL-down|get,prep,45,0.875,1,24
VL-down,get,VL-down|get,prep,48,0.875,0,24
VL-down,get,VL-down|get,prep,51,0.9583333333333334,2,24
VL-down,get,VL-down|get,prep,54,0.9583333333333334,0,24
VL-down,get,VL-down|get,prep,57,1.0,1,24
VL-down,get,VL-down|get,prep,60,1.0,0,24
VL-down,get,VL-down|get,prep,63,1.0,0,24
VL-down,get,VL-down|get,prep,66,1.0,0,24
VL-down,get,VL-down|get,prep,69,1.0,0,24
VL-down,go,VL-down|go,prep,18,0.010526315789473684,1,95
VL-down,go,VL-down|go,prep,21,0.042105263157894736,3,95
VL-down,go,VL-down|go,prep,24,0.06315789473684211,2,95
VL-down,go,VL-down|go,prep,27,0.17894736842105263,11,95
VL-down,go,VL-down|go,prep,30,0.3684210526315789,18,95
VL-down,go,VL-down|go,prep,33,0.3894736842105263,2,95
VL-down,go,VL-down|go,prep,36,0.4842105263157895,9,95
VL-down,go,VL-down|go,prep,39,0.5684210526315789,8,95
VL-down,go,VL-down|go,prep,42,0.6947368421052632,12,95
VL-down,go,VL-down|go,prep,45,0.7157894736842105,2,95
VL-down,go,VL-down|go,prep,48,0.7684210526315789,5,95
VL-down,go,VL-down|go,prep,51,0.8421052631578947,7,95
VL-down,go,VL-down|go,prep,54,0.8947368421052632,5,95
VL-down,go,VL-down|go,prep,57,0.9894736842105263,9,95
VL-down,go,VL-down|go,prep,60,1.0,1,95
VL-down,go,VL-down|go,prep,63,1.0,0,95
VL-down,go,VL-down|go,prep,66,1.0,0,95
VL-down,go,VL-down|go,prep,69,1.0,0,95
VL-down,jump,VL-down|jump,prep,18,0.1,1,10
VL-down,jump,VL-down|jump,prep,21,0.5,4,10
VL-down,jump,VL-down|jump,prep,24,0.5,0,10
VL-down,jump,VL-down|jump,prep,27,0.5,0,10
VL-down,jump,VL-down|jump,prep,30,0.6,1,10
VL-down,jump,VL-down|jump,prep,33,0.8,2,10
VL-down,jump,VL-down|jump,prep,36,0.9,1,10
VL-down,jump,VL-down|jump,prep,39,0.9,0,10
VL-down,jump,VL-down|jump,prep,42,0.9,0,10
VL-down,jump,VL-down|jump,prep,45,0.9,0,10
VL-down,jump,VL-down|jump,prep,48,0.9,0,10
VL-down,jump,VL-down|jump,prep,51,1.0,1,10
VL-down,jump,VL-down|jump,prep,54,1.0,0,10
VL-down,jump,VL-down|jump,prep,57,1.0,0,10
VL-down,jump,VL-down|jump,prep,60,1.0,0,10
VL-down,jump,VL-down|jump,prep,63,1.0,0,10
VL-down,jump,VL-down|jump,prep,66,1.0,0,10
VL-down,jump,VL-down|jump,prep,69,1.0,0,10
VL-down,lay,VL-down|lay,prep,18,0.0,0,29
VL-down,lay,VL-down|lay,prep,21,0.13793103448275862,4,29
VL-down,lay,VL-down|lay,prep,24,0.27586206896551724,4,29
VL-down,lay,VL-down|lay,prep,27,0.3793103448275862,3,29
VL-down,lay,VL-down|lay,prep,30,0.41379310344827586,1,29
VL-down,lay,VL-down|lay,prep,33,0.4482758620689655,1,29
VL-down,lay,VL-down|lay,prep,36,0.6206896551724138,5,29
VL-down,lay,VL-down|lay,prep,39,0.7586206896551724,4,29
VL-down,lay,VL-down|lay,prep,42,0.7931034482758621,1,29
VL-down,lay,VL-down|lay,prep,45,0.7931034482758621,0,29
VL-down,lay,VL-down|lay,prep,48,0.896551724137931,3,29
VL-down,lay,VL-down|lay,prep,51,0.9310344827586207,1,29
VL-down,lay,VL-down|lay,prep,54,0.9655172413793104,1,29
VL-down,lay,VL-down|lay,prep,57,1.0,1,29
VL-down,lay,VL-down|lay,prep,60,1.0,0,29
VL-down,lay,VL-down|lay,prep,63,1.0,0,29
VL-down,lay,VL-down|lay,prep,66,1.0,0,29
VL-down,lay,VL-down|lay,prep,69,1.0,0,29
VL-down,lie,VL-down|lie,prep,18,0.07142857142857142,1,14
VL-down,lie,VL-down|lie,prep,21,0.07142857142857142,0,14
VL-down,lie,VL-down|lie,prep,24,0.07142857142857142,0,14
VL-down,lie,VL-down|lie,prep,27,0.21428571428571427,2,14
VL-down,lie,VL-down|lie,prep,30,0.42857142857142855,3,14
VL-down,lie,VL-down|lie,prep,33,0.42857142857142855,0,14
VL-down,lie,VL-down|lie,prep,36,0.5,1,14
VL-down,lie,VL-down|lie,prep,39,0.6428571428571429,2,14
VL-down,lie,VL-down|lie,prep,42,0.7142857142857143,1,14
VL-down,lie,VL-down|lie,prep,45,0.7857142857142857,1,14
VL-down,lie,VL-down|lie,prep,48,0.8571428571428571,1,14
VL-down,lie,VL-down|lie,prep,51,0.9285714285714286,1,14
VL-down,lie,VL-down|lie,prep,54,0.9285714285714286,0,14
VL-down,lie,VL-down|lie,prep,57,1.0,1,14
VL-down,lie,VL-down|lie,prep,60,1.0,0,14
VL-down,lie,VL-down|lie,prep,63,1.0,0,14
VL-down,lie,VL-down|lie,prep,66,1.0,0,14
VL-down,lie,VL-down|lie,prep,69,1.0,0,14
VL-down,sit,VL-down|sit,prep,18,0.041237113402061855,4,97
VL-down,sit,VL-down|sit,prep,21,0.16494845360824742,12,97
VL-down,sit,VL-down|sit,prep,24,0.21649484536082475,5,97
VL-down,sit,VL-down|sit,prep,27,0.3711340206185567,15,97
VL-down,sit,VL-down|sit,prep,30,0.44329896907216493,7,97
VL-down,sit,VL-down|sit,prep,33,0.5773195876288659,13,97
VL-down,sit,VL-down|sit,prep,36,0.7938144329896907,21,97
VL-down,sit,VL-down|sit,prep,39,0.8865979381443299,9,97
VL-down,sit,VL-down|sit,prep,42,0.8969072164948454,1,97
VL-down,sit,VL-down|sit,prep,45,0.9072164948453608,1,97
VL-down,sit,VL-down|sit,prep,48,0.9484536082474226,4,97
VL-down,sit,VL-down|sit,prep,51,0.9690721649484536,2,97
VL-down,sit,VL-down|sit,prep,54,0.9690721649484536,0,97
VL-down,sit,VL-down|sit,prep,57,1.0,3,97
VL-down,sit,VL-down|sit,prep,60,1.0,0,97
VL-down,sit,VL-down|sit,prep,63,1.0,0,97
VL-down,sit,VL-down|sit,prep,66,1.0,0,97
VL-down,sit,VL-down|sit,prep,69,1.0,0,97
VL-from,come,VL-from|come,prep,18,0.0,0,27
VL-from,come,VL-from|come,prep,21,0.0,0,27
VL-from,come,VL-from|come,prep,24,0.07407407407407407,2,27
VL-from,come,VL-from|come,prep,27,0.07407407407407407,0,27
VL-from,come,VL-from|come,prep,30,0.2962962962962963,6,27
VL-from,come,VL-from|come,prep,33,0.5185185185185185,6,27
VL-from,come,VL-from|come,prep,36,0.5185185185185185,0,27
VL-from,come,VL-from|come,prep,39,0.7037037037037037,5,27
VL-from,come,VL-from|come,prep,42,0.7037037037037037,0,27
VL-from,come,VL-from|come,prep,45,0.7777777777777778,2,27
VL-from,come,VL-from|come,prep,48,0.8148148148148148,1,27
VL-from,come,VL-from|come,prep,51,0.9259259259259259,3,27
VL-from,come,VL-from|come,prep,54,0.9629629629629629,1,27
VL-from,come,VL-from|come,prep,57,0.9629629629629629,0,27
VL-from,come,VL-from|come,prep,60,1.0,1,27
VL-from,come,VL-from|come,prep,63,1.0,0,27
VL-from,come,VL-from|come,prep,66,1.0,0,27
VL-from,come,VL-from|come,prep,69,1.0,0,27
VL-in,come,VL-in|come,prep,18,0.013333333333333334,1,75
VL-in,come,VL-in|come,prep,21,0.02666666666666667,1,75
VL-in,come,VL-in|come,prep,24,0.08,4,75
VL-in,come,VL-in|come,prep,27,0.09333333333333334,1,75
VL-in,come,VL-in|come,prep,30,0.18666666666666668,7,75
VL-in,come,VL-in|come,prep,33,0.30666666666666664,9,75
VL-in,come,VL-in|come,prep,36,0.4266666666666667,9,75
VL-in,come,VL-in|come,prep,39,0.56,10,75
VL-in,come,VL-in|come,prep,42,0.64,6,75
VL-in,come,VL-in|come,prep,45,0.7333333333333333,7,75
VL-in,come,VL-in|come,prep,48,0.8533333333333334,9,75
VL-in,come,VL-in|come,prep,51,0.9066666666666666,4,75
VL-in,come,VL-in|come,prep,54,0.9066666666666666,0,75
VL-in,come,VL-in|come,prep,57,0.96,4,75
VL-in,come,VL-in|come,prep,60,1.0,3,75
VL-in,come,VL-in|come,prep,63,1.0,0,75
VL-in,come,VL-in|come,prep,66,1.0,0,75
VL-in,come,VL-in|come,prep,69,1.0,0,75
VL-in,fall,VL-in|fall,prep,18,0.0,0,29
VL-in,fall,VL-in|fall,prep,21,0.20689655172413793,6,29
VL-in,fall,VL-in|fall,prep,24,0.2413793103448276,1,29
VL-in,fall,VL-in|fall,prep,27,0.27586206896551724,1,29
VL-in,fall,VL-in|fall,prep,30,0.3448275862068966,2,29
VL-in,fall,VL-in|fall,prep,33,0.3793103448275862,1,29
VL-in,fall,VL-in|fall,prep,36,0.41379310344827586,1,29
VL-in,fall,VL-in|fall,prep,39,0.5517241379310345,4,29
VL-in,fall,VL-in|fall,prep,42,0.6206896551724138,2,29
VL-in,fall,VL-in|fall,prep,45,0.8275862068965517,6,29
VL-in,fall,VL-in|fall,prep,48,0.9310344827586207,3,29
VL-in,fall,VL-in|fall,prep,51,0.9655172413793104,1,29
VL-in,fall,VL-in|fall,prep,54,1.0,1,29
VL-in,fall,VL-in|fall,prep,57,1.0,0,29
VL-in,fall,VL-in|fall,prep,60,1.0,0,29
VL-in,fall,VL-in|fall,prep,63,1.0,0,29
VL-in,fall,VL-in|fall,prep,66,1.0,0,29
VL-in,fall,VL-in|fall,prep,69,1.0,0,29
VL-in,get,VL-in|get,prep,18,0.011904761904761904,1,84
VL-in,get,VL-in|get,prep,21,0.011904761904761904,0,84
VL-in,get,VL-in|get,prep,24,0.047619047619047616,3,84
VL-in,get,VL-in|get,prep,27,0.10714285714285714,5,84
VL-in,get,VL-in|get,prep,30,0.25,12,84
VL-in,get,VL-in|get,prep,33,0.2976190476190476,4,84
VL-in,get,VL-in|get,prep,36,0.40476190476190477,9,84
VL-in,get,VL-in|get,prep,39,0.5714285714285714,14,84
VL-in,get,VL-in|get,prep,42,0.6309523809523809,5,84
VL-in,get,VL-in|get,prep,45,0.75,10,84
VL-in,get,VL-in|get,prep,48,0.8333333333333334,7,84
VL-in,get,VL-in|get,prep,51,0.9404761904761905,9,84
VL-in,get,VL-in|get,prep,54,0.9761904761904762,3,84
VL-in,get,VL-in|get,prep,57,0.9880952380952381,1,84
VL-in,get,VL-in|get,prep,60,1.0,1,84
VL-in,get,VL-in|get,prep,63,1.0,0,84
VL-in,get,VL-in|get,prep,66,1.0,0,84
VL-in,get,VL-in|get,prep,69,1.0,0,84
VL-in,go,VL-in|go,prep,18,0.008130081300813009,2,246
VL-in,go,VL-in|go,prep,21,0.052845528455284556,11,246
VL-in,go,VL-in|go,prep,24,0.13008130081300814,19,246
VL-in,go,VL-in|go,prep,27,0.17886178861788618,12,246
VL-in,go,VL-in|go,prep,30,0.2967479674796748,29,246
VL-in,go,VL-in|go,prep,33,0.36585365853658536,17,246
VL-in,go,VL-in|go,prep,36,0.43089430894308944,16,246
VL-in,go,VL-in|go,prep,39,0.556910569105691,31,246
VL-in,go,VL-in|go,prep,42,0.6544715447154471,24,246
VL-in,go,VL-in|go,prep,45,0.7520325203252033,24,246
VL-in,go,VL-in|go,prep,48,0.8495934959349594,24,246
VL-in,go,VL-in|go,prep,51,0.926829268292683,19,246
VL-in,go,VL-in|go,prep,54,0.959349593495935,8,246
VL-in,go,VL-in|go,prep,57,0.9959349593495935,9,246
VL-in,go,VL-in|go,prep,60,1.0,1,246
VL-in,go,VL-in|go,prep,63,1.0,0,246
VL-in,go,VL-in|go,prep,66,1.0,0,246
VL-in,go,VL-in|go,prep,69,1.0,0,246
VL-in,jump,VL-in|jump,prep,18,0.0,0,19
VL-in,jump,VL-in|jump,prep,21,0.0,0,19
VL-in,jump,VL-in|jump,prep,24,0.2631578947368421,5,19
VL-in,jump,VL-in|jump,prep,27,0.2631578947368421,0,19
VL-in,jump,VL-in|jump,prep,30,0.3157894736842105,1,19
VL-in,jump,VL-in|jump,prep,33,0.3684210526315789,1,19
VL-in,jump,VL-in|jump,prep,36,0.47368421052631576,2,19
VL-in,jump,VL-in|jump,prep,39,0.5263157894736842,1,19
VL-in,jump,VL-in|jump,prep,42,0.5263157894736842,0,19
VL-in,jump,VL-in|jump,prep,45,0.6842105263157895,3,19
VL-in,jump,VL-in|jump,prep,48,0.7894736842105263,2,19
VL-in,jump,VL-in|jump,prep,51,0.9473684210526315,3,19
VL-in,jump,VL-in|jump,prep,54,1.0,1,19
VL-in,jump,VL-in|jump,prep,57,1.0,0,19
VL-in,jump,VL-in|jump,prep,60,1.0,0,19
VL-in,jump,VL-in|jump,prep,63,1.0,0,19
VL-in,jump,VL-in|jump,prep,66,1.0,0,19
VL-in,jump,VL-in|jump,prep,69,1.0,0,19
VL-in,put,VL-in|put,prep,18,0.014705882352941176,1,68
VL-in,put,VL-in|put,prep,21,0.3088235294117647,20,68
VL-in,put,VL-in|put,prep,24,0.3235294117647059,1,68
VL-in,put,VL-in|put,prep,27,0.39705882352941174,5,68
VL-in,put,VL-in|put,prep,30,0.5588235294117647,11,68
VL-in,put,VL-in|put,prep,33,0.6470588235294118,6,68
VL-in,put,VL-in|put,prep,36,0.7794117647058824,9,68
VL-in,put,VL-in|put,prep,39,0.7941176470588235,1,68
VL-in,put,VL-in|put,prep,42,0.8235294117647058,2,68
VL-in,put,VL-in|put,prep,45,0.9411764705882353,8,68
VL-in,put,VL-in|put,prep,48,0.9705882352941176,2,68
VL-in,put,VL-in|put,prep,51,0.9852941176470589,1,68
VL-in,put,VL-in|put,prep,54,0.9852941176470589,0,68
VL-in,put,VL-in|put,prep,57,1.0,1,68
VL-in,put,VL-in|put,prep,60,1.0,0,68
VL-in,put,VL-in|put,prep,63,1.0,0,68
VL-in,put,VL-in|put,prep,66,1.0,0,68
VL-in,put,VL-in|put,prep,69,1.0,0,68
VL-in,sit,VL-in|sit,prep,18,0.0,0,50
VL-in,sit,VL-in|sit,prep,21,0.12,6,50
VL-in,sit,VL-in|sit,prep,24,0.32,10,50
VL-in,sit,VL-in|sit,prep,27,0.44,6,50
VL-in,sit,VL-in|sit,prep,30,0.46,1,50
VL-in,sit,VL-in|sit,prep,33,0.56,5,50
VL-in,sit,VL-in|sit,prep,36,0.62,3,50
VL-in,sit,VL-in|sit,prep,39,0.66,2,50
VL-in,sit,VL-in|sit,prep,42,0.72,3,50
VL-in,sit,VL-in|sit,prep,45,0.74,1,50
VL-in,sit,VL-in|sit,prep,48,0.82,4,50
VL-in,sit,VL-in|sit,prep,51,0.88,3,50
VL-in,sit,VL-in|sit,prep,54,0.9,1,50
VL-in,sit,VL-in|sit,prep,57,0.92,1,50
VL-in,sit,VL-in|sit,prep,60,1.0,4,50
VL-in,sit,VL-in|sit,prep,63,1.0,0,50
VL-in,sit,VL-in|sit,prep,66,1.0,0,50
VL-in,sit,VL-in|sit,prep,69,1.0,0,50
VL-in,swim,VL-in|swim,prep,18,0.0,0,8
VL-in,swim,VL-in|swim,prep,21,0.0,0,8
VL-in,swim,VL-in|swim,prep,24,0.25,2,8
VL-in,swim,VL-in|swim,prep,27,0.25,0,8
VL-in,swim,VL-in|swim,prep,30,0.25,0,8
VL-in,swim,VL-in|swim,prep,33,0.375,1,8
VL-in,swim,VL-in|swim,prep,36,0.5,1,8
VL-in,swim,VL-in|swim,prep,39,0.5,0,8
VL-in,swim,VL-in|swim,prep,42,0.5,0,8
VL-in,swim,VL-in|swim,prep,45,0.5,0,8
VL-in,swim,VL-in|swim,prep,48,0.625,1,8
VL-in,swim,VL-in|swim,prep,51,0.75,1,8
VL-in,swim,VL-in|swim,prep,54,0.875,1,8
VL-in,swim,VL-in|swim,prep,57,1.0,1,8
VL-in,swim,VL-in|swim,prep,60,1.0,0,8
VL-in,swim,VL-in|swim,prep,63,1.0,0,8
VL-in,swim,VL-in|swim,prep,66,1.0,0,8
VL-in,swim,VL-in|swim,prep,69,1.0,0,8
VL-inside,go,VL-inside|go,prep,18,0.0,0,1
VL-inside,go,VL-inside|go,prep,21,0.0,0,1
VL-inside,go,VL-inside|go,prep,24,0.0,0,1
VL-inside,go,VL-inside|go,prep,27,0.0,0,1
VL-inside,go,VL-inside|go,prep,30,0.0,0,1
VL-inside,go,VL-inside|go,prep,33,0.0,0,1
VL-inside,go,VL-inside|go,prep,36,0.0,0,1
VL-inside,go,VL-inside|go,prep,39,1.0,1,1
VL-inside,go,VL-inside|go,prep,42,1.0,0,1
VL-inside,go,VL-inside|go,prep,45,1.0,0,1
VL-inside,go,VL-inside|go,prep,48,1.0,0,1
VL-inside,go,VL-inside|go,prep,51,1.0,0,1
VL-inside,go,VL-inside|go,prep,54,1.0,0,1
VL-inside,go,VL-inside|go,prep,57,1.0,0,1
VL-inside,go,VL-inside|go,prep,60,1.0,0,1
VL-inside,go,VL-inside|go,prep,63,1.0,0,1
VL-inside,go,VL-inside|go,prep,66,1.0,0,1
VL-inside,go,VL-inside|go,prep,69,1.0,0,1
VL-inside,say,VL-inside|say,prep,18,0.0,0,1
VL-inside,say,VL-inside|say,prep,21,0.0,0,1
VL-inside,say,VL-inside|say,prep,24,0.0,0,1
VL-inside,say,VL-inside|say,prep,27,0.0,0,1
VL-inside,say,VL-inside|say,prep,30,0.0,0,1
VL-inside,say,VL-inside|say,prep,33,0.0,0,1
VL-inside,say,VL-inside|say,prep,36,0.0,0,1
VL-inside,say,VL-inside|say,prep,39,0.0,0,1
VL-inside,say,VL-inside|say,prep,42,0.0,0,1
VL-inside,say,VL-inside|say,prep,45,0.0,0,1
VL-inside,say,VL-inside|say,prep,48,0.0,0,1
VL-inside,say,VL-inside|say,prep,51,0.0,0,1
VL-inside,say,VL-inside|say,prep,54,0.0,0,1
VL-inside,say,VL-inside|say,prep,57,0.0,0,1
VL-inside,say,VL-inside|say,prep,60,1.0,1,1
VL-inside,say,VL-inside|say,prep,63,1.0,0,1
VL-inside,say,VL-inside|say,prep,66,1.0,0,1
VL-inside,say,VL-inside|say,prep,69,1.0,0,1
VL-inside,tidy,VL-inside|tidy,prep,18,0.0,0,1
VL-inside,tidy,VL-inside|tidy,prep,21,0.0,0,1
VL-inside,tidy,VL-inside|tidy,prep,24,0.0,0,1
VL-inside,tidy,VL-inside|tidy,prep,27,0.0,0,1
VL-inside,tidy,VL-inside|tidy,prep,30,0.0,0,1
VL-inside,tidy,VL-inside|tidy,prep,33,0.0,0,1
VL-inside,tidy,VL-inside|tidy,prep,36,0.0,0,1
VL-inside,tidy,VL-inside|tidy,prep,39,0.0,0,1
VL-inside,tidy,VL-inside|tidy,prep,42,0.0,0,1
VL-inside,tidy,VL-inside|tidy,prep,45,0.0,0,1
VL-inside,tidy,VL-inside|tidy,prep,48,1.0,1,1
VL-inside,tidy,VL-inside|tidy,prep,51,1.0,0,1
VL-inside,tidy,VL-inside|tidy,prep,54,1.0,0,1
VL-inside,tidy,VL-inside|tidy,prep,57,1.0,0,1
VL-inside,tidy,VL-inside|tidy,prep,60,1.0,0,1
VL-inside,tidy,VL-inside|tidy,prep,63,1.0,0,1
VL-inside,tidy,VL-inside|tidy,prep,66,1.0,0,1
VL-inside,tidy,VL-inside|tidy,prep,69,1.0,0,1
VL-into,go,VL-into|go,prep,18,0.0,0,31
VL-into,go,VL-into|go,prep,21,0.03225806451612903,1,31
VL-into,go,VL-into|go,prep,24,0.06451612903225806,1,31
VL-into,go,VL-into|go,prep,27,0.06451612903225806,0,31
VL-into,go,VL-into|go,prep,30,0.0967741935483871,1,31
VL-into,go,VL-into|go,prep,33,0.16129032258064516,2,31
VL-into,go,VL-into|go,prep,36,0.16129032258064516,0,31
VL-into,go,VL-into|go,prep,39,0.41935483870967744,8,31
VL-into,go,VL-into|go,prep,42,0.4838709677419355,2,31
VL-into,go,VL-into|go,prep,45,0.5161290322580645,1,31
VL-into,go,VL-into|go,prep,48,0.7096774193548387,6,31
VL-into,go,VL-into|go,prep,51,0.8709677419354839,5,31
VL-into,go,VL-into|go,prep,54,0.9032258064516129,1,31
VL-into,go,VL-into|go,prep,57,0.967741935483871,2,31
VL-into,go,VL-into|go,prep,60,1.0,1,31
VL-into,go,VL-into|go,prep,63,1.0,0,31
VL-into,go,VL-into|go,prep,66,1.0,0,31
VL-into,go,VL-into|go,prep,69,1.0,0,31
VL-near,come,VL-near|come,prep,18,0.0,0,4
VL-near,come,VL-near|come,prep,21,0.0,0,4
VL-near,come,VL-near|come,prep,24,0.0,0,4
VL-near,come,VL-near|come,prep,27,0.0,0,4
VL-near,come,VL-near|come,prep,30,0.0,0,4
VL-near,come,VL-near|come,prep,33,0.0,0,4
VL-near,come,VL-near|come,prep,36,0.0,0,4
VL-near,come,VL-near|come,prep,39,0.0,0,4
VL-near,come,VL-near|come,prep,42,0.0,0,4
VL-near,come,VL-near|come,prep,45,0.25,1,4
VL-near,come,VL-near|come,prep,48,0.5,1,4
VL-near,come,VL-near|come,prep,51,0.75,1,4
VL-near,come,VL-near|come,prep,54,0.75,0,4
VL-near,come,VL-near|come,prep,57,0.75,0,4
VL-near,come,VL-near|come,prep,60,1.0,1,4
VL-near,come,VL-near|come,prep,63,1.0,0,4
VL-near,come,VL-near|come,prep,66,1.0,0,4
VL-near,come,VL-near|come,prep,69,1.0,0,4
VL-near,fall,VL-near|fall,prep,18,0.0,0,1
VL-near,fall,VL-near|fall,prep,21,0.0,0,1
VL-near,fall,VL-near|fall,prep,24,0.0,0,1
VL-near,fall,VL-near|fall,prep,27,0.0,0,1
VL-near,fall,VL-near|fall,prep,30,0.0,0,1
VL-near,fall,VL-near|fall,prep,33,0.0,0,1
VL-near,fall,VL-near|fall,prep,36,1.0,1,1
VL-near,fall,VL-near|fall,prep,39,1.0,0,1
VL-near,fall,VL-near|fall,prep,42,1.0,0,1
VL-near,fall,VL-near|fall,prep,45,1.0,0,1
VL-near,fall,VL-near|fall,prep,48,1.0,0,1
VL-near,fall,VL-near|fall,prep,51,1.0,0,1
VL-near,fall,VL-near|fall,prep,54,1.0,0,1
VL-near,fall,VL-near|fall,prep,57,1.0,0,1
VL-near,fall,VL-near|fall,prep,60,1.0,0,1
VL-near,fall,VL-near|fall,prep,63,1.0,0,1
VL-near,fall,VL-near|fall,prep,66,1.0,0,1
VL-near,fall,VL-near|fall,prep,69,1.0,0,1
VL-near,go,VL-near|go,prep,18,0.0,0,2
VL-near,go,VL-near|go,prep,21,0.0,0,2
VL-near,go,VL-near|go,prep,24,0.0,0,2
VL-near,go,VL-near|go,prep,27,0.0,0,2
VL-near,go,VL-near|go,prep,30,0.0,0,2
VL-near,go,VL-near|go,prep,33,0.0,0,2
VL-near,go,VL-near|go,prep,36,0.5,1,2
VL-near,go,VL-near|go,prep,39,0.5,0,2
VL-near,go,VL-near|go,prep,42,0.5,0,2
VL-near,go,VL-near|go,prep,45,0.5,0,2
VL-near,go,VL-near|go,prep,48,0.5,0,2
VL-near,go,VL-near|go,prep,51,0.5,0,2
VL-near,go,VL-near|go,prep,54,0.5,0,2
VL-near,go,VL-near|go,prep,57,1.0,1,2
VL-near,go,VL-near|go,prep,60,1.0,0,2
VL-near,go,VL-near|go,prep,63,1.0,0,2
VL-near,go,VL-near|go,prep,66,1.0,0,2
VL-near,go,VL-near|go,prep,69,1.0,0,2
VL-near,throw,VL-near|throw,prep,18,0.0,0,1
VL-near,throw,VL-near|throw,prep,21,0.0,0,1
VL-near,throw,VL-near|throw,prep,24,0.0,0,1
VL-near,throw,VL-near|throw,prep,27,0.0,0,1
VL-near,throw,VL-near|throw,prep,30,0.0,0,1
VL-near,throw,VL-near|throw,prep,33,1.0,1,1
VL-near,throw,VL-near|throw,prep,36,1.0,0,1
VL-near,throw,VL-near|throw,prep,39,1.0,0,1
VL-near,throw,VL-near|throw,prep,42,1.0,0,1
VL-near,throw,VL-near|throw,prep,45,1.0,0,1
VL-near,throw,VL-near|throw,prep,48,1.0,0,1
VL-near,throw,VL-near|throw,prep,51,1.0,0,1
VL-near,throw,VL-near|throw,prep,54,1.0,0,1
VL-near,throw,VL-near|throw,prep,57,1.0,0,1
VL-near,throw,VL-near|throw,prep,60,1.0,0,1
VL-near,throw,VL-near|throw,prep,63,1.0,0,1
VL-near,throw,VL-near|throw,prep,66,1.0,0,1
VL-near,throw,VL-near|throw,prep,69,1.0,0,1
VL-off,break,VL-off|break,prep,18,0.0,0,10
VL-off,break,VL-off|break,prep,21,0.0,0,10
VL-off,break,VL-off|break,prep,24,0.5,5,10
VL-off,break,VL-off|break,prep,27,0.5,0,10
VL-off,break,VL-off|break,prep,30,0.5,0,10
VL-off,break,VL-off|break,prep,33,0.5,0,10
VL-off,break,VL-off|break,prep,36,0.5,0,10
VL-off,break,VL-off|break,prep,39,0.5,0,10
VL-off,break,VL-off|break,prep,42,0.7,2,10
VL-off,break,VL-off|break,prep,45,1.0,3,10
VL-off,break,VL-off|break,prep,48,1.0,0,10
VL-off,break,VL-off|break,prep,51,1.0,0,10
VL-off,break,VL-off|break,prep,54,1.0,0,10
VL-off,break,VL-off|break,prep,57,1.0,0,10
VL-off,break,VL-off|break,prep,60,1.0,0,10
VL-off,break,VL-off|break,prep,63,1.0,0,10
VL-off,break,VL-off|break,prep,66,1.0,0,10
VL-off,break,VL-off|break,prep,69,1.0,0,10
VL-off,come,VL-off|come,prep,18,0.014492753623188406,1,69
VL-off,come,VL-off|come,prep,21,0.014492753623188406,0,69
VL-off,come,VL-off|come,prep,24,0.043478260869565216,2,69
VL-off,come,VL-off|come,prep,27,0.057971014492753624,1,69
VL-off,come,VL-off|come,prep,30,0.15942028985507245,7,69
VL-off,come,VL-off|come,prep,33,0.18840579710144928,2,69
VL-off,come,VL-off|come,prep,36,0.2463768115942029,4,69
VL-off,come,VL-off|come,prep,39,0.42028985507246375,12,69
VL-off,come,VL-off|come,prep,42,0.5217391304347826,7,69
VL-off,come,VL-off|come,prep,45,0.5942028985507246,5,69
VL-off,come,VL-off|come,prep,48,0.8405797101449275,17,69
VL-off,come,VL-off|come,prep,51,0.8840579710144928,3,69
VL-off,come,VL-off|come,prep,54,0.927536231884058,3,69
VL-off,come,VL-off|come,prep,57,0.9710144927536232,3,69
VL-off,come,VL-off|come,prep,60,1.0,2,69
VL-off,come,VL-off|come,prep,63,1.0,0,69
VL-off,come,VL-off|come,prep,66,1.0,0,69
VL-off,come,VL-off|come,prep,69,1.0,0,69
VL-off,fall,VL-off|fall,prep,18,0.0,0,82
VL-off,fall,VL-off|fall,prep,21,0.024390243902439025,2,82
VL-off,fall,VL-off|fall,prep,24,0.036585365853658534,1,82
VL-off,fall,VL-off|fall,prep,27,0.04878048780487805,1,82
VL-off,fall,VL-off|fall,prep,30,0.10975609756097561,5,82
VL-off,fall,VL-off|fall,prep,33,0.12195121951219512,1,82
VL-off,fall,VL-off|fall,prep,36,0.17073170731707318,4,82
VL-off,fall,VL-off|fall,prep,39,0.2682926829268293,8,82
VL-off,fall,VL-off|fall,prep,42,0.3902439024390244,10,82
VL-off,fall,VL-off|fall,prep,45,0.6463414634146342,21,82
VL-off,fall,VL-off|fall,prep,48,0.6951219512195121,4,82
VL-off,fall,VL-off|fall,prep,51,0.7682926829268293,6,82
VL-off,fall,VL-off|fall,prep,54,0.8048780487804879,3,82
VL-off,fall,VL-off|fall,prep,57,0.9146341463414634,9,82
VL-off,fall,VL-off|fall,prep,60,1.0,7,82
VL-off,fall,VL-off|fall,prep,63,1.0,0,82
VL-off,fall,VL-off|fall,prep,66,1.0,0,82
VL-off,fall,VL-off|fall,prep,69,1.0,0,82
VL-off,get,VL-off|get,prep,18,0.028985507246376812,2,69
VL-off,get,VL-off|get,prep,21,0.057971014492753624,2,69
VL-off,get,VL-off|get,prep,24,0.11594202898550725,4,69
VL-off,get,VL-off|get,prep,27,0.17391304347826086,4,69
VL-off,get,VL-off|get,prep,30,0.2608695652173913,6,69
VL-off,get,VL-off|get,prep,33,0.3333333333333333,5,69
VL-off,get,VL-off|get,prep,36,0.42028985507246375,6,69
VL-off,get,VL-off|get,prep,39,0.4927536231884058,5,69
VL-off,get,VL-off|get,prep,42,0.6231884057971014,9,69
VL-off,get,VL-off|get,prep,45,0.6811594202898551,4,69
VL-off,get,VL-off|get,prep,48,0.7391304347826086,4,69
VL-off,get,VL-off|get,prep,51,0.8405797101449275,7,69
VL-off,get,VL-off|get,prep,54,0.8840579710144928,3,69
VL-off,get,VL-off|get,prep,57,0.9855072463768116,7,69
VL-off,get,VL-off|get,prep,60,1.0,1,69
VL-off,get,VL-off|get,prep,63,1.0,0,69
VL-off,get,VL-off|get,prep,66,1.0,0,69
VL-off,get,VL-off|get,prep,69,1.0,0,69
VL-off,go,VL-off|go,prep,18,0.0,0,16
VL-off,go,VL-off|go,prep,21,0.0,0,16
VL-off,go,VL-off|go,prep,24,0.125,2,16
VL-off,go,VL-off|go,prep,27,0.1875,1,16
VL-off,go,VL-off|go,prep,30,0.1875,0,16
VL-off,go,VL-off|go,prep,33,0.1875,0,16
VL-off,go,VL-off|go,prep,36,0.5,5,16
VL-off,go,VL-off|go,prep,39,0.5625,1,16
VL-off,go,VL-off|go,prep,42,0.6875,2,16
VL-off,go,VL-off|go,prep,45,0.75,1,16
VL-off,go,VL-off|go,prep,48,0.8125,1,16
VL-off,go,VL-off|go,prep,51,0.8125,0,16
VL-off,go,VL-off|go,prep,54,0.9375,2,16
VL-off,go,VL-off|go,prep,57,1.0,1,16
VL-off,go,VL-off|go,prep,60,1.0,0,16
VL-off,go,VL-off|go,prep,63,1.0,0,16
VL-off,go,VL-off|go,prep,66,1.0,0,16
VL-off,go,VL-off|go,prep,69,1.0,0,16
VL-off,take,VL-off|take,prep,18,0.027777777777777776,1,36
VL-off,take,VL-off|take,prep,21,0.08333333333333333,2,36
VL-off,take,VL-off|take,prep,24,0.08333333333333333,0,36
VL-off,take,VL-off|take,prep,27,0.2777777777777778,7,36
VL-off,take,VL-off|take,prep,30,0.4444444444444444,6,36
VL-off,take,VL-off|take,prep,33,0.5833333333333334,5,36
VL-off,take,VL-off|take,prep,36,0.7222222222222222,5,36
VL-off,take,VL-off|take,prep,39,0.8611111111111112,5,36
VL-off,take,VL-off|take,prep,42,0.8611111111111112,0,36
VL-off,take,VL-off|take,prep,45,0.8611111111111112,0,36
VL-off,take,VL-off|take,prep,48,0.8611111111111112,0,36
VL-off,take,VL-off|take,prep,51,0.8888888888888888,1,36
VL-off,take,VL-off|take,prep,54,0.8888888888888888,0,36
VL-off,take,VL-off|take,prep,57,0.9444444444444444,2,36
VL-off,take,VL-off|take,prep,60,1.0,2,36
VL-off,take,VL-off|take,prep,63,1.0,0,36
VL-off,take,VL-off|take,prep,66,1.0,0,36
VL-off,take,VL-off|take,prep,69,1.0,0,36
VL-on,come,VL-on|come,prep,18,0.005555555555555556,1,180
VL-on,come,VL-on|come,prep,21,0.05,8,180
VL-on,come,VL-on|come,prep,24,0.19444444444444445,26,180
VL-on,come,VL-on|come,prep,27,0.2833333333333333,16,180
VL-on,come,VL-on|come,prep,30,0.4388888888888889,28,180
VL-on,come,VL-on|come,prep,33,0.5277777777777778,16,180
VL-on,come,VL-on|come,prep,36,0.5777777777777777,9,180
VL-on,come,VL-on|come,prep,39,0.7,22,180
VL-on,come,VL-on|come,prep,42,0.7944444444444444,17,180
VL-on,come,VL-on|come,prep,45,0.8388888888888889,8,180
VL-on,come,VL-on|come,prep,48,0.8833333333333333,8,180
VL-on,come,VL-on|come,prep,51,0.9111111111111111,5,180
VL-on,come,VL-on|come,prep,54,0.9277777777777778,3,180
VL-on,come,VL-on|come,prep,57,0.9777777777777777,9,180
VL-on,come,VL-on|come,prep,60,1.0,4,180
VL-on,come,VL-on|come,prep,63,1.0,0,180
VL-on,come,VL-on|come,prep,66,1.0,0,180
VL-on,come,VL-on|come,prep,69,1.0,0,180
VL-on,go,VL-on|go,prep,18,0.007407407407407408,2,270
VL-on,go,VL-on|go,prep,21,0.040740740740740744,9,270
VL-on,go,VL-on|go,prep,24,0.12962962962962962,24,270
VL-on,go,VL-on|go,prep,27,0.17037037037037037,11,270
VL-on,go,VL-on|go,prep,30,0.26296296296296295,25,270
VL-on,go,VL-on|go,prep,33,0.36666666666666664,28,270
VL-on,go,VL-on|go,prep,36,0.4925925925925926,34,270
VL-on,go,VL-on|go,prep,39,0.6259259259259259,36,270
VL-on,go,VL-on|go,prep,42,0.7111111111111111,23,270
VL-on,go,VL-on|go,prep,45,0.7666666666666667,15,270
VL-on,go,VL-on|go,prep,48,0.8296296296296296,17,270
VL-on,go,VL-on|go,prep,51,0.8666666666666667,10,270
VL-on,go,VL-on|go,prep,54,0.9037037037037037,10,270
VL-on,go,VL-on|go,prep,57,0.9851851851851852,22,270
VL-on,go,VL-on|go,prep,60,1.0,4,270
VL-on,go,VL-on|go,prep,63,1.0,0,270
VL-on,go,VL-on|go,prep,66,1.0,0,270
VL-on,go,VL-on|go,prep,69,1.0,0,270
VL-on,hang,VL-on|hang,prep,18,0.2857142857142857,2,7
VL-on,hang,VL-on|hang,prep,21,0.42857142857142855,1,7
VL-on,hang,VL-on|hang,prep,24,0.42857142857142855,0,7
VL-on,hang,VL-on|hang,prep,27,0.42857142857142855,0,7
VL-on,hang,VL-on|hang,prep,30,0.42857142857142855,0,7
VL-on,hang,VL-on|hang,prep,33,0.5714285714285714,1,7
VL-on,hang,VL-on|hang,prep,36,0.7142857142857143,1,7
VL-on,hang,VL-on|hang,prep,39,0.8571428571428571,1,7
VL-on,hang,VL-on|hang,prep,42,0.8571428571428571,0,7
VL-on,hang,VL-on|hang,prep,45,0.8571428571428571,0,7
VL-on,hang,VL-on|hang,prep,48,0.8571428571428571,0,7
VL-on,hang,VL-on|hang,prep,51,0.8571428571428571,0,7
VL-on,hang,VL-on|hang,prep,54,0.8571428571428571,0,7
VL-on,hang,VL-on|hang,prep,57,1.0,1,7
VL-on,hang,VL-on|hang,prep,60,1.0,0,7
VL-on,hang,VL-on|hang,prep,63,1.0,0,7
VL-on,hang,VL-on|hang,prep,66,1.0,0,7
VL-on,hang,VL-on|hang,prep,69,1.0,0,7
VL-on,jump,VL-on|jump,prep,18,0.10526315789473684,2,19
VL-on,jump,VL-on|jump,prep,21,0.15789473684210525,1,19
VL-on,jump,VL-on|jump,prep,24,0.21052631578947367,1,19
VL-on,jump,VL-on|jump,prep,27,0.42105263157894735,4,19
VL-on,jump,VL-on|jump,prep,30,0.631578947368421,4,19
VL-on,jump,VL-on|jump,prep,33,0.631578947368421,0,19
VL-on,jump,VL-on|jump,prep,36,0.631578947368421,0,19
VL-on,jump,VL-on|jump,prep,39,0.7894736842105263,3,19
VL-on,jump,VL-on|jump,prep,42,0.7894736842105263,0,19
VL-on,jump,VL-on|jump,prep,45,0.8947368421052632,2,19
VL-on,jump,VL-on|jump,prep,48,0.9473684210526315,1,19
VL-on,jump,VL-on|jump,prep,51,0.9473684210526315,0,19
VL-on,jump,VL-on|jump,prep,54,1.0,1,19
VL-on,jump,VL-on|jump,prep,57,1.0,0,19
VL-on,jump,VL-on|jump,prep,60,1.0,0,19
VL-on,jump,VL-on|jump,prep,63,1.0,0,19
VL-on,jump,VL-on|jump,prep,66,1.0,0,19
VL-on,jump,VL-on|jump,prep,69,1.0,0,19
VL-on,sit,VL-on|sit,prep,18,0.016,2,125
VL-on,sit,VL-on|sit,prep,21,0.08,8,125
VL-on,sit,VL-on|sit,prep,24,0.168,11,125
VL-on,sit,VL-on|sit,prep,27,0.232,8,125
VL-on,sit,VL-on|sit,prep,30,0.32,11,125
VL-on,sit,VL-on|sit,prep,33,0.424,13,125
VL-on,sit,VL-on|sit,prep,36,0.592,21,125
VL-on,sit,VL-on|sit,prep,39,0.696,13,125
VL-on,sit,VL-on|sit,prep,42,0.784,11,125
VL-on,sit,VL-on|sit,prep,45,0.832,6,125
VL-on,sit,VL-on|sit,prep,48,0.896,8,125
VL-on,sit,VL-on|sit,prep,51,0.912,2,125
VL-on,sit,VL-on|sit,prep,54,0.96,6,125
VL-on,sit,VL-on|sit,prep,57,1.0,5,125
VL-on,sit,VL-on|sit,prep,60,1.0,0,125
VL-on,sit,VL-on|sit,prep,63,1.0,0,125
VL-on,sit,VL-on|sit,prep,66,1.0,0,125
VL-on,sit,VL-on|sit,prep,69,1.0,0,125
VL-on,stand,VL-on|stand,prep,18,0.0,0,22
VL-on,stand,VL-on|stand,prep,21,0.0,0,22
VL-on,stand,VL-on|stand,prep,24,0.045454545454545456,1,22
VL-on,stand,VL-on|stand,prep,27,0.09090909090909091,1,22
VL-on,stand,VL-on|stand,prep,30,0.13636363636363635,1,22
VL-on,stand,VL-on|stand,prep,33,0.2727272727272727,3,22
VL-on,stand,VL-on|stand,prep,36,0.2727272727272727,0,22
VL-on,stand,VL-on|stand,prep,39,0.4090909090909091,3,22
VL-on,stand,VL-on|stand,prep,42,0.6363636363636364,5,22
VL-on,stand,VL-on|stand,prep,45,0.7272727272727273,2,22
VL-on,stand,VL-on|stand,prep,48,0.8181818181818182,2,22
VL-on,stand,VL-on|stand,prep,51,0.8181818181818182,0,22
VL-on,stand,VL-on|stand,prep,54,0.8181818181818182,0,22
VL-on,stand,VL-on|stand,prep,57,1.0,4,22
VL-on,stand,VL-on|stand,prep,60,1.0,0,22
VL-on,stand,VL-on|stand,prep,63,1.0,0,22
VL-on,stand,VL-on|stand,prep,66,1.0,0,22
VL-on,stand,VL-on|stand,prep,69,1.0,0,22
VL-on,walk,VL-on|walk,prep,18,0.0,0,16
VL-on,walk,VL-on|walk,prep,21,0.0,0,16
VL-on,walk,VL-on|walk,prep,24,0.0,0,16
VL-on,walk,VL-on|walk,prep,27,0.125,2,16
VL-on,walk,VL-on|walk,prep,30,0.1875,1,16
VL-on,walk,VL-on|walk,prep,33,0.1875,0,16
VL-on,walk,VL-on|walk,prep,36,0.5625,6,16
VL-on,walk,VL-on|walk,prep,39,0.5625,0,16
VL-on,walk,VL-on|walk,prep,42,0.625,1,16
VL-on,walk,VL-on|walk,prep,45,0.625,0,16
VL-on,walk,VL-on|walk,prep,48,0.75,2,16
VL-on,walk,VL-on|walk,prep,51,0.75,0,16
VL-on,walk,VL-on|walk,prep,54,0.875,2,16
VL-on,walk,VL-on|walk,prep,57,0.9375,1,16
VL-on,walk,VL-on|walk,prep,60,1.0,1,16
VL-on,walk,VL-on|walk,prep,63,1.0,0,16
VL-on,walk,VL-on|walk,prep,66,1.0,0,16
VL-on,walk,VL-on|walk,prep,69,1.0,0,16
VL-on,write,VL-on|write,prep,18,0.0,0,55
VL-on,write,VL-on|write,prep,21,0.10909090909090909,6,55
VL-on,write,VL-on|write,prep,24,0.2727272727272727,9,55
VL-on,write,VL-on|write,prep,27,0.3090909090909091,2,55
VL-on,write,VL-on|write,prep,30,0.4,5,55
VL-on,write,VL-on|write,prep,33,0.4909090909090909,5,55
VL-on,write,VL-on|write,prep,36,0.6,6,55
VL-on,write,VL-on|write,prep,39,0.6909090909090909,5,55
VL-on,write,VL-on|write,prep,42,0.7636363636363637,4,55
VL-on,write,VL-on|write,prep,45,0.7818181818181819,1,55
VL-on,write,VL-on|write,prep,48,0.7818181818181819,0,55
VL-on,write,VL-on|write,prep,51,0.8727272727272727,5,55
VL-on,write,VL-on|write,prep,54,0.9090909090909091,2,55
VL-on,write,VL-on|write,prep,57,0.9454545454545454,2,55
VL-on,write,VL-on|write,prep,60,1.0,3,55
VL-on,write,VL-on|write,prep,63,1.0,0,55
VL-on,write,VL-on|write,prep,66,1.0,0,55
VL-on,write,VL-on|write,prep,69,1.0,0,55
VL-outside,look,VL-outside|look,prep,18,0.0,0,1
VL-outside,look,VL-outside|look,prep,21,0.0,0,1
VL-outside,look,VL-outside|look,prep,24,0.0,0,1
VL-outside,look,VL-outside|look,prep,27,0.0,0,1
VL-outside,look,VL-outside|look,prep,30,0.0,0,1
VL-outside,look,VL-outside|look,prep,33,0.0,0,1
VL-outside,look,VL-outside|look,prep,36,0.0,0,1
VL-outside,look,VL-outside|look,prep,39,0.0,0,1
VL-outside,look,VL-outside|look,prep,42,0.0,0,1
VL-outside,look,VL-outside|look,prep,45,0.0,0,1
VL-outside,look,VL-outside|look,prep,48,1.0,1,1
VL-outside,look,VL-outside|look,prep,51,1.0,0,1
VL-outside,look,VL-outside|look,prep,54,1.0,0,1
VL-outside,look,VL-outside|look,prep,57,1.0,0,1
VL-outside,look,VL-outside|look,prep,60,1.0,0,1
VL-outside,look,VL-outside|look,prep,63,1.0,0,1
VL-outside,look,VL-outside|look,prep,66,1.0,0,1
VL-outside,look,VL-outside|look,prep,69,1.0,0,1
VL-over,come,VL-over|come,prep,18,0.04,1,25
VL-over,come,VL-over|come,prep,21,0.12,2,25
VL-over,come,VL-over|come,prep,24,0.12,0,25
VL-over,come,VL-over|come,prep,27,0.12,0,25
VL-over,come,VL-over|come,prep,30,0.12,0,25
VL-over,come,VL-over|come,prep,33,0.2,2,25
VL-over,come,VL-over|come,prep,36,0.2,0,25
VL-over,come,VL-over|come,prep,39,0.36,4,25
VL-over,come,VL-over|come,prep,42,0.48,3,25
VL-over,come,VL-over|come,prep,45,0.8,8,25
VL-over,come,VL-over|come,prep,48,0.8,0,25
VL-over,come,VL-over|come,prep,51,0.92,3,25
VL-over,come,VL-over|come,prep,54,0.96,1,25
VL-over,come,VL-over|come,prep,57,1.0,1,25
VL-over,come,VL-over|come,prep,60,1.0,0,25
VL-over,come,VL-over|come,prep,63,1.0,0,25
VL-over,come,VL-over|come,prep,66,1.0,0,25
VL-over,come,VL-over|come,prep,69,1.0,0,25
VL-over,get,VL-over|get,prep,18,0.0,0,17
VL-over,get,VL-over|get,prep,21,0.0,0,17
VL-over,get,VL-over|get,prep,24,0.0,0,17
VL-over,get,VL-over|get,prep,27,0.11764705882352941,2,17
VL-over,get,VL-over|get,prep,30,0.23529411764705882,2,17
VL-over,get,VL-over|get,prep,33,0.23529411764705882,0,17
VL-over,get,VL-over|get,prep,36,0.29411764705882354,1,17
VL-over,get,VL-over|get,prep,39,0.4117647058823529,2,17
VL-over,get,VL-over|get,prep,42,0.4117647058823529,0,17
VL-over,get,VL-over|get,prep,45,0.4117647058823529,0,17
VL-over,get,VL-over|get,prep,48,0.9411764705882353,9,17
VL-over,get,VL-over|get,prep,51,0.9411764705882353,0,17
VL-over,get,VL-over|get,prep,54,1.0,1,17
VL-over,get,VL-over|get,prep,57,1.0,0,17
VL-over,get,VL-over|get,prep,60,1.0,0,17
VL-over,get,VL-over|get,prep,63,1.0,0,17
VL-over,get,VL-over|get,prep,66,1.0,0,17
VL-over,get,VL-over|get,prep,69,1.0,0,17
VL-over,go,VL-over|go,prep,18,0.0,0,35
VL-over,go,VL-over|go,prep,21,0.0,0,35
VL-over,go,VL-over|go,prep,24,0.02857142857142857,1,35
VL-over,go,VL-over|go,prep,27,0.08571428571428572,2,35
VL-over,go,VL-over|go,prep,30,0.37142857142857144,10,35
VL-over,go,VL-over|go,prep,33,0.5428571428571428,6,35
VL-over,go,VL-over|go,prep,36,0.5714285714285714,1,35
VL-over,go,VL-over|go,prep,39,0.6,1,35
VL-over,go,VL-over|go,prep,42,0.6285714285714286,1,35
VL-over,go,VL-over|go,prep,45,0.7142857142857143,3,35
VL-over,go,VL-over|go,prep,48,0.8,3,35
VL-over,go,VL-over|go,prep,51,0.8857142857142857,3,35
VL-over,go,VL-over|go,prep,54,0.8857142857142857,0,35
VL-over,go,VL-over|go,prep,57,1.0,4,35
VL-over,go,VL-over|go,prep,60,1.0,0,35
VL-over,go,VL-over|go,prep,63,1.0,0,35
VL-over,go,VL-over|go,prep,66,1.0,0,35
VL-over,go,VL-over|go,prep,69,1.0,0,35
VL-over,jump,VL-over|jump,prep,18,0.0,0,16
VL-over,jump,VL-over|jump,prep,21,0.0,0,16
VL-over,jump,VL-over|jump,prep,24,0.0,0,16
VL-over,jump,VL-over|jump,prep,27,0.0,0,16
VL-over,jump,VL-over|jump,prep,30,0.3125,5,16
VL-over,jump,VL-over|jump,prep,33,0.375,1,16
VL-over,jump,VL-over|jump,prep,36,0.625,4,16
VL-over,jump,VL-over|jump,prep,39,0.625,0,16
VL-over,jump,VL-over|jump,prep,42,0.75,2,16
VL-over,jump,VL-over|jump,prep,45,0.875,2,16
VL-over,jump,VL-over|jump,prep,48,0.875,0,16
VL-over,jump,VL-over|jump,prep,51,0.875,0,16
VL-over,jump,VL-over|jump,prep,54,0.875,0,16
VL-over,jump,VL-over|jump,prep,57,0.9375,1,16
VL-over,jump,VL-over|jump,prep,60,1.0,1,16
VL-over,jump,VL-over|jump,prep,63,1.0,0,16
VL-over,jump,VL-over|jump,prep,66,1.0,0,16
VL-over,jump,VL-over|jump,prep,69,1.0,0,16
VL-over,sit,VL-over|sit,prep,18,0.0,0,8
VL-over,sit,VL-over|sit,prep,21,0.0,0,8
VL-over,sit,VL-over|sit,prep,24,0.0,0,8
VL-over,sit,VL-over|sit,prep,27,0.125,1,8
VL-over,sit,VL-over|sit,prep,30,0.375,2,8
VL-over,sit,VL-over|sit,prep,33,0.375,0,8
VL-over,sit,VL-over|sit,prep,36,0.375,0,8
VL-over,sit,VL-over|sit,prep,39,0.5,1,8
VL-over,sit,VL-over|sit,prep,42,0.625,1,8
VL-over,sit,VL-over|sit,prep,45,0.75,1,8
VL-over,sit,VL-over|sit,prep,48,0.875,1,8
VL-over,sit,VL-over|sit,prep,51,0.875,0,8
VL-over,sit,VL-over|sit,prep,54,0.875,0,8
VL-over,sit,VL-over|sit,prep,57,1.0,1,8
VL-over,sit,VL-over|sit,prep,60,1.0,0,8
VL-over,sit,VL-over|sit,prep,63,1.0,0,8
VL-over,sit,VL-over|sit,prep,66,1.0,0,8
VL-over,sit,VL-over|sit,prep,69,1.0,0,8
VL-over,turn,VL-over|turn,prep,18,0.0,0,28
VL-over,turn,VL-over|turn,prep,21,0.0,0,28
VL-over,turn,VL-over|turn,prep,24,0.0,0,28
VL-over,turn,VL-over|turn,prep,27,0.39285714285714285,11,28
VL-over,turn,VL-over|turn,prep,30,0.5714285714285714,5,28
VL-over,turn,VL-over|turn,prep,33,0.7857142857142857,6,28
VL-over,turn,VL-over|turn,prep,36,0.7857142857142857,0,28
VL-over,turn,VL-over|turn,prep,39,0.8928571428571429,3,28
VL-over,turn,VL-over|turn,prep,42,0.8928571428571429,0,28
VL-over,turn,VL-over|turn,prep,45,0.9285714285714286,1,28
VL-over,turn,VL-over|turn,prep,48,0.9642857142857143,1,28
VL-over,turn,VL-over|turn,prep,51,0.9642857142857143,0,28
VL-over,turn,VL-over|turn,prep,54,0.9642857142857143,0,28
VL-over,turn,VL-over|turn,prep,57,1.0,1,28
VL-over,turn,VL-over|turn,prep,60,1.0,0,28
VL-over,turn,VL-over|turn,prep,63,1.0,0,28
VL-over,turn,VL-over|turn,prep,66,1.0,0,28
VL-over,turn,VL-over|turn,prep,69,1.0,0,28
VL-through,go,VL-through|go,prep,18,0.0,0,12
VL-through,go,VL-through|go,prep,21,0.08333333333333333,1,12
VL-through,go,VL-through|go,prep,24,0.08333333333333333,0,12
VL-through,go,VL-through|go,prep,27,0.08333333333333333,0,12
VL-through,go,VL-through|go,prep,30,0.08333333333333333,0,12
VL-through,go,VL-through|go,prep,33,0.08333333333333333,0,12
VL-through,go,VL-through|go,prep,36,0.16666666666666666,1,12
VL-through,go,VL-through|go,prep,39,0.4166666666666667,3,12
VL-through,go,VL-through|go,prep,42,0.5,1,12
VL-through,go,VL-through|go,prep,45,0.5833333333333334,1,12
VL-through,go,VL-through|go,prep,48,0.5833333333333334,0,12
VL-through,go,VL-through|go,prep,51,0.6666666666666666,1,12
VL-through,go,VL-through|go,prep,54,0.75,1,12
VL-through,go,VL-through|go,prep,57,0.8333333333333334,1,12
VL-through,go,VL-through|go,prep,60,1.0,2,12
VL-through,go,VL-through|go,prep,63,1.0,0,12
VL-through,go,VL-through|go,prep,66,1.0,0,12
VL-through,go,VL-through|go,prep,69,1.0,0,12
VL-through,look,VL-through|look,prep,18,0.0,0,9
VL-through,look,VL-through|look,prep,21,0.0,0,9
VL-through,look,VL-through|look,prep,24,0.0,0,9
VL-through,look,VL-through|look,prep,27,0.1111111111111111,1,9
VL-through,look,VL-through|look,prep,30,0.1111111111111111,0,9
VL-through,look,VL-through|look,prep,33,0.2222222222222222,1,9
VL-through,look,VL-through|look,prep,36,0.4444444444444444,2,9
VL-through,look,VL-through|look,prep,39,0.4444444444444444,0,9
VL-through,look,VL-through|look,prep,42,0.5555555555555556,1,9
VL-through,look,VL-through|look,prep,45,0.5555555555555556,0,9
VL-through,look,VL-through|look,prep,48,0.7777777777777778,2,9
VL-through,look,VL-through|look,prep,51,0.8888888888888888,1,9
VL-through,look,VL-through|look,prep,54,1.0,1,9
VL-through,look,VL-through|look,prep,57,1.0,0,9
VL-through,look,VL-through|look,prep,60,1.0,0,9
VL-through,look,VL-through|look,prep,63,1.0,0,9
VL-through,look,VL-through|look,prep,66,1.0,0,9
VL-through,look,VL-through|look,prep,69,1.0,0,9
VL-to,belong,VL-to|belong,prep,18,0.0,0,11
VL-to,belong,VL-to|belong,prep,21,0.0,0,11
VL-to,belong,VL-to|belong,prep,24,0.09090909090909091,1,11
VL-to,belong,VL-to|belong,prep,27,0.18181818181818182,1,11
VL-to,belong,VL-to|belong,prep,30,0.18181818181818182,0,11
VL-to,belong,VL-to|belong,prep,33,0.18181818181818182,0,11
VL-to,belong,VL-to|belong,prep,36,0.18181818181818182,0,11
VL-to,belong,VL-to|belong,prep,39,0.6363636363636364,5,11
VL-to,belong,VL-to|belong,prep,42,0.8181818181818182,2,11
VL-to,belong,VL-to|belong,prep,45,0.8181818181818182,0,11
VL-to,belong,VL-to|belong,prep,48,0.9090909090909091,1,11
VL-to,belong,VL-to|belong,prep,51,0.9090909090909091,0,11
VL-to,belong,VL-to|belong,prep,54,0.9090909090909091,0,11
VL-to,belong,VL-to|belong,prep,57,0.9090909090909091,0,11
VL-to,belong,VL-to|belong,prep,60,1.0,1,11
VL-to,belong,VL-to|belong,prep,63,1.0,0,11
VL-to,belong,VL-to|belong,prep,66,1.0,0,11
VL-to,belong,VL-to|belong,prep,69,1.0,0,11
VL-to,come,VL-to|come,prep,18,0.0,0,30
VL-to,come,VL-to|come,prep,21,0.03333333333333333,1,30
VL-to,come,VL-to|come,prep,24,0.03333333333333333,0,30
VL-to,come,VL-to|come,prep,27,0.03333333333333333,0,30
VL-to,come,VL-to|come,prep,30,0.1,2,30
VL-to,come,VL-to|come,prep,33,0.13333333333333333,1,30
VL-to,come,VL-to|come,prep,36,0.13333333333333333,0,30
VL-to,come,VL-to|come,prep,39,0.3,5,30
VL-to,come,VL-to|come,prep,42,0.4,3,30
VL-to,come,VL-to|come,prep,45,0.6,6,30
VL-to,come,VL-to|come,prep,48,0.6333333333333333,1,30
VL-to,come,VL-to|come,prep,51,0.9333333333333333,9,30
VL-to,come,VL-to|come,prep,54,0.9333333333333333,0,30
VL-to,come,VL-to|come,prep,57,0.9666666666666667,1,30
VL-to,come,VL-to|come,prep,60,1.0,1,30
VL-to,come,VL-to|come,prep,63,1.0,0,30
VL-to,come,VL-to|come,prep,66,1.0,0,30
VL-to,come,VL-to|come,prep,69,1.0,0,30
VL-to,get,VL-to|get,prep,18,0.0,0,11
VL-to,get,VL-to|get,prep,21,0.09090909090909091,1,11
VL-to,get,VL-to|get,prep,24,0.09090909090909091,0,11
VL-to,get,VL-to|get,prep,27,0.09090909090909091,0,11
VL-to,get,VL-to|get,prep,30,0.09090909090909091,0,11
VL-to,get,VL-to|get,prep,33,0.09090909090909091,0,11
VL-to,get,VL-to|get,prep,36,0.09090909090909091,0,11
VL-to,get,VL-to|get,prep,39,0.18181818181818182,1,11
VL-to,get,VL-to|get,prep,42,0.5454545454545454,4,11
VL-to,get,VL-to|get,prep,45,0.7272727272727273,2,11
VL-to,get,VL-to|get,prep,48,0.8181818181818182,1,11
VL-to,get,VL-to|get,prep,51,0.8181818181818182,0,11
VL-to,get,VL-to|get,prep,54,0.8181818181818182,0,11
VL-to,get,VL-to|get,prep,57,0.9090909090909091,1,11
VL-to,get,VL-to|get,prep,60,1.0,1,11
VL-to,get,VL-to|get,prep,63,1.0,0,11
VL-to,get,VL-to|get,prep,66,1.0,0,11
VL-to,get,VL-to|get,prep,69,1.0,0,11
VL-to,give,VL-to|give,prep,18,0.0,0,8
VL-to,give,VL-to|give,prep,21,0.0,0,8
VL-to,give,VL-to|give,prep,24,0.125,1,8
VL-to,give,VL-to|give,prep,27,0.25,1,8
VL-to,give,VL-to|give,prep,30,0.25,0,8
VL-to,give,VL-to|give,prep,33,0.25,0,8
VL-to,give,VL-to|give,prep,36,0.375,1,8
VL-to,give,VL-to|give,prep,39,0.5,1,8
VL-to,give,VL-to|give,prep,42,0.5,0,8
VL-to,give,VL-to|give,prep,45,0.75,2,8
VL-to,give,VL-to|give,prep,48,0.75,0,8
VL-to,give,VL-to|give,prep,51,1.0,2,8
VL-to,give,VL-to|give,prep,54,1.0,0,8
VL-to,give,VL-to|give,prep,57,1.0,0,8
VL-to,give,VL-to|give,prep,60,1.0,0,8
VL-to,give,VL-to|give,prep,63,1.0,0,8
VL-to,give,VL-to|give,prep,66,1.0,0,8
VL-to,give,VL-to|give,prep,69,1.0,0,8
VL-to,go,VL-to|go,prep,18,0.0,0,421
VL-to,go,VL-to|go,prep,21,0.0166270783847981,7,421
VL-to,go,VL-to|go,prep,24,0.07838479809976247,26,421
VL-to,go,VL-to|go,prep,27,0.12114014251781473,18,421
VL-to,go,VL-to|go,prep,30,0.171021377672209,21,421
VL-to,go,VL-to|go,prep,33,0.22802850356294538,24,421
VL-to,go,VL-to|go,prep,36,0.3254156769596199,41,421
VL-to,go,VL-to|go,prep,39,0.4584323040380047,56,421
VL-to,go,VL-to|go,prep,42,0.5629453681710214,44,421
VL-to,go,VL-to|go,prep,45,0.6579572446555819,40,421
VL-to,go,VL-to|go,prep,48,0.7719714964370546,48,421
VL-to,go,VL-to|go,prep,51,0.8883610451306413,49,421
VL-to,go,VL-to|go,prep,54,0.9239904988123515,15,421
VL-to,go,VL-to|go,prep,57,0.9714964370546318,20,421
VL-to,go,VL-to|go,prep,60,1.0,12,421
VL-to,go,VL-to|go,prep,63,1.0,0,421
VL-to,go,VL-to|go,prep,66,1.0,0,421
VL-to,go,VL-to|go,prep,69,1.0,0,421
VL-to,listen,VL-to|listen,prep,18,0.0,0,20
VL-to,listen,VL-to|listen,prep,21,0.0,0,20
VL-to,listen,VL-to|listen,prep,24,0.1,2,20
VL-to,listen,VL-to|listen,prep,27,0.1,0,20
VL-to,listen,VL-to|listen,prep,30,0.15,1,20
VL-to,listen,VL-to|listen,prep,33,0.2,1,20
VL-to,listen,VL-to|listen,prep,36,0.25,1,20
VL-to,listen,VL-to|listen,prep,39,0.55,6,20
VL-to,listen,VL-to|listen,prep,42,0.55,0,20
VL-to,listen,VL-to|listen,prep,45,0.6,1,20
VL-to,listen,VL-to|listen,prep,48,0.6,0,20
VL-to,listen,VL-to|listen,prep,51,0.8,4,20
VL-to,listen,VL-to|listen,prep,54,0.85,1,20
VL-to,listen,VL-to|listen,prep,57,1.0,3,20
VL-to,listen,VL-to|listen,prep,60,1.0,0,20
VL-to,listen,VL-to|listen,prep,63,1.0,0,20
VL-to,listen,VL-to|listen,prep,66,1.0,0,20
VL-to,listen,VL-to|listen,prep,69,1.0,0,20
VL-to,say,VL-to|say,prep,18,0.0,0,13
VL-to,say,VL-to|say,prep,21,0.0,0,13
VL-to,say,VL-to|say,prep,24,0.0,0,13
VL-to,say,VL-to|say,prep,27,0.0,0,13
VL-to,say,VL-to|say,prep,30,0.07692307692307693,1,13
VL-to,say,VL-to|say,prep,33,0.23076923076923078,2,13
VL-to,say,VL-to|say,prep,36,0.3076923076923077,1,13
VL-to,say,VL-to|say,prep,39,0.6923076923076923,5,13
VL-to,say,VL-to|say,prep,42,0.7692307692307693,1,13
VL-to,say,VL-to|say,prep,45,0.7692307692307693,0,13
VL-to,say,VL-to|say,prep,48,0.7692307692307693,0,13
VL-to,say,VL-to|say,prep,51,0.7692307692307693,0,13
VL-to,say,VL-to|say,prep,54,0.9230769230769231,2,13
VL-to,say,VL-to|say,prep,57,0.9230769230769231,0,13
VL-to,say,VL-to|say,prep,60,1.0,1,13
VL-to,say,VL-to|say,prep,63,1.0,0,13
VL-to,say,VL-to|say,prep,66,1.0,0,13
VL-to,say,VL-to|say,prep,69,1.0,0,13
VL-to,talk,VL-to|talk,prep,18,0.0,0,44
VL-to,talk,VL-to|talk,prep,21,0.0,0,44
VL-to,talk,VL-to|talk,prep,24,0.0,0,44
VL-to,talk,VL-to|talk,prep,27,0.045454545454545456,2,44
VL-to,talk,VL-to|talk,prep,30,0.06818181818181818,1,44
VL-to,talk,VL-to|talk,prep,33,0.13636363636363635,3,44
VL-to,talk,VL-to|talk,prep,36,0.29545454545454547,7,44
VL-to,talk,VL-to|talk,prep,39,0.4772727272727273,8,44
VL-to,talk,VL-to|talk,prep,42,0.5681818181818182,4,44
VL-to,talk,VL-to|talk,prep,45,0.5909090909090909,1,44
VL-to,talk,VL-to|talk,prep,48,0.6136363636363636,1,44
VL-to,talk,VL-to|talk,prep,51,0.6136363636363636,0,44
VL-to,talk,VL-to|talk,prep,54,0.9545454545454546,15,44
VL-to,talk,VL-to|talk,prep,57,1.0,2,44
VL-to,talk,VL-to|talk,prep,60,1.0,0,44
VL-to,talk,VL-to|talk,prep,63,1.0,0,44
VL-to,talk,VL-to|talk,prep,66,1.0,0,44
VL-to,talk,VL-to|talk,prep,69,1.0,0,44
VL-under,crawl,VL-under|crawl,prep,18,0.0,0,1
VL-under,crawl,VL-under|crawl,prep,21,0.0,0,1
VL-under,crawl,VL-under|crawl,prep,24,0.0,0,1
VL-under,crawl,VL-under|crawl,prep,27,0.0,0,1
VL-under,crawl,VL-under|crawl,prep,30,0.0,0,1
VL-under,crawl,VL-under|crawl,prep,33,0.0,0,1
VL-under,crawl,VL-under|crawl,prep,36,0.0,0,1
VL-under,crawl,VL-under|crawl,prep,39,0.0,0,1
VL-under,crawl,VL-under|crawl,prep,42,0.0,0,1
VL-under,crawl,VL-under|crawl,prep,45,1.0,1,1
VL-under,crawl,VL-under|crawl,prep,48,1.0,0,1
VL-under,crawl,VL-under|crawl,prep,51,1.0,0,1
VL-under,crawl,VL-under|crawl,prep,54,1.0,0,1
VL-under,crawl,VL-under|crawl,prep,57,1.0,0,1
VL-under,crawl,VL-under|crawl,prep,60,1.0,0,1
VL-under,crawl,VL-under|crawl,prep,63,1.0,0,1
VL-under,crawl,VL-under|crawl,prep,66,1.0,0,1
VL-under,crawl,VL-under|crawl,prep,69,1.0,0,1
VL-under,get,VL-under|get,prep,18,0.0,0,14
VL-under,get,VL-under|get,prep,21,0.07142857142857142,1,14
VL-under,get,VL-under|get,prep,24,0.07142857142857142,0,14
VL-under,get,VL-under|get,prep,27,0.07142857142857142,0,14
VL-under,get,VL-under|get,prep,30,0.07142857142857142,0,14
VL-under,get,VL-under|get,prep,33,0.07142857142857142,0,14
VL-under,get,VL-under|get,prep,36,0.14285714285714285,1,14
VL-under,get,VL-under|get,prep,39,0.14285714285714285,0,14
VL-under,get,VL-under|get,prep,42,0.14285714285714285,0,14
VL-under,get,VL-under|get,prep,45,0.14285714285714285,0,14
VL-under,get,VL-under|get,prep,48,0.8571428571428571,10,14
VL-under,get,VL-under|get,prep,51,1.0,2,14
VL-under,get,VL-under|get,prep,54,1.0,0,14
VL-under,get,VL-under|get,prep,57,1.0,0,14
VL-under,get,VL-under|get,prep,60,1.0,0,14
VL-under,get,VL-under|get,prep,63,1.0,0,14
VL-under,get,VL-under|get,prep,66,1.0,0,14
VL-under,get,VL-under|get,prep,69,1.0,0,14
VL-under,go,VL-under|go,prep,18,0.0,0,17
VL-under,go,VL-under|go,prep,21,0.0,0,17
VL-under,go,VL-under|go,prep,24,0.058823529411764705,1,17
VL-under,go,VL-under|go,prep,27,0.11764705882352941,1,17
VL-under,go,VL-under|go,prep,30,0.17647058823529413,1,17
VL-under,go,VL-under|go,prep,33,0.17647058823529413,0,17
VL-under,go,VL-under|go,prep,36,0.35294117647058826,3,17
VL-under,go,VL-under|go,prep,39,0.4117647058823529,1,17
VL-under,go,VL-under|go,prep,42,0.5882352941176471,3,17
VL-under,go,VL-under|go,prep,45,0.7058823529411765,2,17
VL-under,go,VL-under|go,prep,48,0.7647058823529411,1,17
VL-under,go,VL-under|go,prep,51,0.8235294117647058,1,17
VL-under,go,VL-under|go,prep,54,0.8823529411764706,1,17
VL-under,go,VL-under|go,prep,57,1.0,2,17
VL-under,go,VL-under|go,prep,60,1.0,0,17
VL-under,go,VL-under|go,prep,63,1.0,0,17
VL-under,go,VL-under|go,prep,66,1.0,0,17
VL-under,go,VL-under|go,prep,69,1.0,0,17
VL-under,hide,VL-under|hide,prep,18,0.0,0,5
VL-under,hide,VL-under|hide,prep,21,0.0,0,5
VL-under,hide,VL-under|hide,prep,24,0.0,0,5
VL-under,hide,VL-under|hide,prep,27,0.2,1,5
VL-under,hide,VL-under|hide,prep,30,0.4,1,5
VL-under,hide,VL-under|hide,prep,33,0.4,0,5
VL-under,hide,VL-under|hide,prep,36,0.4,0,5
VL-under,hide,VL-under|hide,prep,39,0.4,0,5
VL-under,hide,VL-under|hide,prep,42,0.4,0,5
VL-under,hide,VL-under|hide,prep,45,0.4,0,5
VL-under,hide,VL-under|hide,prep,48,0.8,2,5
VL-under,hide,VL-under|hide,prep,51,0.8,0,5
VL-under,hide,VL-under|hide,prep,54,1.0,1,5
VL-under,hide,VL-under|hide,prep,57,1.0,0,5
VL-under,hide,VL-under|hide,prep,60,1.0,0,5
VL-under,hide,VL-under|hide,prep,63,1.0,0,5
VL-under,hide,VL-under|hide,prep,66,1.0,0,5
VL-under,hide,VL-under|hide,prep,69,1.0,0,5
VL-under,live,VL-under|live,prep,18,0.0,0,2
VL-under,live,VL-under|live,prep,21,0.0,0,2
VL-under,live,VL-under|live,prep,24,0.0,0,2
VL-under,live,VL-under|live,prep,27,0.0,0,2
VL-under,live,VL-under|live,prep,30,0.0,0,2
VL-under,live,VL-under|live,prep,33,0.0,0,2
VL-under,live,VL-under|live,prep,36,0.0,0,2
VL-under,live,VL-under|live,prep,39,1.0,2,2
VL-under,live,VL-under|live,prep,42,1.0,0,2
VL-under,live,VL-under|live,prep,45,1.0,0,2
VL-under,live,VL-under|live,prep,48,1.0,0,2
VL-under,live,VL-under|live,prep,51,1.0,0,2
VL-under,live,VL-under|live,prep,54,1.0,0,2
VL-under,live,VL-under|live,prep,57,1.0,0,2
VL-under,live,VL-under|live,prep,60,1.0,0,2
VL-under,live,VL-under|live,prep,63,1.0,0,2
VL-under,live,VL-under|live,prep,66,1.0,0,2
VL-under,live,VL-under|live,prep,69,1.0,0,2
VL-under,look,VL-under|look,prep,18,0.0,0,1
VL-under,look,VL-under|look,prep,21,0.0,0,1
VL-under,look,VL-under|look,prep,24,0.0,0,1
VL-under,look,VL-under|look,prep,27,0.0,0,1
VL-under,look,VL-under|look,prep,30,0.0,0,1
VL-under,look,VL-under|look,prep,33,0.0,0,1
VL-under,look,VL-under|look,prep,36,1.0,1,1
VL-under,look,VL-under|look,prep,39,1.0,0,1
VL-under,look,VL-under|look,prep,42,1.0,0,1
VL-under,look,VL-under|look,prep,45,1.0,0,1
VL-under,look,VL-under|look,prep,48,1.0,0,1
VL-under,look,VL-under|look,prep,51,1.0,0,1
VL-under,look,VL-under|look,prep,54,1.0,0,1
VL-under,look,VL-under|look,prep,57,1.0,0,1
VL-under,look,VL-under|look,prep,60,1.0,0,1
VL-under,look,VL-under|look,prep,63,1.0,0,1
VL-under,look,VL-under|look,prep,66,1.0,0,1
VL-under,look,VL-under|look,prep,69,1.0,0,1
VL-under,play,VL-under|play,prep,18,0.0,0,1
VL-under,play,VL-under|play,prep,21,0.0,0,1
VL-under,play,VL-under|play,prep,24,0.0,0,1
VL-under,play,VL-under|play,prep,27,0.0,0,1
VL-under,play,VL-under|play,prep,30,0.0,0,1
VL-under,play,VL-under|play,prep,33,0.0,0,1
VL-under,play,VL-under|play,prep,36,1.0,1,1
VL-under,play,VL-under|play,prep,39,1.0,0,1
VL-under,play,VL-under|play,prep,42,1.0,0,1
VL-under,play,VL-under|play,prep,45,1.0,0,1
VL-under,play,VL-under|play,prep,48,1.0,0,1
VL-under,play,VL-under|play,prep,51,1.0,0,1
VL-under,play,VL-under|play,prep,54,1.0,0,1
VL-under,play,VL-under|play,prep,57,1.0,0,1
VL-under,play,VL-under|play,prep,60,1.0,0,1
VL-under,play,VL-under|play,prep,63,1.0,0,1
VL-under,play,VL-under|play,prep,66,1.0,0,1
VL-under,play,VL-under|play,prep,69,1.0,0,1
VL-under,sleep,VL-under|sleep,prep,18,0.0,0,1
VL-under,sleep,VL-under|sleep,prep,21,0.0,0,1
VL-under,sleep,VL-under|sleep,prep,24,0.0,0,1
VL-under,sleep,VL-under|sleep,prep,27,0.0,0,1
VL-under,sleep,VL-under|sleep,prep,30,0.0,0,1
VL-under,sleep,VL-under|sleep,prep,33,0.0,0,1
VL-under,sleep,VL-under|sleep,prep,36,0.0,0,1
VL-under,sleep,VL-under|sleep,prep,39,1.0,1,1
VL-under,sleep,VL-under|sleep,prep,42,1.0,0,1
VL-under,sleep,VL-under|sleep,prep,45,1.0,0,1
VL-under,sleep,VL-under|sleep,prep,48,1.0,0,1
VL-under,sleep,VL-under|sleep,prep,51,1.0,0,1
VL-under,sleep,VL-under|sleep,prep,54,1.0,0,1
VL-under,sleep,VL-under|sleep,prep,57,1.0,0,1
VL-under,sleep,VL-under|sleep,prep,60,1.0,0,1
VL-under,sleep,VL-under|sleep,prep,63,1.0,0,1
VL-under,sleep,VL-under|sleep,prep,66,1.0,0,1
VL-under,sleep,VL-under|sleep,prep,69,1.0,0,1
VO,chew,VO|chew,schematic,18,0.0,0,28
VO,chew,VO|chew,schematic,21,0.03571428571428571,1,28
VO,chew,VO|chew,schematic,24,0.07142857142857142,1,28
VO,chew,VO|chew,schematic,27,0.21428571428571427,4,28
VO,chew,VO|chew,schematic,30,0.2857142857142857,2,28
VO,chew,VO|chew,schematic,33,0.32142857142857145,1,28
VO,chew,VO|chew,schematic,36,0.42857142857142855,3,28
VO,chew,VO|chew,schematic,39,0.8214285714285714,11,28
VO,chew,VO|chew,schematic,42,0.8214285714285714,0,28
VO,chew,VO|chew,schematic,45,0.8928571428571429,2,28
VO,chew,VO|chew,schematic,48,0.8928571428571429,0,28
VO,chew,VO|chew,schematic,51,0.8928571428571429,0,28
VO,chew,VO|chew,schematic,54,0.9285714285714286,1,28
VO,chew,VO|chew,schematic,57,1.0,2,28
VO,chew,VO|chew,schematic,60,1.0,0,28
VO,chew,VO|chew,schematic,63,1.0,0,28
VO,chew,VO|chew,schematic,66,1.0,0,28
VO,chew,VO|chew,schematic,69,1.0,0,28
VO,do,VO|do,schematic,18,0.005795235028976175,9,1553
VO,do,VO|do,schematic,21,0.049581455247907275,68,1553
VO,do,VO|do,schematic,24,0.07920154539600772,46,1553
VO,do,VO|do,schematic,27,0.13457823567289118,86,1553
VO,do,VO|do,schematic,30,0.20154539600772697,104,1553
VO,do,VO|do,schematic,33,0.2736638763683194,112,1553
VO,do,VO|do,schematic,36,0.36188023180940115,137,1553
VO,do,VO|do,schematic,39,0.45267224726336125,141,1553
VO,do,VO|do,schematic,42,0.571152607855763,184,1553
VO,do,VO|do,schematic,45,0.6593689632968448,137,1553
VO,do,VO|do,schematic,48,0.7630392788151964,161,1553
VO,do,VO|do,schematic,51,0.8396651641983258,119,1553
VO,do,VO|do,schematic,54,0.9066323245331617,104,1553
VO,do,VO|do,schematic,57,0.9768190598840953,109,1553
VO,do,VO|do,schematic,60,1.0,36,1553
VO,do,VO|do,schematic,63,1.0,0,1553
VO,do,VO|do,schematic,66,1.0,0,1553
VO,do,VO|do,schematic,69,1.0,0,1553
VO,get,VO|get,schematic,18,0.011731135066582118,37,3154
VO,get,VO|get,schematic,21,0.055168040583386174,137,3154
VO,get,VO|get,schematic,24,0.08719086873811034,101,3154
VO,get,VO|get,schematic,27,0.14679771718452758,188,3154
VO,get,VO|get,schematic,30,0.2289156626506024,259,3154
VO,get,VO|get,schematic,33,0.3154724159797083,273,3154
VO,get,VO|get,schematic,36,0.41471147748890297,313,3154
VO,get,VO|get,schematic,39,0.5558021559923906,445,3154
VO,get,VO|get,schematic,42,0.6651870640456563,345,3154
VO,get,VO|get,schematic,45,0.7330374128091313,214,3154
VO,get,VO|get,schematic,48,0.8027901077996196,220,3154
VO,get,VO|get,schematic,51,0.8772986683576411,235,3154
VO,get,VO|get,schematic,54,0.9178820545339251,128,3154
VO,get,VO|get,schematic,57,0.9831959416613824,206,3154
VO,get,VO|get,schematic,60,1.0,53,3154
VO,get,VO|get,schematic,63,1.0,0,3154
VO,get,VO|get,schematic,66,1.0,0,3154
VO,get,VO|get,schematic,69,1.0,0,3154
VO,give,VO|give,schematic,18,0.0,0,59
VO,give,VO|give,schematic,21,0.1694915254237288,10,59
VO,give,VO|give,schematic,24,0.22033898305084745,3,59
VO,give,VO|give,schematic,27,0.3728813559322034,9,59
VO,give,VO|give,schematic,30,0.5423728813559322,10,59
VO,give,VO|give,schematic,33,0.6271186440677966,5,59
VO,give,VO|give,schematic,36,0.711864406779661,5,59
VO,give,VO|give,schematic,39,0.847457627118644,8,59
VO,give,VO|give,schematic,42,0.864406779661017,1,59
VO,give,VO|give,schematic,45,0.8983050847457628,2,59
VO,give,VO|give,schematic,48,0.9152542372881356,1,59
VO,give,VO|give,schematic,51,0.9491525423728814,2,59
VO,give,VO|give,schematic,54,0.9491525423728814,0,59
VO,give,VO|give,schematic,57,0.9661016949152542,1,59
VO,give,VO|give,schematic,60,1.0,2,59
VO,give,VO|give,schematic,63,1.0,0,59
VO,give,VO|give,schematic,66,1.0,0,59
VO,give,VO|give,schematic,69,1.0,0,59
VO,have,VO|have,schematic,18,0.008493518104604381,19,2237
VO,have,VO|have,schematic,21,0.07063030844881538,139,2237
VO,have,VO|have,schematic,24,0.14438980777827448,165,2237
VO,have,VO|have,schematic,27,0.17746982565936523,74,2237
VO,have,VO|have,schematic,30,0.24944121591417076,161,2237
VO,have,VO|have,schematic,33,0.31515422440768887,147,2237
VO,have,VO|have,schematic,36,0.3723737147966026,128,2237
VO,have,VO|have,schematic,39,0.47831917746982566,237,2237
VO,have,VO|have,schematic,42,0.581135449262405,230,2237
VO,have,VO|have,schematic,45,0.6826106392489942,227,2237
VO,have,VO|have,schematic,48,0.7688869021010282,193,2237
VO,have,VO|have,schematic,51,0.8641037103263299,213,2237
VO,have,VO|have,schematic,54,0.9123826553419758,108,2237
VO,have,VO|have,schematic,57,0.9745194456861869,139,2237
VO,have,VO|have,schematic,60,1.0,57,2237
VO,have,VO|have,schematic,63,1.0,0,2237
VO,have,VO|have,schematic,66,1.0,0,2237
VO,have,VO|have,schematic,69,1.0,0,2237
VO,jump,VO|jump,schematic,18,0.3888888888888889,14,36
VO,jump,VO|jump,schematic,21,0.4444444444444444,2,36
VO,jump,VO|jump,schematic,24,0.5,2,36
VO,jump,VO|jump,schematic,27,0.5,0,36
VO,jump,VO|jump,schematic,30,0.5277777777777778,1,36
VO,jump,VO|jump,schematic,33,0.5833333333333334,2,36
VO,jump,VO|jump,schematic,36,0.6111111111111112,1,36
VO,jump,VO|jump,schematic,39,0.7777777777777778,6,36
VO,jump,VO|jump,schematic,42,0.8611111111111112,3,36
VO,jump,VO|jump,schematic,45,0.8611111111111112,0,36
VO,jump,VO|jump,schematic,48,0.8888888888888888,1,36
VO,jump,VO|jump,schematic,51,0.8888888888888888,0,36
VO,jump,VO|jump,schematic,54,0.9444444444444444,2,36
VO,jump,VO|jump,schematic,57,1.0,2,36
VO,jump,VO|jump,schematic,60,1.0,0,36
VO,jump,VO|jump,schematic,63,1.0,0,36
VO,jump,VO|jump,schematic,66,1.0,0,36
VO,jump,VO|jump,schematic,69,1.0,0,36
VO,tick,VO|tick,schematic,18,0.17647058823529413,6,34
VO,tick,VO|tick,schematic,21,0.20588235294117646,1,34
VO,tick,VO|tick,schematic,24,0.8235294117647058,21,34
VO,tick,VO|tick,schematic,27,0.8235294117647058,0,34
VO,tick,VO|tick,schematic,30,0.8529411764705882,1,34
VO,tick,VO|tick,schematic,33,0.8823529411764706,1,34
VO,tick,VO|tick,schematic,36,0.9705882352941176,3,34
VO,tick,VO|tick,schematic,39,1.0,1,34
VO,tick,VO|tick,schematic,42,1.0,0,34
VO,tick,VO|tick,schematic,45,1.0,0,34
VO,tick,VO|tick,schematic,48,1.0,0,34
VO,tick,VO|tick,schematic,51,1.0,0,34
VO,tick,VO|tick,schematic,54,1.0,0,34
VO,tick,VO|tick,schematic,57,1.0,0,34
VO,tick,VO|tick,schematic,60,1.0,0,34
VO,tick,VO|tick,schematic,63,1.0,0,34
VO,tick,VO|tick,schematic,66,1.0,0,34
VO,tick,VO|tick,schematic,69,1.0,0,34
VO,want,VO|want,schematic,18,0.02493368700265252,47,1885
VO,want,VO|want,schematic,21,0.0726790450928382,90,1885
VO,want,VO|want,schematic,24,0.16339522546419097,171,1885
VO,want,VO|want,schematic,27,0.23023872679045093,126,1885
VO,want,VO|want,schematic,30,0.3183023872679045,166,1885
VO,want,VO|want,schematic,33,0.45676392572944297,261,1885
VO,want,VO|want,schematic,36,0.5973474801061008,265,1885
VO,want,VO|want,schematic,39,0.7220159151193634,235,1885
VO,want,VO|want,schematic,42,0.7957559681697612,139,1885
VO,want,VO|want,schematic,45,0.8461538461538461,95,1885
VO,want,VO|want,schematic,48,0.8827586206896552,69,1885
VO,want,VO|want,schematic,51,0.9188328912466843,68,1885
VO,want,VO|want,schematic,54,0.9453580901856764,50,1885
VO,want,VO|want,schematic,57,0.986737400530504,78,1885
VO,want,VO|want,schematic,60,1.0,25,1885
VO,want,VO|want,schematic,63,1.0,0,1885
VO,want,VO|want,schematic,66,1.0,0,1885
VO,want,VO|want,schematic,69,1.0,0,1885
VOL,bite,VOL|bite,schematic,18,0.0,0,12
VOL,bite,VOL|bite,schematic,21,0.5833333333333334,7,12
VOL,bite,VOL|bite,schematic,24,0.6666666666666666,1,12
VOL,bite,VOL|bite,schematic,27,0.75,1,12
VOL,bite,VOL|bite,schematic,30,0.75,0,12
VOL,bite,VOL|bite,schematic,33,0.75,0,12
VOL,bite,VOL|bite,schematic,36,0.75,0,12
VOL,bite,VOL|bite,schematic,39,0.8333333333333334,1,12
VOL,bite,VOL|bite,schematic,42,0.8333333333333334,0,12
VOL,bite,VOL|bite,schematic,45,0.8333333333333334,0,12
VOL,bite,VOL|bite,schematic,48,0.9166666666666666,1,12
VOL,bite,VOL|bite,schematic,51,1.0,1,12
VOL,bite,VOL|bite,schematic,54,1.0,0,12
VOL,bite,VOL|bite,schematic,57,1.0,0,12
VOL,bite,VOL|bite,schematic,60,1.0,0,12
VOL,bite,VOL|bite,schematic,63,1.0,0,12
VOL,bite,VOL|bite,schematic,66,1.0,0,12
VOL,bite,VOL|bite,schematic,69,1.0,0,12
VOL,fall,VOL|fall,schematic,18,0.0,0,26
VOL,fall,VOL|fall,schematic,21,0.038461538461538464,1,26
VOL,fall,VOL|fall,schematic,24,0.038461538461538464,0,26
VOL,fall,VOL|fall,schematic,27,0.34615384615384615,8,26
VOL,fall,VOL|fall,schematic,30,0.8461538461538461,13,26
VOL,fall,VOL|fall,schematic,33,0.9230769230769231,2,26
VOL,fall,VOL|fall,schematic,36,0.9230769230769231,0,26
VOL,fall,VOL|fall,schematic,39,0.9615384615384616,1,26
VOL,fall,VOL|fall,schematic,42,1.0,1,26
VOL,fall,VOL|fall,schematic,45,1.0,0,26
VOL,fall,VOL|fall,schematic,48,1.0,0,26
VOL,fall,VOL|fall,schematic,51,1.0,0,26
VOL,fall,VOL|fall,schematic,54,1.0,0,26
VOL,fall,VOL|fall,schematic,57,1.0,0,26
VOL,fall,VOL|fall,schematic,60,1.0,0,26
VOL,fall,VOL|fall,schematic,63,1.0,0,26
VOL,fall,VOL|fall,schematic,66,1.0,0,26
VOL,fall,VOL|fall,schematic,69,1.0,0,26
VOL,get,VOL|get,schematic,18,0.005434782608695652,2,368
VOL,get,VOL|get,schematic,21,0.02717391304347826,8,368
VOL,get,VOL|get,schematic,24,0.051630434782608696,9,368
VOL,get,VOL|get,schematic,27,0.07880434782608696,10,368
VOL,get,VOL|get,schematic,30,0.14402173913043478,24,368
VOL,get,VOL|get,schematic,33,0.22010869565217392,28,368
VOL,get,VOL|get,schematic,36,0.328804347826087,40,368
VOL,get,VOL|get,schematic,39,0.5081521739130435,66,368
VOL,get,VOL|get,schematic,42,0.6413043478260869,49,368
VOL,get,VOL|get,schematic,45,0.7146739130434783,27,368
VOL,get,VOL|get,schematic,48,0.8043478260869565,33,368
VOL,get,VOL|get,schematic,51,0.8586956521739131,20,368
VOL,get,VOL|get,schematic,54,0.9130434782608695,20,368
VOL,get,VOL|get,schematic,57,0.970108695652174,21,368
VOL,get,VOL|get,schematic,60,1.0,11,368
VOL,get,VOL|get,schematic,63,1.0,0,368
VOL,get,VOL|get,schematic,66,1.0,0,368
VOL,get,VOL|get,schematic,69,1.0,0,368
VOL,go,VOL|go,schematic,18,0.0,0,37
VOL,go,VOL|go,schematic,21,0.10810810810810811,4,37
VOL,go,VOL|go,schematic,24,0.13513513513513514,1,37
VOL,go,VOL|go,schematic,27,0.1891891891891892,2,37
VOL,go,VOL|go,schematic,30,0.35135135135135137,6,37
VOL,go,VOL|go,schematic,33,0.4594594594594595,4,37
VOL,go,VOL|go,schematic,36,0.5945945945945946,5,37
VOL,go,VOL|go,schematic,39,0.8108108108108109,8,37
VOL,go,VOL|go,schematic,42,0.8648648648648649,2,37
VOL,go,VOL|go,schematic,45,0.918918918918919,2,37
VOL,go,VOL|go,schematic,48,0.972972972972973,2,37
VOL,go,VOL|go,schematic,51,0.972972972972973,0,37
VOL,go,VOL|go,schematic,54,0.972972972972973,0,37
VOL,go,VOL|go,schematic,57,1.0,1,37
VOL,go,VOL|go,schematic,60,1.0,0,37
VOL,go,VOL|go,schematic,63,1.0,0,37
VOL,go,VOL|go,schematic,66,1.0,0,37
VOL,go,VOL|go,schematic,69,1.0,0,37
VOL,pick,VOL|pick,schematic,18,0.0,0,5
VOL,pick,VOL|pick,schematic,21,0.0,0,5
VOL,pick,VOL|pick,schematic,24,0.0,0,5
VOL,pick,VOL|pick,schematic,27,0.2,1,5
VOL,pick,VOL|pick,schematic,30,0.4,1,5
VOL,pick,VOL|pick,schematic,33,0.6,1,5
VOL,pick,VOL|pick,schematic,36,0.6,0,5
VOL,pick,VOL|pick,schematic,39,0.8,1,5
VOL,pick,VOL|pick,schematic,42,1.0,1,5
VOL,pick,VOL|pick,schematic,45,1.0,0,5
VOL,pick,VOL|pick,schematic,48,1.0,0,5
VOL,pick,VOL|pick,schematic,51,1.0,0,5
VOL,pick,VOL|pick,schematic,54,1.0,0,5
VOL,pick,VOL|pick,schematic,57,1.0,0,5
VOL,pick,VOL|pick,schematic,60,1.0,0,5
VOL,pick,VOL|pick,schematic,63,1.0,0,5
VOL,pick,VOL|pick,schematic,66,1.0,0,5
VOL,pick,VOL|pick,schematic,69,1.0,0,5
VOL,pull,VOL|pull,schematic,18,0.0,0,21
VOL,pull,VOL|pull,schematic,21,0.0,0,21
VOL,pull,VOL|pull,schematic,24,0.14285714285714285,3,21
VOL,pull,VOL|pull,schematic,27,0.19047619047619047,1,21
VOL,pull,VOL|pull,schematic,30,0.3333333333333333,3,21
VOL,pull,VOL|pull,schematic,33,0.5714285714285714,5,21
VOL,pull,VOL|pull,schematic,36,0.5714285714285714,0,21
VOL,pull,VOL|pull,schematic,39,0.6666666666666666,2,21
VOL,pull,VOL|pull,schematic,42,0.7142857142857143,1,21
VOL,pull,VOL|pull,schematic,45,0.7619047619047619,1,21
VOL,pull,VOL|pull,schematic,48,0.9047619047619048,3,21
VOL,pull,VOL|pull,schematic,51,0.9523809523809523,1,21
VOL,pull,VOL|pull,schematic,54,0.9523809523809523,0,21
VOL,pull,VOL|pull,schematic,57,1.0,1,21
VOL,pull,VOL|pull,schematic,60,1.0,0,21
VOL,pull,VOL|pull,schematic,63,1.0,0,21
VOL,pull,VOL|pull,schematic,66,1.0,0,21
VOL,pull,VOL|pull,schematic,69,1.0,0,21
VOL,put,VOL|put,schematic,18,0.003816793893129771,5,1310
VOL,put,VOL|put,schematic,21,0.08549618320610687,107,1310
VOL,put,VOL|put,schematic,24,0.13282442748091602,62,1310
VOL,put,VOL|put,schematic,27,0.1801526717557252,62,1310
VOL,put,VOL|put,schematic,30,0.24427480916030533,84,1310
VOL,put,VOL|put,schematic,33,0.31297709923664124,90,1310
VOL,put,VOL|put,schematic,36,0.4259541984732824,148,1310
VOL,put,VOL|put,schematic,39,0.5541984732824428,168,1310
VOL,put,VOL|put,schematic,42,0.6473282442748092,122,1310
VOL,put,VOL|put,schematic,45,0.749618320610687,134,1310
VOL,put,VOL|put,schematic,48,0.8267175572519084,101,1310
VOL,put,VOL|put,schematic,51,0.8954198473282443,90,1310
VOL,put,VOL|put,schematic,54,0.9297709923664123,45,1310
VOL,put,VOL|put,schematic,57,0.9725190839694656,56,1310
VOL,put,VOL|put,schematic,60,1.0,36,1310
VOL,put,VOL|put,schematic,63,1.0,0,1310
VOL,put,VOL|put,schematic,66,1.0,0,1310
VOL,put,VOL|put,schematic,69,1.0,0,1310
VOL,take,VOL|take,schematic,18,0.0031746031746031746,1,315
VOL,take,VOL|take,schematic,21,0.022222222222222223,6,315
VOL,take,VOL|take,schematic,24,0.08253968253968254,19,315
VOL,take,VOL|take,schematic,27,0.1523809523809524,22,315
VOL,take,VOL|take,schematic,30,0.2222222222222222,22,315
VOL,take,VOL|take,schematic,33,0.2984126984126984,24,315
VOL,take,VOL|take,schematic,36,0.4603174603174603,51,315
VOL,take,VOL|take,schematic,39,0.5968253968253968,43,315
VOL,take,VOL|take,schematic,42,0.6730158730158731,24,315
VOL,take,VOL|take,schematic,45,0.7714285714285715,31,315
VOL,take,VOL|take,schematic,48,0.8222222222222222,16,315
VOL,take,VOL|take,schematic,51,0.8793650793650793,18,315
VOL,take,VOL|take,schematic,54,0.9015873015873016,7,315
VOL,take,VOL|take,schematic,57,0.9809523809523809,25,315
VOL,take,VOL|take,schematic,60,1.0,6,315
VOL,take,VOL|take,schematic,63,1.0,0,315
VOL,take,VOL|take,schematic,66,1.0,0,315
VOL,take,VOL|take,schematic,69,1.0,0,315
VOL-about,dream,VOL-about|dream,prep,18,0.0,0,1
VOL-about,dream,VOL-about|dream,prep,21,0.0,0,1
VOL-about,dream,VOL-about|dream,prep,24,0.0,0,1
VOL-about,dream,VOL-about|dream,prep,27,0.0,0,1
VOL-about,dream,VOL-about|dream,prep,30,0.0,0,1
VOL-about,dream,VOL-about|dream,prep,33,0.0,0,1
VOL-about,dream,VOL-about|dream,prep,36,0.0,0,1
VOL-about,dream,VOL-about|dream,prep,39,0.0,0,1
VOL-about,dream,VOL-about|dream,prep,42,0.0,0,1
VOL-about,dream,VOL-about|dream,prep,45,0.0,0,1
VOL-about,dream,VOL-about|dream,prep,48,0.0,0,1
VOL-about,dream,VOL-about|dream,prep,51,1.0,1,1
VOL-about,dream,VOL-about|dream,prep,54,1.0,0,1
VOL-about,dream,VOL-about|dream,prep,57,1.0,0,1
VOL-about,dream,VOL-about|dream,prep,60,1.0,0,1
VOL-about,dream,VOL-about|dream,prep,63,1.0,0,1
VOL-about,dream,VOL-about|dream,prep,66,1.0,0,1
VOL-about,dream,VOL-about|dream,prep,69,1.0,0,1
VOL-about,find,VOL-about|find,prep,18,0.0,0,1
VOL-about,find,VOL-about|find,prep,21,0.0,0,1
VOL-about,find,VOL-about|find,prep,24,0.0,0,1
VOL-about,find,VOL-about|find,prep,27,0.0,0,1
VOL-about,find,VOL-about|find,prep,30,0.0,0,1
VOL-about,find,VOL-about|find,prep,33,0.0,0,1
VOL-about,find,VOL-about|find,prep,36,0.0,0,1
VOL-about,find,VOL-about|find,prep,39,0.0,0,1
VOL-about,find,VOL-about|find,prep,42,1.0,1,1
VOL-about,find,VOL-about|find,prep,45,1.0,0,1
VOL-about,find,VOL-about|find,prep,48,1.0,0,1
VOL-about,find,VOL-about|find,prep,51,1.0,0,1
VOL-about,find,VOL-about|find,prep,54,1.0,0,1
VOL-about,find,VOL-about|find,prep,57,1.0,0,1
VOL-about,find,VOL-about|find,prep,60,1.0,0,1
VOL-about,find,VOL-about|find,prep,63,1.0,0,1
VOL-about,find,VOL-about|find,prep,66,1.0,0,1
VOL-about,find,VOL-about|find,prep,69,1.0,0,1
VOL-about,like,VOL-about|like,prep,18,0.0,0,1
VOL-about,like,VOL-about|like,prep,21,0.0,0,1
VOL-about,like,VOL-about|like,prep,24,0.0,0,1
VOL-about,like,VOL-about|like,prep,27,0.0,0,1
VOL-about,like,VOL-about|like,prep,30,0.0,0,1
VOL-about,like,VOL-about|like,prep,33,0.0,0,1
VOL-about,like,VOL-about|like,prep,36,0.0,0,1
VOL-about,like,VOL-about|like,prep,39,0.0,0,1
VOL-about,like,VOL-about|like,prep,42,0.0,0,1
VOL-about,like,VOL-about|like,prep,45,1.0,1,1
VOL-about,like,VOL-about|like,prep,48,1.0,0,1
VOL-about,like,VOL-about|like,prep,51,1.0,0,1
VOL-about,like,VOL-about|like,prep,54,1.0,0,1
VOL-about,like,VOL-about|like,prep,57,1.0,0,1
VOL-about,like,VOL-about|like,prep,60,1.0,0,1
VOL-about,like,VOL-about|like,prep,63,1.0,0,1
VOL-about,like,VOL-about|like,prep,66,1.0,0,1
VOL-about,like,VOL-about|like,prep,69,1.0,0,1
VOL-about,read,VOL-about|read,prep,18,0.0,0,2
VOL-about,read,VOL-about|read,prep,21,0.0,0,2
VOL-about,read,VOL-about|read,prep,24,0.0,0,2
VOL-about,read,VOL-about|read,prep,27,0.0,0,2
VOL-about,read,VOL-about|read,prep,30,0.0,0,2
VOL-about,read,VOL-about|read,prep,33,1.0,2,2
VOL-about,read,VOL-about|read,prep,36,1.0,0,2
VOL-about,read,VOL-about|read,prep,39,1.0,0,2
VOL-about,read,VOL-about|read,prep,42,1.0,0,2
VOL-about,read,VOL-about|read,prep,45,1.0,0,2
VOL-about,read,VOL-about|read,prep,48,1.0,0,2
VOL-about,read,VOL-about|read,prep,51,1.0,0,2
VOL-about,read,VOL-about|read,prep,54,1.0,0,2
VOL-about,read,VOL-about|read,prep,57,1.0,0,2
VOL-about,read,VOL-about|read,prep,60,1.0,0,2
VOL-about,read,VOL-about|read,prep,63,1.0,0,2
VOL-about,read,VOL-about|read,prep,66,1.0,0,2
VOL-about,read,VOL-about|read,prep,69,1.0,0,2
VOL-about,say,VOL-about|say,prep,18,0.0,0,1
VOL-about,say,VOL-about|say,prep,21,0.0,0,1
VOL-about,say,VOL-about|say,prep,24,0.0,0,1
VOL-about,say,VOL-about|say,prep,27,0.0,0,1
VOL-about,say,VOL-about|say,prep,30,0.0,0,1
VOL-about,say,VOL-about|say,prep,33,1.0,1,1
VOL-about,say,VOL-about|say,prep,36,1.0,0,1
VOL-about,say,VOL-about|say,prep,39,1.0,0,1
VOL-about,say,VOL-about|say,prep,42,1.0,0,1
VOL-about,say,VOL-about|say,prep,45,1.0,0,1
VOL-about,say,VOL-about|say,prep,48,1.0,0,1
VOL-about,say,VOL-about|say,prep,51,1.0,0,1
VOL-about,say,VOL-about|say,prep,54,1.0,0,1
VOL-about,say,VOL-about|say,prep,57,1.0,0,1
VOL-about,say,VOL-about|say,prep,60,1.0,0,1
VOL-about,say,VOL-about|say,prep,63,1.0,0,1
VOL-about,say,VOL-about|say,prep,66,1.0,0,1
VOL-about,say,VOL-about|say,prep,69,1.0,0,1
VOL-about,talk,VOL-about|talk,prep,18,0.0,0,1
VOL-about,talk,VOL-about|talk,prep,21,0.0,0,1
VOL-about,talk,VOL-about|talk,prep,24,0.0,0,1
VOL-about,talk,VOL-about|talk,prep,27,0.0,0,1
VOL-about,talk,VOL-about|talk,prep,30,0.0,0,1
VOL-about,talk,VOL-about|talk,prep,33,0.0,0,1
VOL-about,talk,VOL-about|talk,prep,36,0.0,0,1
VOL-about,talk,VOL-about|talk,prep,39,0.0,0,1
VOL-about,talk,VOL-about|talk,prep,42,0.0,0,1
VOL-about,talk,VOL-about|talk,prep,45,0.0,0,1
VOL-about,talk,VOL-about|talk,prep,48,0.0,0,1
VOL-about,talk,VOL-about|talk,prep,51,0.0,0,1
VOL-about,talk,VOL-about|talk,prep,54,1.0,1,1
VOL-about,talk,VOL-about|talk,prep,57,1.0,0,1
VOL-about,talk,VOL-about|talk,prep,60,1.0,0,1
VOL-about,talk,VOL-about|talk,prep,63,1.0,0,1
VOL-about,talk,VOL-about|talk,prep,66,1.0,0,1
VOL-about,talk,VOL-about|talk,prep,69,1.0,0,1
VOL-about,write,VOL-about|write,prep,18,0.0,0,1
VOL-about,write,VOL-about|write,prep,21,0.0,0,1
VOL-about,write,VOL-about|write,prep,24,0.0,0,1
VOL-about,write,VOL-about|write,prep,27,0.0,0,1
VOL-about,write,VOL-about|write,prep,30,0.0,0,1
VOL-about,write,VOL-about|write,prep,33,0.0,0,1
VOL-about,write,VOL-about|write,prep,36,0.0,0,1
VOL-about,write,VOL-about|write,prep,39,1.0,1,1
VOL-about,write,VOL-about|write,prep,42,1.0,0,1
VOL-about,write,VOL-about|write,prep,45,1.0,0,1
VOL-about,write,VOL-about|write,prep,48,1.0,0,1
VOL-about,write,VOL-about|write,prep,51,1.0,0,1
VOL-about,write,VOL-about|write,prep,54,1.0,0,1
VOL-about,write,VOL-about|write,prep,57,1.0,0,1
VOL-about,write,VOL-about|write,prep,60,1.0,0,1
VOL-about,write,VOL-about|write,prep,63,1.0,0,1
VOL-about,write,VOL-about|write,prep,66,1.0,0,1
VOL-about,write,VOL-about|write,prep,69,1.0,0,1
VOL-around,get,VOL-around|get,prep,18,0.0,0,1
VOL-around,get,VOL-around|get,prep,21,0.0,0,1
VOL-around,get,VOL-around|get,prep,24,0.0,0,1
VOL-around,get,VOL-around|get,prep,27,0.0,0,1
VOL-around,get,VOL-around|get,prep,30,0.0,0,1
VOL-around,get,VOL-around|get,prep,33,0.0,0,1
VOL-around,get,VOL-around|get,prep,36,1.0,1,1
VOL-around,get,VOL-around|get,prep,39,1.0,0,1
VOL-around,get,VOL-around|get,prep,42,1.0,0,1
VOL-around,get,VOL-around|get,prep,45,1.0,0,1
VOL-around,get,VOL-around|get,prep,48,1.0,0,1
VOL-around,get,VOL-around|get,prep,51,1.0,0,1
VOL-around,get,VOL-around|get,prep,54,1.0,0,1
VOL-around,get,VOL-around|get,prep,57,1.0,0,1
VOL-around,get,VOL-around|get,prep,60,1.0,0,1
VOL-around,get,VOL-around|get,prep,63,1.0,0,1
VOL-around,get,VOL-around|get,prep,66,1.0,0,1
VOL-around,get,VOL-around|get,prep,69,1.0,0,1
VOL-around,look,VOL-around|look,prep,18,0.0,0,1
VOL-around,look,VOL-around|look,prep,21,0.0,0,1
VOL-around,look,VOL-around|look,prep,24,0.0,0,1
VOL-around,look,VOL-around|look,prep,27,0.0,0,1
VOL-around,look,VOL-around|look,prep,30,0.0,0,1
VOL-around,look,VOL-around|look,prep,33,0.0,0,1
VOL-around,look,VOL-around|look,prep,36,0.0,0,1
VOL-around,look,VOL-around|look,prep,39,0.0,0,1
VOL-around,look,VOL-around|look,prep,42,0.0,0,1
VOL-around,look,VOL-around|look,prep,45,0.0,0,1
VOL-around,look,VOL-around|look,prep,48,0.0,0,1
VOL-around,look,VOL-around|look,prep,51,0.0,0,1
VOL-around,look,VOL-around|look,prep,54,1.0,1,1
VOL-around,look,VOL-around|look,prep,57,1.0,0,1
VOL-around,look,VOL-around|look,prep,60,1.0,0,1
VOL-around,look,VOL-around|look,prep,63,1.0,0,1
VOL-around,look,VOL-around|look,prep,66,1.0,0,1
VOL-around,look,VOL-around|look,prep,69,1.0,0,1
VOL-around,put,VOL-around|put,prep,18,0.0,0,1
VOL-around,put,VOL-around|put,prep,21,0.0,0,1
VOL-around,put,VOL-around|put,prep,24,0.0,0,1
VOL-around,put,VOL-around|put,prep,27,0.0,0,1
VOL-around,put,VOL-around|put,prep,30,0.0,0,1
VOL-around,put,VOL-around|put,prep,33,0.0,0,1
VOL-around,put,VOL-around|put,prep,36,0.0,0,1
VOL-around,put,VOL-around|put,prep,39,0.0,0,1
VOL-around,put,VOL-around|put,prep,42,0.0,0,1
VOL-around,put,VOL-around|put,prep,45,0.0,0,1
VOL-around,put,VOL-around|put,prep,48,0.0,0,1
VOL-around,put,VOL-around|put,prep,51,0.0,0,1
VOL-around,put,VOL-around|put,prep,54,1.0,1,1
VOL-around,put,VOL-around|put,prep,57,1.0,0,1
VOL-around,put,VOL-around|put,prep,60,1.0,0,1
VOL-around,put,VOL-around|put,prep,63,1.0,0,1
VOL-around,put,VOL-around|put,prep,66,1.0,0,1
VOL-around,put,VOL-around|put,prep,69,1.0,0,1
VOL-around,see,VOL-around|see,prep,18,0.0,0,1
VOL-around,see,VOL-around|see,prep,21,0.0,0,1
VOL-around,see,VOL-around|see,prep,24,0.0,0,1
VOL-around,see,VOL-around|see,prep,27,0.0,0,1
VOL-around,see,VOL-around|see,prep,30,0.0,0,1
VOL-around,see,VOL-around|see,prep,33,0.0,0,1
VOL-around,see,VOL-around|see,prep,36,0.0,0,1
VOL-around,see,VOL-around|see,prep,39,1.0,1,1
VOL-around,see,VOL-around|see,prep,42,1.0,0,1
VOL-around,see,VOL-around|see,prep,45,1.0,0,1
VOL-around,see,VOL-around|see,prep,48,1.0,0,1
VOL-around,see,VOL-around|see,prep,51,1.0,0,1
VOL-around,see,VOL-around|see,prep,54,1.0,0,1
VOL-around,see,VOL-around|see,prep,57,1.0,0,1
VOL-around,see,VOL-around|see,prep,60,1.0,0,1
VOL-around,see,VOL-around|see,prep,63,1.0,0,1
VOL-around,see,VOL-around|see,prep,66,1.0,0,1
VOL-around,see,VOL-around|see,prep,69,1.0,0,1
VOL-around,twist,VOL-around|twist,prep,18,0.0,0,1
VOL-around,twist,VOL-around|twist,prep,21,0.0,0,1
VOL-around,twist,VOL-around|twist,prep,24,0.0,0,1
VOL-around,twist,VOL-around|twist,prep,27,0.0,0,1
VOL-around,twist,VOL-around|twist,prep,30,0.0,0,1
VOL-around,twist,VOL-around|twist,prep,33,0.0,0,1
VOL-around,twist,VOL-around|twist,prep,36,0.0,0,1
VOL-around,twist,VOL-around|twist,prep,39,0.0,0,1
VOL-around,twist,VOL-around|twist,prep,42,0.0,0,1
VOL-around,twist,VOL-around|twist,prep,45,0.0,0,1
VOL-around,twist,VOL-around|twist,prep,48,0.0,0,1
VOL-around,twist,VOL-around|twist,prep,51,0.0,0,1
VOL-around,twist,VOL-around|twist,prep,54,1.0,1,1
VOL-around,twist,VOL-around|twist,prep,57,1.0,0,1
VOL-around,twist,VOL-around|twist,prep,60,1.0,0,1
VOL-around,twist,VOL-around|twist,prep,63,1.0,0,1
VOL-around,twist,VOL-around|twist,prep,66,1.0,0,1
VOL-around,twist,VOL-around|twist,prep,69,1.0,0,1
VOL-around,walk,VOL-around|walk,prep,18,0.0,0,1
VOL-around,walk,VOL-around|walk,prep,21,0.0,0,1
VOL-around,walk,VOL-around|walk,prep,24,0.0,0,1
VOL-around,walk,VOL-around|walk,prep,27,0.0,0,1
VOL-around,walk,VOL-around|walk,prep,30,0.0,0,1
VOL-around,walk,VOL-around|walk,prep,33,0.0,0,1
VOL-around,walk,VOL-around|walk,prep,36,0.0,0,1
VOL-around,walk,VOL-around|walk,prep,39,0.0,0,1
VOL-around,walk,VOL-around|walk,prep,42,0.0,0,1
VOL-around,walk,VOL-around|walk,prep,45,0.0,0,1
VOL-around,walk,VOL-around|walk,prep,48,0.0,0,1
VOL-around,walk,VOL-around|walk,prep,51,0.0,0,1
VOL-around,walk,VOL-around|walk,prep,54,1.0,1,1
VOL-around,walk,VOL-around|walk,prep,57,1.0,0,1
VOL-around,walk,VOL-around|walk,prep,60,1.0,0,1
VOL-around,walk,VOL-around|walk,prep,63,1.0,0,1
VOL-around,walk,VOL-around|walk,prep,66,1.0,0,1
VOL-around,walk,VOL-around|walk,prep,69,1.0,0,1
VOL-behind,drag,VOL-behind|drag,prep,18,0.0,0,1
VOL-behind,drag,VOL-behind|drag,prep,21,0.0,0,1
VOL-behind,drag,VOL-behind|drag,prep,24,0.0,0,1
VOL-behind,drag,VOL-behind|drag,prep,27,0.0,0,1
VOL-behind,drag,VOL-behind|drag,prep,30,0.0,0,1
VOL-behind,drag,VOL-behind|drag,prep,33,0.0,0,1
VOL-behind,drag,VOL-behind|drag,prep,36,0.0,0,1
VOL-behind,drag,VOL-behind|drag,prep,39,0.0,0,1
VOL-behind,drag,VOL-behind|drag,prep,42,1.0,1,1
VOL-behind,drag,VOL-behind|drag,prep,45,1.0,0,1
VOL-behind,drag,VOL-behind|drag,prep,48,1.0,0,1
VOL-behind,drag,VOL-behind|drag,prep,51,1.0,0,1
VOL-behind,drag,VOL-behind|drag,prep,54,1.0,0,1
VOL-behind,drag,VOL-behind|drag,prep,57,1.0,0,1
VOL-behind,drag,VOL-behind|drag,prep,60,1.0,0,1
VOL-behind,drag,VOL-behind|drag,prep,63,1.0,0,1
VOL-behind,drag,VOL-behind|drag,prep,66,1.0,0,1
VOL-behind,drag,VOL-behind|drag,prep,69,1.0,0,1
VOL-behind,leave,VOL-behind|leave,prep,18,0.0,0,1
VOL-behind,leave,VOL-behind|leave,prep,21,0.0,0,1
VOL-behind,leave,VOL-behind|leave,prep,24,0.0,0,1
VOL-behind,leave,VOL-behind|leave,prep,27,0.0,0,1
VOL-behind,leave,VOL-behind|leave,prep,30,0.0,0,1
VOL-behind,leave,VOL-behind|leave,prep,33,0.0,0,1
VOL-behind,leave,VOL-behind|leave,prep,36,0.0,0,1
VOL-behind,leave,VOL-behind|leave,prep,39,0.0,0,1
VOL-behind,leave,VOL-behind|leave,prep,42,0.0,0,1
VOL-behind,leave,VOL-behind|leave,prep,45,0.0,0,1
VOL-behind,leave,VOL-behind|leave,prep,48,0.0,0,1
VOL-behind,leave,VOL-behind|leave,prep,51,0.0,0,1
VOL-behind,leave,VOL-behind|leave,prep,54,1.0,1,1
VOL-behind,leave,VOL-behind|leave,prep,57,1.0,0,1
VOL-behind,leave,VOL-behind|leave,prep,60,1.0,0,1
VOL-behind,leave,VOL-behind|leave,prep,63,1.0,0,1
VOL-behind,leave,VOL-behind|leave,prep,66,1.0,0,1
VOL-behind,leave,VOL-behind|leave,prep,69,1.0,0,1
VOL-behind,play,VOL-behind|play,prep,18,0.0,0,1
VOL-behind,play,VOL-behind|play,prep,21,0.0,0,1
VOL-behind,play,VOL-behind|play,prep,24,0.0,0,1
VOL-behind,play,VOL-behind|play,prep,27,0.0,0,1
VOL-behind,play,VOL-behind|play,prep,30,0.0,0,1
VOL-behind,play,VOL-behind|play,prep,33,0.0,0,1
VOL-behind,play,VOL-behind|play,prep,36,0.0,0,1
VOL-behind,play,VOL-behind|play,prep,39,0.0,0,1
VOL-behind,play,VOL-behind|play,prep,42,0.0,0,1
VOL-behind,play,VOL-behind|play,prep,45,1.0,1,1
VOL-behind,play,VOL-behind|play,prep,48,1.0,0,1
VOL-behind,play,VOL-behind|play,prep,51,1.0,0,1
VOL-behind,play,VOL-behind|play,prep,54,1.0,0,1
VOL-behind,play,VOL-behind|play,prep,57,1.0,0,1
VOL-behind,play,VOL-behind|play,prep,60,1.0,0,1
VOL-behind,play,VOL-behind|play,prep,63,1.0,0,1
VOL-behind,play,VOL-behind|play,prep,66,1.0,0,1
VOL-behind,play,VOL-behind|play,prep,69,1.0,0,1
VOL-behind,put,VOL-behind|put,prep,18,0.0,0,2
VOL-behind,put,VOL-behind|put,prep,21,0.0,0,2
VOL-behind,put,VOL-behind|put,prep,24,0.0,0,2
VOL-behind,put,VOL-behind|put,prep,27,0.0,0,2
VOL-behind,put,VOL-behind|put,prep,30,0.0,0,2
VOL-behind,put,VOL-behind|put,prep,33,0.0,0,2
VOL-behind,put,VOL-behind|put,prep,36,0.5,1,2
VOL-behind,put,VOL-behind|put,prep,39,1.0,1,2
VOL-behind,put,VOL-behind|put,prep,42,1.0,0,2
VOL-behind,put,VOL-behind|put,prep,45,1.0,0,2
VOL-behind,put,VOL-behind|put,prep,48,1.0,0,2
VOL-behind,put,VOL-behind|put,prep,51,1.0,0,2
VOL-behind,put,VOL-behind|put,prep,54,1.0,0,2
VOL-behind,put,VOL-behind|put,prep,57,1.0,0,2
VOL-behind,put,VOL-behind|put,prep,60,1.0,0,2
VOL-behind,put,VOL-behind|put,prep,63,1.0,0,2
VOL-behind,put,VOL-behind|put,prep,66,1.0,0,2
VOL-behind,put,VOL-behind|put,prep,69,1.0,0,2
VOL-down,bring,VOL-down|bring,prep,18,0.0,0,19
VOL-down,bring,VOL-down|bring,prep,21,0.0,0,19
VOL-down,bring,VOL-down|bring,prep,24,0.0,0,19
VOL-down,bring,VOL-down|bring,prep,27,0.05263157894736842,1,19
VOL-down,bring,VOL-down|bring,prep,30,0.15789473684210525,2,19
VOL-down,bring,VOL-down|bring,prep,33,0.3157894736842105,3,19
VOL-down,bring,VOL-down|bring,prep,36,0.631578947368421,6,19
VOL-down,bring,VOL-down|bring,prep,39,0.6842105263157895,1,19
VOL-down,bring,VOL-down|bring,prep,42,0.7894736842105263,2,19
VOL-down,bring,VOL-down|bring,prep,45,0.9473684210526315,3,19
VOL-down,bring,VOL-down|bring,prep,48,0.9473684210526315,0,19
VOL-down,bring,VOL-down|bring,prep,51,0.9473684210526315,0,19
VOL-down,bring,VOL-down|bring,prep,54,0.9473684210526315,0,19
VOL-down,bring,VOL-down|bring,prep,57,1.0,1,19
VOL-down,bring,VOL-down|bring,prep,60,1.0,0,19
VOL-down,bring,VOL-down|bring,prep,63,1.0,0,19
VOL-down,bring,VOL-down|bring,prep,66,1.0,0,19
VOL-down,bring,VOL-down|bring,prep,69,1.0,0,19
VOL-down,fall,VOL-down|fall,prep,18,0.0,0,24
VOL-down,fall,VOL-down|fall,prep,21,0.041666666666666664,1,24
VOL-down,fall,VOL-down|fall,prep,24,0.041666666666666664,0,24
VOL-down,fall,VOL-down|fall,prep,27,0.375,8,24
VOL-down,fall,VOL-down|fall,prep,30,0.875,12,24
VOL-down,fall,VOL-down|fall,prep,33,0.9583333333333334,2,24
VOL-down,fall,VOL-down|fall,prep,36,0.9583333333333334,0,24
VOL-down,fall,VOL-down|fall,prep,39,1.0,1,24
VOL-down,fall,VOL-down|fall,prep,42,1.0,0,24
VOL-down,fall,VOL-down|fall,prep,45,1.0,0,24
VOL-down,fall,VOL-down|fall,prep,48,1.0,0,24
VOL-down,fall,VOL-down|fall,prep,51,1.0,0,24
VOL-down,fall,VOL-down|fall,prep,54,1.0,0,24
VOL-down,fall,VOL-down|fall,prep,57,1.0,0,24
VOL-down,fall,VOL-down|fall,prep,60,1.0,0,24
VOL-down,fall,VOL-down|fall,prep,63,1.0,0,24
VOL-down,fall,VOL-down|fall,prep,66,1.0,0,24
VOL-down,fall,VOL-down|fall,prep,69,1.0,0,24
VOL-down,get,VOL-down|get,prep,18,0.0,0,23
VOL-down,get,VOL-down|get,prep,21,0.0,0,23
VOL-down,get,VOL-down|get,prep,24,0.0,0,23
VOL-down,get,VOL-down|get,prep,27,0.0,0,23
VOL-down,get,VOL-down|get,prep,30,0.043478260869565216,1,23
VOL-down,get,VOL-down|get,prep,33,0.17391304347826086,3,23
VOL-down,get,VOL-down|get,prep,36,0.34782608695652173,4,23
VOL-down,get,VOL-down|get,prep,39,0.5217391304347826,4,23
VOL-down,get,VOL-down|get,prep,42,0.5652173913043478,1,23
VOL-down,get,VOL-down|get,prep,45,0.6521739130434783,2,23
VOL-down,get,VOL-down|get,prep,48,0.6956521739130435,1,23
VOL-down,get,VOL-down|get,prep,51,0.7391304347826086,1,23
VOL-down,get,VOL-down|get,prep,54,0.782608695652174,1,23
VOL-down,get,VOL-down|get,prep,57,0.9130434782608695,3,23
VOL-down,get,VOL-down|get,prep,60,1.0,2,23
VOL-down,get,VOL-down|get,prep,63,1.0,0,23
VOL-down,get,VOL-down|get,prep,66,1.0,0,23
VOL-down,get,VOL-down|get,prep,69,1.0,0,23
VOL-down,knock,VOL-down|knock,prep,18,0.0,0,49
VOL-down,knock,VOL-down|knock,prep,21,0.0,0,49
VOL-down,knock,VOL-down|knock,prep,24,0.0,0,49
VOL-down,knock,VOL-down|knock,prep,27,0.0,0,49
VOL-down,knock,VOL-down|knock,prep,30,0.061224489795918366,3,49
VOL-down,knock,VOL-down|knock,prep,33,0.10204081632653061,2,49
VOL-down,knock,VOL-down|knock,prep,36,0.2857142857142857,9,49
VOL-down,knock,VOL-down|knock,prep,39,0.5102040816326531,11,49
VOL-down,knock,VOL-down|knock,prep,42,0.6938775510204082,9,49
VOL-down,knock,VOL-down|knock,prep,45,0.7346938775510204,2,49
VOL-down,knock,VOL-down|knock,prep,48,0.7346938775510204,0,49
VOL-down,knock,VOL-down|knock,prep,51,0.8367346938775511,5,49
VOL-down,knock,VOL-down|knock,prep,54,0.8367346938775511,0,49
VOL-down,knock,VOL-down|knock,prep,57,1.0,8,49
VOL-down,knock,VOL-down|knock,prep,60,1.0,0,49
VOL-down,knock,VOL-down|knock,prep,63,1.0,0,49
VOL-down,knock,VOL-down|knock,prep,66,1.0,0,49
VOL-down,knock,VOL-down|knock,prep,69,1.0,0,49
VOL-down,pull,VOL-down|pull,prep,18,0.0,0,8
VOL-down,pull,VOL-down|pull,prep,21,0.0,0,8
VOL-down,pull,VOL-down|pull,prep,24,0.375,3,8
VOL-down,pull,VOL-down|pull,prep,27,0.5,1,8
VOL-down,pull,VOL-down|pull,prep,30,0.625,1,8
VOL-down,pull,VOL-down|pull,prep,33,0.75,1,8
VOL-down,pull,VOL-down|pull,prep,36,0.75,0,8
VOL-down,pull,VOL-down|pull,prep,39,0.75,0,8
VOL-down,pull,VOL-down|pull,prep,42,0.75,0,8
VOL-down,pull,VOL-down|pull,prep,45,0.75,0,8
VOL-down,pull,VOL-down|pull,prep,48,0.875,1,8
VOL-down,pull,VOL-down|pull,prep,51,0.875,0,8
VOL-down,pull,VOL-down|pull,prep,54,0.875,0,8
VOL-down,pull,VOL-down|pull,prep,57,1.0,1,8
VOL-down,pull,VOL-down|pull,prep,60,1.0,0,8
VOL-down,pull,VOL-down|pull,prep,63,1.0,0,8
VOL-down,pull,VOL-down|pull,prep,66,1.0,0,8
VOL-down,pull,VOL-down|pull,prep,69,1.0,0,8
VOL-down,push,VOL-down|push,prep,18,0.0,0,19
VOL-down,push,VOL-down|push,prep,21,0.0,0,19
VOL-down,push,VOL-down|push,prep,24,0.0,0,19
VOL-down,push,VOL-down|push,prep,27,0.0,0,19
VOL-down,push,VOL-down|push,prep,30,0.15789473684210525,3,19
VOL-down,push,VOL-down|push,prep,33,0.15789473684210525,0,19
VOL-down,push,VOL-down|push,prep,36,0.21052631578947367,1,19
VOL-down,push,VOL-down|push,prep,39,0.2631578947368421,1,19
VOL-down,push,VOL-down|push,prep,42,0.3157894736842105,1,19
VOL-down,push,VOL-down|push,prep,45,0.42105263157894735,2,19
VOL-down,push,VOL-down|push,prep,48,0.631578947368421,4,19
VOL-down,push,VOL-down|push,prep,51,0.8421052631578947,4,19
VOL-down,push,VOL-down|push,prep,54,0.9473684210526315,2,19
VOL-down,push,VOL-down|push,prep,57,0.9473684210526315,0,19
VOL-down,push,VOL-down|push,prep,60,1.0,1,19
VOL-down,push,VOL-down|push,prep,63,1.0,0,19
VOL-down,push,VOL-down|push,prep,66,1.0,0,19
VOL-down,push,VOL-down|push,prep,69,1.0,0,19
VOL-down,put,VOL-down|put,prep,18,0.02247191011235955,2,89
VOL-down,put,VOL-down|put,prep,21,0.11235955056179775,8,89
VOL-down,put,VOL-down|put,prep,24,0.16853932584269662,5,89
VOL-down,put,VOL-down|put,prep,27,0.24719101123595505,7,89
VOL-down,put,VOL-down|put,prep,30,0.3595505617977528,10,89
VOL-down,put,VOL-down|put,prep,33,0.38202247191011235,2,89
VOL-down,put,VOL-down|put,prep,36,0.4606741573033708,7,89
VOL-down,put,VOL-down|put,prep,39,0.5617977528089888,9,89
VOL-down,put,VOL-down|put,prep,42,0.6179775280898876,5,89
VOL-down,put,VOL-down|put,prep,45,0.6629213483146067,4,89
VOL-down,put,VOL-down|put,prep,48,0.7752808988764045,10,89
VOL-down,put,VOL-down|put,prep,51,0.8876404494382022,10,89
VOL-down,put,VOL-down|put,prep,54,0.9101123595505618,2,89
VOL-down,put,VOL-down|put,prep,57,0.9662921348314607,5,89
VOL-down,put,VOL-down|put,prep,60,1.0,3,89
VOL-down,put,VOL-down|put,prep,63,1.0,0,89
VOL-down,put,VOL-down|put,prep,66,1.0,0,89
VOL-down,put,VOL-down|put,prep,69,1.0,0,89
VOL-down,sit,VOL-down|sit,prep,18,0.1111111111111111,2,18
VOL-down,sit,VOL-down|sit,prep,21,0.1111111111111111,0,18
VOL-down,sit,VOL-down|sit,prep,24,0.16666666666666666,1,18
VOL-down,sit,VOL-down|sit,prep,27,0.5,6,18
VOL-down,sit,VOL-down|sit,prep,30,0.5555555555555556,1,18
VOL-down,sit,VOL-down|sit,prep,33,0.5555555555555556,0,18
VOL-down,sit,VOL-down|sit,prep,36,0.7777777777777778,4,18
VOL-down,sit,VOL-down|sit,prep,39,0.8333333333333334,1,18
VOL-down,sit,VOL-down|sit,prep,42,0.8888888888888888,1,18
VOL-down,sit,VOL-down|sit,prep,45,0.8888888888888888,0,18
VOL-down,sit,VOL-down|sit,prep,48,1.0,2,18
VOL-down,sit,VOL-down|sit,prep,51,1.0,0,18
VOL-down,sit,VOL-down|sit,prep,54,1.0,0,18
VOL-down,sit,VOL-down|sit,prep,57,1.0,0,18
VOL-down,sit,VOL-down|sit,prep,60,1.0,0,18
VOL-down,sit,VOL-down|sit,prep,63,1.0,0,18
VOL-down,sit,VOL-down|sit,prep,66,1.0,0,18
VOL-down,sit,VOL-down|sit,prep,69,1.0,0,18
VOL-from,get,VOL-from|get,prep,18,0.0,0,19
VOL-from,get,VOL-from|get,prep,21,0.0,0,19
VOL-from,get,VOL-from|get,prep,24,0.0,0,19
VOL-from,get,VOL-from|get,prep,27,0.0,0,19
VOL-from,get,VOL-from|get,prep,30,0.05263157894736842,1,19
VOL-from,get,VOL-from|get,prep,33,0.05263157894736842,0,19
VOL-from,get,VOL-from|get,prep,36,0.10526315789473684,1,19
VOL-from,get,VOL-from|get,prep,39,0.10526315789473684,0,19
VOL-from,get,VOL-from|get,prep,42,0.3157894736842105,4,19
VOL-from,get,VOL-from|get,prep,45,0.3684210526315789,1,19
VOL-from,get,VOL-from|get,prep,48,0.5789473684210527,4,19
VOL-from,get,VOL-from|get,prep,51,1.0,8,19
VOL-from,get,VOL-from|get,prep,54,1.0,0,19
VOL-from,get,VOL-from|get,prep,57,1.0,0,19
VOL-from,get,VOL-from|get,prep,60,1.0,0,19
VOL-from,get,VOL-from|get,prep,63,1.0,0,19
VOL-from,get,VOL-from|get,prep,66,1.0,0,19
VOL-from,get,VOL-from|get,prep,69,1.0,0,19
VOL-in,get,VOL-in|get,prep,18,0.007751937984496124,1,129
VOL-in,get,VOL-in|get,prep,21,0.023255813953488372,2,129
VOL-in,get,VOL-in|get,prep,24,0.031007751937984496,1,129
VOL-in,get,VOL-in|get,prep,27,0.07751937984496124,6,129
VOL-in,get,VOL-in|get,prep,30,0.12403100775193798,6,129
VOL-in,get,VOL-in|get,prep,33,0.20930232558139536,11,129
VOL-in,get,VOL-in|get,prep,36,0.31007751937984496,13,129
VOL-in,get,VOL-in|get,prep,39,0.5426356589147286,30,129
VOL-in,get,VOL-in|get,prep,42,0.6744186046511628,17,129
VOL-in,get,VOL-in|get,prep,45,0.7596899224806202,11,129
VOL-in,get,VOL-in|get,prep,48,0.8372093023255814,10,129
VOL-in,get,VOL-in|get,prep,51,0.8837209302325582,6,129
VOL-in,get,VOL-in|get,prep,54,0.9147286821705426,4,129
VOL-in,get,VOL-in|get,prep,57,0.9612403100775194,6,129
VOL-in,get,VOL-in|get,prep,60,1.0,5,129
VOL-in,get,VOL-in|get,prep,63,1.0,0,129
VOL-in,get,VOL-in|get,prep,66,1.0,0,129
VOL-in,get,VOL-in|get,prep,69,1.0,0,129
VOL-in,go,VOL-in|go,prep,18,0.0,0,15
VOL-in,go,VOL-in|go,prep,21,0.2,3,15
VOL-in,go,VOL-in|go,prep,24,0.2,0,15
VOL-in,go,VOL-in|go,prep,27,0.3333333333333333,2,15
VOL-in,go,VOL-in|go,prep,30,0.5333333333333333,3,15
VOL-in,go,VOL-in|go,prep,33,0.6666666666666666,2,15
VOL-in,go,VOL-in|go,prep,36,0.7333333333333333,1,15
VOL-in,go,VOL-in|go,prep,39,0.8,1,15
VOL-in,go,VOL-in|go,prep,42,0.9333333333333333,2,15
VOL-in,go,VOL-in|go,prep,45,1.0,1,15
VOL-in,go,VOL-in|go,prep,48,1.0,0,15
VOL-in,go,VOL-in|go,prep,51,1.0,0,15
VOL-in,go,VOL-in|go,prep,54,1.0,0,15
VOL-in,go,VOL-in|go,prep,57,1.0,0,15
VOL-in,go,VOL-in|go,prep,60,1.0,0,15
VOL-in,go,VOL-in|go,prep,63,1.0,0,15
VOL-in,go,VOL-in|go,prep,66,1.0,0,15
VOL-in,go,VOL-in|go,prep,69,1.0,0,15
VOL-in,leave,VOL-in|leave,prep,18,0.0,0,8
VOL-in,leave,VOL-in|leave,prep,21,0.0,0,8
VOL-in,leave,VOL-in|leave,prep,24,0.0,0,8
VOL-in,leave,VOL-in|leave,prep,27,0.0,0,8
VOL-in,leave,VOL-in|leave,prep,30,0.25,2,8
VOL-in,leave,VOL-in|leave,prep,33,0.375,1,8
VOL-in,leave,VOL-in|leave,prep,36,0.375,0,8
VOL-in,leave,VOL-in|leave,prep,39,0.5,1,8
VOL-in,leave,VOL-in|leave,prep,42,0.625,1,8
VOL-in,leave,VOL-in|leave,prep,45,0.625,0,8
VOL-in,leave,VOL-in|leave,prep,48,0.625,0,8
VOL-in,leave,VOL-in|leave,prep,51,0.75,1,8
VOL-in,leave,VOL-in|leave,prep,54,0.875,1,8
VOL-in,leave,VOL-in|leave,prep,57,0.875,0,8
VOL-in,leave,VOL-in|leave,prep,60,1.0,1,8
VOL-in,leave,VOL-in|leave,prep,63,1.0,0,8
VOL-in,leave,VOL-in|leave,prep,66,1.0,0,8
VOL-in,leave,VOL-in|leave,prep,69,1.0,0,8
VOL-in,need,VOL-in|need,prep,18,0.08333333333333333,1,12
VOL-in,need,VOL-in|need,prep,21,0.16666666666666666,1,12
VOL-in,need,VOL-in|need,prep,24,0.16666666666666666,0,12
VOL-in,need,VOL-in|need,prep,27,0.16666666666666666,0,12
VOL-in,need,VOL-in|need,prep,30,0.16666666666666666,0,12
VOL-in,need,VOL-in|need,prep,33,0.3333333333333333,2,12
VOL-in,need,VOL-in|need,prep,36,0.3333333333333333,0,12
VOL-in,need,VOL-in|need,prep,39,0.4166666666666667,1,12
VOL-in,need,VOL-in|need,prep,42,0.6666666666666666,3,12
VOL-in,need,VOL-in|need,prep,45,0.75,1,12
VOL-in,need,VOL-in|need,prep,48,0.9166666666666666,2,12
VOL-in,need,VOL-in|need,prep,51,1.0,1,12
VOL-in,need,VOL-in|need,prep,54,1.0,0,12
VOL-in,need,VOL-in|need,prep,57,1.0,0,12
VOL-in,need,VOL-in|need,prep,60,1.0,0,12
VOL-in,need,VOL-in|need,prep,63,1.0,0,12
VOL-in,need,VOL-in|need,prep,66,1.0,0,12
VOL-in,need,VOL-in|need,prep,69,1.0,0,12
VOL-in,play,VOL-in|play,prep,18,0.0,0,5
VOL-in,play,VOL-in|play,prep,21,0.0,0,5
VOL-in,play,VOL-in|play,prep,24,0.0,0,5
VOL-in,play,VOL-in|play,prep,27,0.0,0,5
VOL-in,play,VOL-in|play,prep,30,0.0,0,5
VOL-in,play,VOL-in|play,prep,33,0.2,1,5
VOL-in,play,VOL-in|play,prep,36,0.6,2,5
VOL-in,play,VOL-in|play,prep,39,0.6,0,5
VOL-in,play,VOL-in|play,prep,42,0.6,0,5
VOL-in,play,VOL-in|play,prep,45,0.6,0,5
VOL-in,play,VOL-in|play,prep,48,0.8,1,5
VOL-in,play,VOL-in|play,prep,51,1.0,1,5
VOL-in,play,VOL-in|play,prep,54,1.0,0,5
VOL-in,play,VOL-in|play,prep,57,1.0,0,5
VOL-in,play,VOL-in|play,prep,60,1.0,0,5
VOL-in,play,VOL-in|play,prep,63,1.0,0,5
VOL-in,play,VOL-in|play,prep,66,1.0,0,5
VOL-in,play,VOL-in|play,prep,69,1.0,0,5
VOL-in,put,VOL-in|put,prep,18,0.0015015015015015015,1,666
VOL-in,put,VOL-in|put,prep,21,0.12162162162162163,80,666
VOL-in,put,VOL-in|put,prep,24,0.16066066066066065,26,666
VOL-in,put,VOL-in|put,prep,27,0.20270270270270271,28,666
VOL-in,put,VOL-in|put,prep,30,0.26126126126126126,39,666
VOL-in,put,VOL-in|put,prep,33,0.32432432432432434,42,666
VOL-in,put,VOL-in|put,prep,36,0.4444444444444444,80,666
VOL-in,put,VOL-in|put,prep,39,0.5705705705705706,84,666
VOL-in,put,VOL-in|put,prep,42,0.6726726726726727,68,666
VOL-in,put,VOL-in|put,prep,45,0.7552552552552553,55,666
VOL-in,put,VOL-in|put,prep,48,0.8363363363363363,54,666
VOL-in,put,VOL-in|put,prep,51,0.9054054054054054,46,666
VOL-in,put,VOL-in|put,prep,54,0.9369369369369369,21,666
VOL-in,put,VOL-in|put,prep,57,0.9774774774774775,27,666
VOL-in,put,VOL-in|put,prep,60,1.0,15,666
VOL-in,put,VOL-in|put,prep,63,1.0,0,666
VOL-in,put,VOL-in|put,prep,66,1.0,0,666
VOL-in,put,VOL-in|put,prep,69,1.0,0,666
VOL-in,take,VOL-in|take,prep,18,0.05263157894736842,1,19
VOL-in,take,VOL-in|take,prep,21,0.05263157894736842,0,19
VOL-in,take,VOL-in|take,prep,24,0.2631578947368421,4,19
VOL-in,take,VOL-in|take,prep,27,0.2631578947368421,0,19
VOL-in,take,VOL-in|take,prep,30,0.47368421052631576,4,19
VOL-in,take,VOL-in|take,prep,33,0.5263157894736842,1,19
VOL-in,take,VOL-in|take,prep,36,0.5263157894736842,0,19
VOL-in,take,VOL-in|take,prep,39,0.631578947368421,2,19
VOL-in,take,VOL-in|take,prep,42,0.7894736842105263,3,19
VOL-in,take,VOL-in|take,prep,45,0.8421052631578947,1,19
VOL-in,take,VOL-in|take,prep,48,0.8421052631578947,0,19
VOL-in,take,VOL-in|take,prep,51,0.8421052631578947,0,19
VOL-in,take,VOL-in|take,prep,54,0.9473684210526315,2,19
VOL-in,take,VOL-in|take,prep,57,1.0,1,19
VOL-in,take,VOL-in|take,prep,60,1.0,0,19
VOL-in,take,VOL-in|take,prep,63,1.0,0,19
VOL-in,take,VOL-in|take,prep,66,1.0,0,19
VOL-in,take,VOL-in|take,prep,69,1.0,0,19
VOL-in,want,VOL-in|want,prep,18,0.02857142857142857,1,35
VOL-in,want,VOL-in|want,prep,21,0.05714285714285714,1,35
VOL-in,want,VOL-in|want,prep,24,0.14285714285714285,3,35
VOL-in,want,VOL-in|want,prep,27,0.14285714285714285,0,35
VOL-in,want,VOL-in|want,prep,30,0.22857142857142856,3,35
VOL-in,want,VOL-in|want,prep,33,0.34285714285714286,4,35
VOL-in,want,VOL-in|want,prep,36,0.6857142857142857,12,35
VOL-in,want,VOL-in|want,prep,39,0.7428571428571429,2,35
VOL-in,want,VOL-in|want,prep,42,0.8,2,35
VOL-in,want,VOL-in|want,prep,45,0.8857142857142857,3,35
VOL-in,want,VOL-in|want,prep,48,0.9428571428571428,2,35
VOL-in,want,VOL-in|want,prep,51,0.9428571428571428,0,35
VOL-in,want,VOL-in|want,prep,54,0.9428571428571428,0,35
VOL-in,want,VOL-in|want,prep,57,1.0,2,35
VOL-in,want,VOL-in|want,prep,60,1.0,0,35
VOL-in,want,VOL-in|want,prep,63,1.0,0,35
VOL-in,want,VOL-in|want,prep,66,1.0,0,35
VOL-in,want,VOL-in|want,prep,69,1.0,0,35
VOL-into,get,VOL-into|get,prep,18,0.0,0,3
VOL-into,get,VOL-into|get,prep,21,0.0,0,3
VOL-into,get,VOL-into|get,prep,24,0.0,0,3
VOL-into,get,VOL-into|get,prep,27,0.0,0,3
VOL-into,get,VOL-into|get,prep,30,0.0,0,3
VOL-into,get,VOL-into|get,prep,33,0.3333333333333333,1,3
VOL-into,get,VOL-into|get,prep,36,0.3333333333333333,0,3
VOL-into,get,VOL-into|get,prep,39,0.6666666666666666,1,3
VOL-into,get,VOL-into|get,prep,42,0.6666666666666666,0,3
VOL-into,get,VOL-into|get,prep,45,0.6666666666666666,0,3
VOL-into,get,VOL-into|get,prep,48,0.6666666666666666,0,3
VOL-into,get,VOL-into|get,prep,51,0.6666666666666666,0,3
VOL-into,get,VOL-into|get,prep,54,0.6666666666666666,0,3
VOL-into,get,VOL-into|get,prep,57,1.0,1,3
VOL-into,get,VOL-into|get,prep,60,1.0,0,3
VOL-into,get,VOL-into|get,prep,63,1.0,0,3
VOL-into,get,VOL-into|get,prep,66,1.0,0,3
VOL-into,get,VOL-into|get,prep,69,1.0,0,3
VOL-into,grab,VOL-into|grab,prep,18,0.0,0,2
VOL-into,grab,VOL-into|grab,prep,21,0.0,0,2
VOL-into,grab,VOL-into|grab,prep,24,0.0,0,2
VOL-into,grab,VOL-into|grab,prep,27,0.0,0,2
VOL-into,grab,VOL-into|grab,prep,30,0.0,0,2
VOL-into,grab,VOL-into|grab,prep,33,0.0,0,2
VOL-into,grab,VOL-into|grab,prep,36,0.0,0,2
VOL-into,grab,VOL-into|grab,prep,39,1.0,2,2
VOL-into,grab,VOL-into|grab,prep,42,1.0,0,2
VOL-into,grab,VOL-into|grab,prep,45,1.0,0,2
VOL-into,grab,VOL-into|grab,prep,48,1.0,0,2
VOL-into,grab,VOL-into|grab,prep,51,1.0,0,2
VOL-into,grab,VOL-into|grab,prep,54,1.0,0,2
VOL-into,grab,VOL-into|grab,prep,57,1.0,0,2
VOL-into,grab,VOL-into|grab,prep,60,1.0,0,2
VOL-into,grab,VOL-into|grab,prep,63,1.0,0,2
VOL-into,grab,VOL-into|grab,prep,66,1.0,0,2
VOL-into,grab,VOL-into|grab,prep,69,1.0,0,2
VOL-into,make,VOL-into|make,prep,18,0.0,0,2
VOL-into,make,VOL-into|make,prep,21,0.0,0,2
VOL-into,make,VOL-into|make,prep,24,0.0,0,2
VOL-into,make,VOL-into|make,prep,27,0.0,0,2
VOL-into,make,VOL-into|make,prep,30,0.0,0,2
VOL-into,make,VOL-into|make,prep,33,0.5,1,2
VOL-into,make,VOL-into|make,prep,36,0.5,0,2
VOL-into,make,VOL-into|make,prep,39,0.5,0,2
VOL-into,make,VOL-into|make,prep,42,0.5,0,2
VOL-into,make,VOL-into|make,prep,45,0.5,0,2
VOL-into,make,VOL-into|make,prep,48,0.5,0,2
VOL-into,make,VOL-into|make,prep,51,0.5,0,2
VOL-into,make,VOL-into|make,prep,54,0.5,0,2
VOL-into,make,VOL-into|make,prep,57,1.0,1,2
VOL-into,make,VOL-into|make,prep,60,1.0,0,2
VOL-into,make,VOL-into|make,prep,63,1.0,0,2
VOL-into,make,VOL-into|make,prep,66,1.0,0,2
VOL-into,make,VOL-into|make,prep,69,1.0,0,2
VOL-into,pour,VOL-into|pour,prep,18,0.0,0,3
VOL-into,pour,VOL-into|pour,prep,21,0.0,0,3
VOL-into,pour,VOL-into|pour,prep,24,0.0,0,3
VOL-into,pour,VOL-into|pour,prep,27,0.0,0,3
VOL-into,pour,VOL-into|pour,prep,30,0.6666666666666666,2,3
VOL-into,pour,VOL-into|pour,prep,33,0.6666666666666666,0,3
VOL-into,pour,VOL-into|pour,prep,36,0.6666666666666666,0,3
VOL-into,pour,VOL-into|pour,prep,39,0.6666666666666666,0,3
VOL-into,pour,VOL-into|pour,prep,42,0.6666666666666666,0,3
VOL-into,pour,VOL-into|pour,prep,45,0.6666666666666666,0,3
VOL-into,pour,VOL-into|pour,prep,48,0.6666666666666666,0,3
VOL-into,pour,VOL-into|pour,prep,51,0.6666666666666666,0,3
VOL-into,pour,VOL-into|pour,prep,54,1.0,1,3
VOL-into,pour,VOL-into|pour,prep,57,1.0,0,3
VOL-into,pour,VOL-into|pour,prep,60,1.0,0,3
VOL-into,pour,VOL-into|pour,prep,63,1.0,0,3
VOL-into,pour,VOL-into|pour,prep,66,1.0,0,3
VOL-into,pour,VOL-into|pour,prep,69,1.0,0,3
VOL-into,push,VOL-into|push,prep,18,0.0,0,4
VOL-into,push,VOL-into|push,prep,21,0.0,0,4
VOL-into,push,VOL-into|push,prep,24,0.0,0,4
VOL-into,push,VOL-into|push,prep,27,0.25,1,4
VOL-into,push,VOL-into|push,prep,30,0.25,0,4
VOL-into,push,VOL-into|push,prep,33,0.75,2,4
VOL-into,push,VOL-into|push,prep,36,0.75,0,4
VOL-into,push,VOL-into|push,prep,39,0.75,0,4
VOL-into,push,VOL-into|push,prep,42,0.75,0,4
VOL-into,push,VOL-into|push,prep,45,1.0,1,4
VOL-into,push,VOL-into|push,prep,48,1.0,0,4
VOL-into,push,VOL-into|push,prep,51,1.0,0,4
VOL-into,push,VOL-into|push,prep,54,1.0,0,4
VOL-into,push,VOL-into|push,prep,57,1.0,0,4
VOL-into,push,VOL-into|push,prep,60,1.0,0,4
VOL-into,push,VOL-into|push,prep,63,1.0,0,4
VOL-into,push,VOL-into|push,prep,66,1.0,0,4
VOL-into,push,VOL-into|push,prep,69,1.0,0,4
VOL-into,put,VOL-into|put,prep,18,0.0,0,3
VOL-into,put,VOL-into|put,prep,21,0.0,0,3
VOL-into,put,VOL-into|put,prep,24,0.0,0,3
VOL-into,put,VOL-into|put,prep,27,0.3333333333333333,1,3
VOL-into,put,VOL-into|put,prep,30,0.3333333333333333,0,3
VOL-into,put,VOL-into|put,prep,33,0.3333333333333333,0,3
VOL-into,put,VOL-into|put,prep,36,0.3333333333333333,0,3
VOL-into,put,VOL-into|put,prep,39,0.3333333333333333,0,3
VOL-into,put,VOL-into|put,prep,42,1.0,2,3
VOL-into,put,VOL-into|put,prep,45,1.0,0,3
VOL-into,put,VOL-into|put,prep,48,1.0,0,3
VOL-into,put,VOL-into|put,prep,51,1.0,0,3
VOL-into,put,VOL-into|put,prep,54,1.0,0,3
VOL-into,put,VOL-into|put,prep,57,1.0,0,3
VOL-into,put,VOL-into|put,prep,60,1.0,0,3
VOL-into,put,VOL-into|put,prep,63,1.0,0,3
VOL-into,put,VOL-into|put,prep,66,1.0,0,3
VOL-into,put,VOL-into|put,prep,69,1.0,0,3
VOL-into,roll,VOL-into|roll,prep,18,0.0,0,2
VOL-into,roll,VOL-into|roll,prep,21,0.0,0,2
VOL-into,roll,VOL-into|roll,prep,24,0.0,0,2
VOL-into,roll,VOL-into|roll,prep,27,0.0,0,2
VOL-into,roll,VOL-into|roll,prep,30,0.0,0,2
VOL-into,roll,VOL-into|roll,prep,33,0.0,0,2
VOL-into,roll,VOL-into|roll,prep,36,0.0,0,2
VOL-into,roll,VOL-into|roll,prep,39,0.0,0,2
VOL-into,roll,VOL-into|roll,prep,42,0.0,0,2
VOL-into,roll,VOL-into|roll,prep,45,0.5,1,2
VOL-into,roll,VOL-into|roll,prep,48,0.5,0,2
VOL-into,roll,VOL-into|roll,prep,51,0.5,0,2
VOL-into,roll,VOL-into|roll,prep,54,0.5,0,2
VOL-into,roll,VOL-into|roll,prep,57,1.0,1,2
VOL-into,roll,VOL-into|roll,prep,60,1.0,0,2
VOL-into,roll,VOL-into|roll,prep,63,1.0,0,2
VOL-into,roll,VOL-into|roll,prep,66,1.0,0,2
VOL-into,roll,VOL-into|roll,prep,69,1.0,0,2
VOL-into,take,VOL-into|take,prep,18,0.0,0,2
VOL-into,take,VOL-into|take,prep,21,0.0,0,2
VOL-into,take,VOL-into|take,prep,24,0.5,1,2
VOL-into,take,VOL-into|take,prep,27,0.5,0,2
VOL-into,take,VOL-into|take,prep,30,0.5,0,2
VOL-into,take,VOL-into|take,prep,33,0.5,0,2
VOL-into,take,VOL-into|take,prep,36,0.5,0,2
VOL-into,take,VOL-into|take,prep,39,0.5,0,2
VOL-into,take,VOL-into|take,prep,42,1.0,1,2
VOL-into,take,VOL-into|take,prep,45,1.0,0,2
VOL-into,take,VOL-into|take,prep,48,1.0,0,2
VOL-into,take,VOL-into|take,prep,51,1.0,0,2
VOL-into,take,VOL-into|take,prep,54,1.0,0,2
VOL-into,take,VOL-into|take,prep,57,1.0,0,2
VOL-into,take,VOL-into|take,prep,60,1.0,0,2
VOL-into,take,VOL-into|take,prep,63,1.0,0,2
VOL-into,take,VOL-into|take,prep,66,1.0,0,2
VOL-into,take,VOL-into|take,prep,69,1.0,0,2
VOL-off,break,VOL-off|break,prep,18,0.09090909090909091,1,11
VOL-off,break,VOL-off|break,prep,21,0.18181818181818182,1,11
VOL-off,break,VOL-off|break,prep,24,0.18181818181818182,0,11
VOL-off,break,VOL-off|break,prep,27,0.18181818181818182,0,11
VOL-off,break,VOL-off|break,prep,30,0.2727272727272727,1,11
VOL-off,break,VOL-off|break,prep,33,0.2727272727272727,0,11
VOL-off,break,VOL-off|break,prep,36,0.2727272727272727,0,11
VOL-off,break,VOL-off|break,prep,39,0.6363636363636364,4,11
VOL-off,break,VOL-off|break,prep,42,0.8181818181818182,2,11
VOL-off,break,VOL-off|break,prep,45,0.8181818181818182,0,11
VOL-off,break,VOL-off|break,prep,48,0.8181818181818182,0,11
VOL-off,break,VOL-off|break,prep,51,1.0,2,11
VOL-off,break,VOL-off|break,prep,54,1.0,0,11
VOL-off,break,VOL-off|break,prep,57,1.0,0,11
VOL-off,break,VOL-off|break,prep,60,1.0,0,11
VOL-off,break,VOL-off|break,prep,63,1.0,0,11
VOL-off,break,VOL-off|break,prep,66,1.0,0,11
VOL-off,break,VOL-off|break,prep,69,1.0,0,11
VOL-off,cut,VOL-off|cut,prep,18,0.0,0,34
VOL-off,cut,VOL-off|cut,prep,21,0.029411764705882353,1,34
VOL-off,cut,VOL-off|cut,prep,24,0.058823529411764705,1,34
VOL-off,cut,VOL-off|cut,prep,27,0.058823529411764705,0,34
VOL-off,cut,VOL-off|cut,prep,30,0.17647058823529413,4,34
VOL-off,cut,VOL-off|cut,prep,33,0.17647058823529413,0,34
VOL-off,cut,VOL-off|cut,prep,36,0.2647058823529412,3,34
VOL-off,cut,VOL-off|cut,prep,39,0.3235294117647059,2,34
VOL-off,cut,VOL-off|cut,prep,42,0.38235294117647056,2,34
VOL-off,cut,VOL-off|cut,prep,45,0.47058823529411764,3,34
VOL-off,cut,VOL-off|cut,prep,48,0.7352941176470589,9,34
VOL-off,cut,VOL-off|cut,prep,51,0.7647058823529411,1,34
VOL-off,cut,VOL-off|cut,prep,54,0.9411764705882353,6,34
VOL-off,cut,VOL-off|cut,prep,57,1.0,2,34
VOL-off,cut,VOL-off|cut,prep,60,1.0,0,34
VOL-off,cut,VOL-off|cut,prep,63,1.0,0,34
VOL-off,cut,VOL-off|cut,prep,66,1.0,0,34
VOL-off,cut,VOL-off|cut,prep,69,1.0,0,34
VOL-off,get,VOL-off|get,prep,18,0.017857142857142856,1,56
VOL-off,get,VOL-off|get,prep,21,0.05357142857142857,2,56
VOL-off,get,VOL-off|get,prep,24,0.125,4,56
VOL-off,get,VOL-off|get,prep,27,0.16071428571428573,2,56
VOL-off,get,VOL-off|get,prep,30,0.21428571428571427,3,56
VOL-off,get,VOL-off|get,prep,33,0.32142857142857145,6,56
VOL-off,get,VOL-off|get,prep,36,0.4107142857142857,5,56
VOL-off,get,VOL-off|get,prep,39,0.4642857142857143,3,56
VOL-off,get,VOL-off|get,prep,42,0.5892857142857143,7,56
VOL-off,get,VOL-off|get,prep,45,0.6964285714285714,6,56
VOL-off,get,VOL-off|get,prep,48,0.8571428571428571,9,56
VOL-off,get,VOL-off|get,prep,51,0.875,1,56
VOL-off,get,VOL-off|get,prep,54,0.9107142857142857,2,56
VOL-off,get,VOL-off|get,prep,57,0.9821428571428571,4,56
VOL-off,get,VOL-off|get,prep,60,1.0,1,56
VOL-off,get,VOL-off|get,prep,63,1.0,0,56
VOL-off,get,VOL-off|get,prep,66,1.0,0,56
VOL-off,get,VOL-off|get,prep,69,1.0,0,56
VOL-off,pull,VOL-off|pull,prep,18,0.0,0,9
VOL-off,pull,VOL-off|pull,prep,21,0.0,0,9
VOL-off,pull,VOL-off|pull,prep,24,0.0,0,9
VOL-off,pull,VOL-off|pull,prep,27,0.0,0,9
VOL-off,pull,VOL-off|pull,prep,30,0.1111111111111111,1,9
VOL-off,pull,VOL-off|pull,prep,33,0.4444444444444444,3,9
VOL-off,pull,VOL-off|pull,prep,36,0.4444444444444444,0,9
VOL-off,pull,VOL-off|pull,prep,39,0.6666666666666666,2,9
VOL-off,pull,VOL-off|pull,prep,42,0.7777777777777778,1,9
VOL-off,pull,VOL-off|pull,prep,45,0.7777777777777778,0,9
VOL-off,pull,VOL-off|pull,prep,48,0.8888888888888888,1,9
VOL-off,pull,VOL-off|pull,prep,51,1.0,1,9
VOL-off,pull,VOL-off|pull,prep,54,1.0,0,9
VOL-off,pull,VOL-off|pull,prep,57,1.0,0,9
VOL-off,pull,VOL-off|pull,prep,60,1.0,0,9
VOL-off,pull,VOL-off|pull,prep,63,1.0,0,9
VOL-off,pull,VOL-off|pull,prep,66,1.0,0,9
VOL-off,pull,VOL-off|pull,prep,69,1.0,0,9
VOL-off,take,VOL-off|take,prep,18,0.0,0,245
VOL-off,take,VOL-off|take,prep,21,0.024489795918367346,6,245
VOL-off,take,VOL-off|take,prep,24,0.07755102040816327,13,245
VOL-off,take,VOL-off|take,prep,27,0.15918367346938775,20,245
VOL-off,take,VOL-off|take,prep,30,0.20408163265306123,11,245
VOL-off,take,VOL-off|take,prep,33,0.27755102040816326,18,245
VOL-off,take,VOL-off|take,prep,36,0.46530612244897956,46,245
VOL-off,take,VOL-off|take,prep,39,0.5877551020408164,30,245
VOL-off,take,VOL-off|take,prep,42,0.6448979591836734,14,245
VOL-off,take,VOL-off|take,prep,45,0.7591836734693878,28,245
VOL-off,take,VOL-off|take,prep,48,0.8122448979591836,13,245
VOL-off,take,VOL-off|take,prep,51,0.8734693877551021,15,245
VOL-off,take,VOL-off|take,prep,54,0.889795918367347,4,245
VOL-off,take,VOL-off|take,prep,57,0.9795918367346939,22,245
VOL-off,take,VOL-off|take,prep,60,1.0,5,245
VOL-off,take,VOL-off|take,prep,63,1.0,0,245
VOL-off,take,VOL-off|take,prep,66,1.0,0,245
VOL-off,take,VOL-off|take,prep,69,1.0,0,245
VOL-off,turn,VOL-off|turn,prep,18,0.0,0,19
VOL-off,turn,VOL-off|turn,prep,21,0.0,0,19
VOL-off,turn,VOL-off|turn,prep,24,0.05263157894736842,1,19
VOL-off,turn,VOL-off|turn,prep,27,0.10526315789473684,1,19
VOL-off,turn,VOL-off|turn,prep,30,0.15789473684210525,1,19
VOL-off,turn,VOL-off|turn,prep,33,0.3684210526315789,4,19
VOL-off,turn,VOL-off|turn,prep,36,0.5789473684210527,4,19
VOL-off,turn,VOL-off|turn,prep,39,0.6842105263157895,2,19
VOL-off,turn,VOL-off|turn,prep,42,0.6842105263157895,0,19
VOL-off,turn,VOL-off|turn,prep,45,0.6842105263157895,0,19
VOL-off,turn,VOL-off|turn,prep,48,0.7894736842105263,2,19
VOL-off,turn,VOL-off|turn,prep,51,0.8947368421052632,2,19
VOL-off,turn,VOL-off|turn,prep,54,1.0,2,19
VOL-off,turn,VOL-off|turn,prep,57,1.0,0,19
VOL-off,turn,VOL-off|turn,prep,60,1.0,0,19
VOL-off,turn,VOL-off|turn,prep,63,1.0,0,19
VOL-off,turn,VOL-off|turn,prep,66,1.0,0,19
VOL-off,turn,VOL-off|turn,prep,69,1.0,0,19
VOL-off,want,VOL-off|want,prep,18,0.0,0,17
VOL-off,want,VOL-off|want,prep,21,0.0,0,17
VOL-off,want,VOL-off|want,prep,24,0.058823529411764705,1,17
VOL-off,want,VOL-off|want,prep,27,0.058823529411764705,0,17
VOL-off,want,VOL-off|want,prep,30,0.23529411764705882,3,17
VOL-off,want,VOL-off|want,prep,33,0.29411764705882354,1,17
VOL-off,want,VOL-off|want,prep,36,0.6470588235294118,6,17
VOL-off,want,VOL-off|want,prep,39,0.8823529411764706,4,17
VOL-off,want,VOL-off|want,prep,42,0.8823529411764706,0,17
VOL-off,want,VOL-off|want,prep,45,0.9411764705882353,1,17
VOL-off,want,VOL-off|want,prep,48,0.9411764705882353,0,17
VOL-off,want,VOL-off|want,prep,51,1.0,1,17
VOL-off,want,VOL-off|want,prep,54,1.0,0,17
VOL-off,want,VOL-off|want,prep,57,1.0,0,17
VOL-off,want,VOL-off|want,prep,60,1.0,0,17
VOL-off,want,VOL-off|want,prep,63,1.0,0,17
VOL-off,want,VOL-off|want,prep,66,1.0,0,17
VOL-off,want,VOL-off|want,prep,69,1.0,0,17
VOL-on,do,VOL-on|do,prep,18,0.0,0,30
VOL-on,do,VOL-on|do,prep,21,0.0,0,30
VOL-on,do,VOL-on|do,prep,24,0.1,3,30
VOL-on,do,VOL-on|do,prep,27,0.16666666666666666,2,30
VOL-on,do,VOL-on|do,prep,30,0.23333333333333334,2,30
VOL-on,do,VOL-on|do,prep,33,0.23333333333333334,0,30
VOL-on,do,VOL-on|do,prep,36,0.26666666666666666,1,30
VOL-on,do,VOL-on|do,prep,39,0.36666666666666664,3,30
VOL-on,do,VOL-on|do,prep,42,0.6,7,30
VOL-on,do,VOL-on|do,prep,45,0.6666666666666666,2,30
VOL-on,do,VOL-on|do,prep,48,0.7,1,30
VOL-on,do,VOL-on|do,prep,51,0.8333333333333334,4,30
VOL-on,do,VOL-on|do,prep,54,0.8333333333333334,0,30
VOL-on,do,VOL-on|do,prep,57,1.0,5,30
VOL-on,do,VOL-on|do,prep,60,1.0,0,30
VOL-on,do,VOL-on|do,prep,63,1.0,0,30
VOL-on,do,VOL-on|do,prep,66,1.0,0,30
VOL-on,do,VOL-on|do,prep,69,1.0,0,30
VOL-on,get,VOL-on|get,prep,18,0.0,0,103
VOL-on,get,VOL-on|get,prep,21,0.038834951456310676,4,103
VOL-on,get,VOL-on|get,prep,24,0.06796116504854369,3,103
VOL-on,get,VOL-on|get,prep,27,0.08737864077669903,2,103
VOL-on,get,VOL-on|get,prep,30,0.1941747572815534,11,103
VOL-on,get,VOL-on|get,prep,33,0.2621359223300971,7,103
VOL-on,get,VOL-on|get,prep,36,0.3883495145631068,13,103
VOL-on,get,VOL-on|get,prep,39,0.5728155339805825,19,103
VOL-on,get,VOL-on|get,prep,42,0.7378640776699029,17,103
VOL-on,get,VOL-on|get,prep,45,0.7961165048543689,6,103
VOL-on,get,VOL-on|get,prep,48,0.8252427184466019,3,103
VOL-on,get,VOL-on|get,prep,51,0.8543689320388349,3,103
VOL-on,get,VOL-on|get,prep,54,0.912621359223301,6,103
VOL-on,get,VOL-on|get,prep,57,0.970873786407767,6,103
VOL-on,get,VOL-on|get,prep,60,1.0,3,103
VOL-on,get,VOL-on|get,prep,63,1.0,0,103
VOL-on,get,VOL-on|get,prep,66,1.0,0,103
VOL-on,get,VOL-on|get,prep,69,1.0,0,103
VOL-on,go,VOL-on|go,prep,18,0.0,0,8
VOL-on,go,VOL-on|go,prep,21,0.125,1,8
VOL-on,go,VOL-on|go,prep,24,0.25,1,8
VOL-on,go,VOL-on|go,prep,27,0.25,0,8
VOL-on,go,VOL-on|go,prep,30,0.25,0,8
VOL-on,go,VOL-on|go,prep,33,0.25,0,8
VOL-on,go,VOL-on|go,prep,36,0.375,1,8
VOL-on,go,VOL-on|go,prep,39,0.625,2,8
VOL-on,go,VOL-on|go,prep,42,0.625,0,8
VOL-on,go,VOL-on|go,prep,45,0.625,0,8
VOL-on,go,VOL-on|go,prep,48,0.875,2,8
VOL-on,go,VOL-on|go,prep,51,0.875,0,8
VOL-on,go,VOL-on|go,prep,54,0.875,0,8
VOL-on,go,VOL-on|go,prep,57,1.0,1,8
VOL-on,go,VOL-on|go,prep,60,1.0,0,8
VOL-on,go,VOL-on|go,prep,63,1.0,0,8
VOL-on,go,VOL-on|go,prep,66,1.0,0,8
VOL-on,go,VOL-on|go,prep,69,1.0,0,8
VOL-on,make,VOL-on|make,prep,18,0.0,0,17
VOL-on,make,VOL-on|make,prep,21,0.0,0,17
VOL-on,make,VOL-on|make,prep,24,0.058823529411764705,1,17
VOL-on,make,VOL-on|make,prep,27,0.11764705882352941,1,17
VOL-on,make,VOL-on|make,prep,30,0.17647058823529413,1,17
VOL-on,make,VOL-on|make,prep,33,0.29411764705882354,2,17
VOL-on,make,VOL-on|make,prep,36,0.47058823529411764,3,17
VOL-on,make,VOL-on|make,prep,39,0.47058823529411764,0,17
VOL-on,make,VOL-on|make,prep,42,0.47058823529411764,0,17
VOL-on,make,VOL-on|make,prep,45,0.47058823529411764,0,17
VOL-on,make,VOL-on|make,prep,48,0.5294117647058824,1,17
VOL-on,make,VOL-on|make,prep,51,0.5294117647058824,0,17
VOL-on,make,VOL-on|make,prep,54,0.7058823529411765,3,17
VOL-on,make,VOL-on|make,prep,57,0.9411764705882353,4,17
VOL-on,make,VOL-on|make,prep,60,1.0,1,17
VOL-on,make,VOL-on|make,prep,63,1.0,0,17
VOL-on,make,VOL-on|make,prep,66,1.0,0,17
VOL-on,make,VOL-on|make,prep,69,1.0,0,17
VOL-on,put,VOL-on|put,prep,18,0.002008032128514056,1,498
VOL-on,put,VOL-on|put,prep,21,0.03815261044176707,18,498
VOL-on,put,VOL-on|put,prep,24,0.09236947791164658,27,498
VOL-on,put,VOL-on|put,prep,27,0.142570281124498,25,498
VOL-on,put,VOL-on|put,prep,30,0.21285140562248997,35,498
VOL-on,put,VOL-on|put,prep,33,0.2991967871485944,43,498
VOL-on,put,VOL-on|put,prep,36,0.41365461847389556,57,498
VOL-on,put,VOL-on|put,prep,39,0.5502008032128514,68,498
VOL-on,put,VOL-on|put,prep,42,0.6285140562248996,39,498
VOL-on,put,VOL-on|put,prep,45,0.7730923694779116,72,498
VOL-on,put,VOL-on|put,prep,48,0.8413654618473896,34,498
VOL-on,put,VOL-on|put,prep,51,0.8995983935742972,29,498
VOL-on,put,VOL-on|put,prep,54,0.9317269076305221,16,498
VOL-on,put,VOL-on|put,prep,57,0.9738955823293173,21,498
VOL-on,put,VOL-on|put,prep,60,1.0,13,498
VOL-on,put,VOL-on|put,prep,63,1.0,0,498
VOL-on,put,VOL-on|put,prep,66,1.0,0,498
VOL-on,put,VOL-on|put,prep,69,1.0,0,498
VOL-on,see,VOL-on|see,prep,18,0.0,0,32
VOL-on,see,VOL-on|see,prep,21,0.0,0,32
VOL-on,see,VOL-on|see,prep,24,0.0,0,32
VOL-on,see,VOL-on|see,prep,27,0.0,0,32
VOL-on,see,VOL-on|see,prep,30,0.0625,2,32
VOL-on,see,VOL-on|see,prep,33,0.09375,1,32
VOL-on,see,VOL-on|see,prep,36,0.3125,7,32
VOL-on,see,VOL-on|see,prep,39,0.34375,1,32
VOL-on,see,VOL-on|see,prep,42,0.5,5,32
VOL-on,see,VOL-on|see,prep,45,0.5625,2,32
VOL-on,see,VOL-on|see,prep,48,0.75,6,32
VOL-on,see,VOL-on|see,prep,51,0.9375,6,32
VOL-on,see,VOL-on|see,prep,54,0.96875,1,32
VOL-on,see,VOL-on|see,prep,57,0.96875,0,32
VOL-on,see,VOL-on|see,prep,60,1.0,1,32
VOL-on,see,VOL-on|see,prep,63,1.0,0,32
VOL-on,see,VOL-on|see,prep,66,1.0,0,32
VOL-on,see,VOL-on|see,prep,69,1.0,0,32
VOL-on,turn,VOL-on|turn,prep,18,0.0,0,33
VOL-on,turn,VOL-on|turn,prep,21,0.0,0,33
VOL-on,turn,VOL-on|turn,prep,24,0.0,0,33
VOL-on,turn,VOL-on|turn,prep,27,0.030303030303030304,1,33
VOL-on,turn,VOL-on|turn,prep,30,0.06060606060606061,1,33
VOL-on,turn,VOL-on|turn,prep,33,0.30303030303030304,8,33
VOL-on,turn,VOL-on|turn,prep,36,0.48484848484848486,6,33
VOL-on,turn,VOL-on|turn,prep,39,0.5454545454545454,2,33
VOL-on,turn,VOL-on|turn,prep,42,0.5757575757575758,1,33
VOL-on,turn,VOL-on|turn,prep,45,0.7878787878787878,7,33
VOL-on,turn,VOL-on|turn,prep,48,0.8181818181818182,1,33
VOL-on,turn,VOL-on|turn,prep,51,0.8484848484848485,1,33
VOL-on,turn,VOL-on|turn,prep,54,0.8787878787878788,1,33
VOL-on,turn,VOL-on|turn,prep,57,1.0,4,33
VOL-on,turn,VOL-on|turn,prep,60,1.0,0,33
VOL-on,turn,VOL-on|turn,prep,63,1.0,0,33
VOL-on,turn,VOL-on|turn,prep,66,1.0,0,33
VOL-on,turn,VOL-on|turn,prep,69,1.0,0,33
VOL-on,want,VOL-on|want,prep,18,0.0,0,36
VOL-on,want,VOL-on|want,prep,21,0.0,0,36
VOL-on,want,VOL-on|want,prep,24,0.05555555555555555,2,36
VOL-on,want,VOL-on|want,prep,27,0.1111111111111111,2,36
VOL-on,want,VOL-on|want,prep,30,0.1388888888888889,1,36
VOL-on,want,VOL-on|want,prep,33,0.2222222222222222,3,36
VOL-on,want,VOL-on|want,prep,36,0.3888888888888889,6,36
VOL-on,want,VOL-on|want,prep,39,0.5555555555555556,6,36
VOL-on,want,VOL-on|want,prep,42,0.6666666666666666,4,36
VOL-on,want,VOL-on|want,prep,45,0.6666666666666666,0,36
VOL-on,want,VOL-on|want,prep,48,0.7222222222222222,2,36
VOL-on,want,VOL-on|want,prep,51,0.8055555555555556,3,36
VOL-on,want,VOL-on|want,prep,54,0.8888888888888888,3,36
VOL-on,want,VOL-on|want,prep,57,0.9166666666666666,1,36
VOL-on,want,VOL-on|want,prep,60,1.0,3,36
VOL-on,want,VOL-on|want,prep,63,1.0,0,36
VOL-on,want,VOL-on|want,prep,66,1.0,0,36
VOL-on,want,VOL-on|want,prep,69,1.0,0,36
VOL-onto,get,VOL-onto|get,prep,18,0.0,0,1
VOL-onto,get,VOL-onto|get,prep,21,0.0,0,1
VOL-onto,get,VOL-onto|get,prep,24,0.0,0,1
VOL-onto,get,VOL-onto|get,prep,27,0.0,0,1
VOL-onto,get,VOL-onto|get,prep,30,0.0,0,1
VOL-onto,get,VOL-onto|get,prep,33,0.0,0,1
VOL-onto,get,VOL-onto|get,prep,36,0.0,0,1
VOL-onto,get,VOL-onto|get,prep,39,0.0,0,1
VOL-onto,get,VOL-onto|get,prep,42,0.0,0,1
VOL-onto,get,VOL-onto|get,prep,45,0.0,0,1
VOL-onto,get,VOL-onto|get,prep,48,1.0,1,1
VOL-onto,get,VOL-onto|get,prep,51,1.0,0,1
VOL-onto,get,VOL-onto|get,prep,54,1.0,0,1
VOL-onto,get,VOL-onto|get,prep,57,1.0,0,1
VOL-onto,get,VOL-onto|get,prep,60,1.0,0,1
VOL-onto,get,VOL-onto|get,prep,63,1.0,0,1
VOL-onto,get,VOL-onto|get,prep,66,1.0,0,1
VOL-onto,get,VOL-onto|get,prep,69,1.0,0,1
VOL-onto,help,VOL-onto|help,prep,18,0.0,0,1
VOL-onto,help,VOL-onto|help,prep,21,0.0,0,1
VOL-onto,help,VOL-onto|help,prep,24,0.0,0,1
VOL-onto,help,VOL-onto|help,prep,27,0.0,0,1
VOL-onto,help,VOL-onto|help,prep,30,0.0,0,1
VOL-onto,help,VOL-onto|help,prep,33,0.0,0,1
VOL-onto,help,VOL-onto|help,prep,36,0.0,0,1
VOL-onto,help,VOL-onto|help,prep,39,0.0,0,1
VOL-onto,help,VOL-onto|help,prep,42,0.0,0,1
VOL-onto,help,VOL-onto|help,prep,45,1.0,1,1
VOL-onto,help,VOL-onto|help,prep,48,1.0,0,1
VOL-onto,help,VOL-onto|help,prep,51,1.0,0,1
VOL-onto,help,VOL-onto|help,prep,54,1.0,0,1
VOL-onto,help,VOL-onto|help,prep,57,1.0,0,1
VOL-onto,help,VOL-onto|help,prep,60,1.0,0,1
VOL-onto,help,VOL-onto|help,prep,63,1.0,0,1
VOL-onto,help,VOL-onto|help,prep,66,1.0,0,1
VOL-onto,help,VOL-onto|help,prep,69,1.0,0,1
VOL-onto,load,VOL-onto|load,prep,18,0.0,0,1
VOL-onto,load,VOL-onto|load,prep,21,0.0,0,1
VOL-onto,load,VOL-onto|load,prep,24,0.0,0,1
VOL-onto,load,VOL-onto|load,prep,27,0.0,0,1
VOL-onto,load,VOL-onto|load,prep,30,0.0,0,1
VOL-onto,load,VOL-onto|load,prep,33,0.0,0,1
VOL-onto,load,VOL-onto|load,prep,36,0.0,0,1
VOL-onto,load,VOL-onto|load,prep,39,1.0,1,1
VOL-onto,load,VOL-onto|load,prep,42,1.0,0,1
VOL-onto,load,VOL-onto|load,prep,45,1.0,0,1
VOL-onto,load,VOL-onto|load,prep,48,1.0,0,1
VOL-onto,load,VOL-onto|load,prep,51,1.0,0,1
VOL-onto,load,VOL-onto|load,prep,54,1.0,0,1
VOL-onto,load,VOL-onto|load,prep,57,1.0,0,1
VOL-onto,load,VOL-onto|load,prep,60,1.0,0,1
VOL-onto,load,VOL-onto|load,prep,63,1.0,0,1
VOL-onto,load,VOL-onto|load,prep,66,1.0,0,1
VOL-onto,load,VOL-onto|load,prep,69,1.0,0,1
VOL-onto,snap,VOL-onto|snap,prep,18,0.0,0,1
VOL-onto,snap,VOL-onto|snap,prep,21,0.0,0,1
VOL-onto,snap,VOL-onto|snap,prep,24,0.0,0,1
VOL-onto,snap,VOL-onto|snap,prep,27,0.0,0,1
VOL-onto,snap,VOL-onto|snap,prep,30,0.0,0,1
VOL-onto,snap,VOL-onto|snap,prep,33,0.0,0,1
VOL-onto,snap,VOL-onto|snap,prep,36,1.0,1,1
VOL-onto,snap,VOL-onto|snap,prep,39,1.0,0,1
VOL-onto,snap,VOL-onto|snap,prep,42,1.0,0,1
VOL-onto,snap,VOL-onto|snap,prep,45,1.0,0,1
VOL-onto,snap,VOL-onto|snap,prep,48,1.0,0,1
VOL-onto,snap,VOL-onto|snap,prep,51,1.0,0,1
VOL-onto,snap,VOL-onto|snap,prep,54,1.0,0,1
VOL-onto,snap,VOL-onto|snap,prep,57,1.0,0,1
VOL-onto,snap,VOL-onto|snap,prep,60,1.0,0,1
VOL-onto,snap,VOL-onto|snap,prep,63,1.0,0,1
VOL-onto,snap,VOL-onto|snap,prep,66,1.0,0,1
VOL-onto,snap,VOL-onto|snap,prep,69,1.0,0,1
VOL-outside,park,VOL-outside|park,prep,18,0.0,0,1
VOL-outside,park,VOL-outside|park,prep,21,0.0,0,1
VOL-outside,park,VOL-outside|park,prep,24,0.0,0,1
VOL-outside,park,VOL-outside|park,prep,27,0.0,0,1
VOL-outside,park,VOL-outside|park,prep,30,0.0,0,1
VOL-outside,park,VOL-outside|park,prep,33,0.0,0,1
VOL-outside,park,VOL-outside|park,prep,36,0.0,0,1
VOL-outside,park,VOL-outside|park,prep,39,0.0,0,1
VOL-outside,park,VOL-outside|park,prep,42,0.0,0,1
VOL-outside,park,VOL-outside|park,prep,45,0.0,0,1
VOL-outside,park,VOL-outside|park,prep,48,0.0,0,1
VOL-outside,park,VOL-outside|park,prep,51,0.0,0,1
VOL-outside,park,VOL-outside|park,prep,54,1.0,1,1
VOL-outside,park,VOL-outside|park,prep,57,1.0,0,1
VOL-outside,park,VOL-outside|park,prep,60,1.0,0,1
VOL-outside,park,VOL-outside|park,prep,63,1.0,0,1
VOL-outside,park,VOL-outside|park,prep,66,1.0,0,1
VOL-outside,park,VOL-outside|park,prep,69,1.0,0,1
VOL-over,get,VOL-over|get,prep,18,0.0,0,13
VOL-over,get,VOL-over|get,prep,21,0.0,0,13
VOL-over,get,VOL-over|get,prep,24,0.0,0,13
VOL-over,get,VOL-over|get,prep,27,0.0,0,13
VOL-over,get,VOL-over|get,prep,30,0.15384615384615385,2,13
VOL-over,get,VOL-over|get,prep,33,0.15384615384615385,0,13
VOL-over,get,VOL-over|get,prep,36,0.23076923076923078,1,13
VOL-over,get,VOL-over|get,prep,39,0.5384615384615384,4,13
VOL-over,get,VOL-over|get,prep,42,0.6153846153846154,1,13
VOL-over,get,VOL-over|get,prep,45,0.6153846153846154,0,13
VOL-over,get,VOL-over|get,prep,48,0.7692307692307693,2,13
VOL-over,get,VOL-over|get,prep,51,0.8461538461538461,1,13
VOL-over,get,VOL-over|get,prep,54,0.9230769230769231,1,13
VOL-over,get,VOL-over|get,prep,57,1.0,1,13
VOL-over,get,VOL-over|get,prep,60,1.0,0,13
VOL-over,get,VOL-over|get,prep,63,1.0,0,13
VOL-over,get,VOL-over|get,prep,66,1.0,0,13
VOL-over,get,VOL-over|get,prep,69,1.0,0,13
VOL-over,knock,VOL-over|knock,prep,18,0.0,0,8
VOL-over,knock,VOL-over|knock,prep,21,0.0,0,8
VOL-over,knock,VOL-over|knock,prep,24,0.0,0,8
VOL-over,knock,VOL-over|knock,prep,27,0.125,1,8
VOL-over,knock,VOL-over|knock,prep,30,0.125,0,8
VOL-over,knock,VOL-over|knock,prep,33,0.5,3,8
VOL-over,knock,VOL-over|knock,prep,36,0.625,1,8
VOL-over,knock,VOL-over|knock,prep,39,0.75,1,8
VOL-over,knock,VOL-over|knock,prep,42,0.75,0,8
VOL-over,knock,VOL-over|knock,prep,45,0.75,0,8
VOL-over,knock,VOL-over|knock,prep,48,0.75,0,8
VOL-over,knock,VOL-over|knock,prep,51,0.75,0,8
VOL-over,knock,VOL-over|knock,prep,54,0.75,0,8
VOL-over,knock,VOL-over|knock,prep,57,1.0,2,8
VOL-over,knock,VOL-over|knock,prep,60,1.0,0,8
VOL-over,knock,VOL-over|knock,prep,63,1.0,0,8
VOL-over,knock,VOL-over|knock,prep,66,1.0,0,8
VOL-over,knock,VOL-over|knock,prep,69,1.0,0,8
VOL-over,put,VOL-over|put,prep,18,0.0,0,23
VOL-over,put,VOL-over|put,prep,21,0.043478260869565216,1,23
VOL-over,put,VOL-over|put,prep,24,0.08695652173913043,1,23
VOL-over,put,VOL-over|put,prep,27,0.13043478260869565,1,23
VOL-over,put,VOL-over|put,prep,30,0.13043478260869565,0,23
VOL-over,put,VOL-over|put,prep,33,0.17391304347826086,1,23
VOL-over,put,VOL-over|put,prep,36,0.21739130434782608,1,23
VOL-over,put,VOL-over|put,prep,39,0.30434782608695654,2,23
VOL-over,put,VOL-over|put,prep,42,0.4782608695652174,4,23
VOL-over,put,VOL-over|put,prep,45,0.5652173913043478,2,23
VOL-over,put,VOL-over|put,prep,48,0.6521739130434783,2,23
VOL-over,put,VOL-over|put,prep,51,0.7391304347826086,2,23
VOL-over,put,VOL-over|put,prep,54,0.8260869565217391,2,23
VOL-over,put,VOL-over|put,prep,57,0.8260869565217391,0,23
VOL-over,put,VOL-over|put,prep,60,1.0,4,23
VOL-over,put,VOL-over|put,prep,63,1.0,0,23
VOL-over,put,VOL-over|put,prep,66,1.0,0,23
VOL-over,put,VOL-over|put,prep,69,1.0,0,23
VOL-through,cry,VOL-through|cry,prep,18,0.0,0,1
VOL-through,cry,VOL-through|cry,prep,21,0.0,0,1
VOL-through,cry,VOL-through|cry,prep,24,0.0,0,1
VOL-through,cry,VOL-through|cry,prep,27,0.0,0,1
VOL-through,cry,VOL-through|cry,prep,30,0.0,0,1
VOL-through,cry,VOL-through|cry,prep,33,0.0,0,1
VOL-through,cry,VOL-through|cry,prep,36,0.0,0,1
VOL-through,cry,VOL-through|cry,prep,39,1.0,1,1
VOL-through,cry,VOL-through|cry,prep,42,1.0,0,1
VOL-through,cry,VOL-through|cry,prep,45,1.0,0,1
VOL-through,cry,VOL-through|cry,prep,48,1.0,0,1
VOL-through,cry,VOL-through|cry,prep,51,1.0,0,1
VOL-through,cry,VOL-through|cry,prep,54,1.0,0,1
VOL-through,cry,VOL-through|cry,prep,57,1.0,0,1
VOL-through,cry,VOL-through|cry,prep,60,1.0,0,1
VOL-through,cry,VOL-through|cry,prep,63,1.0,0,1
VOL-through,cry,VOL-through|cry,prep,66,1.0,0,1
VOL-through,cry,VOL-through|cry,prep,69,1.0,0,1
VOL-through,get,VOL-through|get,prep,18,0.0,0,5
VOL-through,get,VOL-through|get,prep,21,0.0,0,5
VOL-through,get,VOL-through|get,prep,24,0.0,0,5
VOL-through,get,VOL-through|get,prep,27,0.0,0,5
VOL-through,get,VOL-through|get,prep,30,0.0,0,5
VOL-through,get,VOL-through|get,prep,33,0.0,0,5
VOL-through,get,VOL-through|get,prep,36,0.0,0,5
VOL-through,get,VOL-through|get,prep,39,0.0,0,5
VOL-through,get,VOL-through|get,prep,42,0.0,0,5
VOL-through,get,VOL-through|get,prep,45,0.0,0,5
VOL-through,get,VOL-through|get,prep,48,0.0,0,5
VOL-through,get,VOL-through|get,prep,51,0.0,0,5
VOL-through,get,VOL-through|get,prep,54,1.0,5,5
VOL-through,get,VOL-through|get,prep,57,1.0,0,5
VOL-through,get,VOL-through|get,prep,60,1.0,0,5
VOL-through,get,VOL-through|get,prep,63,1.0,0,5
VOL-through,get,VOL-through|get,prep,66,1.0,0,5
VOL-through,get,VOL-through|get,prep,69,1.0,0,5
VOL-through,have,VOL-through|have,prep,18,0.0,0,1
VOL-through,have,VOL-through|have,prep,21,0.0,0,1
VOL-through,have,VOL-through|have,prep,24,0.0,0,1
VOL-through,have,VOL-through|have,prep,27,0.0,0,1
VOL-through,have,VOL-through|have,prep,30,0.0,0,1
VOL-through,have,VOL-through|have,prep,33,0.0,0,1
VOL-through,have,VOL-through|have,prep,36,0.0,0,1
VOL-through,have,VOL-through|have,prep,39,0.0,0,1
VOL-through,have,VOL-through|have,prep,42,1.0,1,1
VOL-through,have,VOL-through|have,prep,45,1.0,0,1
VOL-through,have,VOL-through|have,prep,48,1.0,0,1
VOL-through,have,VOL-through|have,prep,51,1.0,0,1
VOL-through,have,VOL-through|have,prep,54,1.0,0,1
VOL-through,have,VOL-through|have,prep,57,1.0,0,1
VOL-through,have,VOL-through|have,prep,60,1.0,0,1
VOL-through,have,VOL-through|have,prep,63,1.0,0,1
VOL-through,have,VOL-through|have,prep,66,1.0,0,1
VOL-through,have,VOL-through|have,prep,69,1.0,0,1
VOL-through,knock,VOL-through|knock,prep,18,0.0,0,1
VOL-through,knock,VOL-through|knock,prep,21,0.0,0,1
VOL-through,knock,VOL-through|knock,prep,24,0.0,0,1
VOL-through,knock,VOL-through|knock,prep,27,0.0,0,1
VOL-through,knock,VOL-through|knock,prep,30,0.0,0,1
VOL-through,knock,VOL-through|knock,prep,33,0.0,0,1
VOL-through,knock,VOL-through|knock,prep,36,0.0,0,1
VOL-through,knock,VOL-through|knock,prep,39,0.0,0,1
VOL-through,knock,VOL-through|knock,prep,42,0.0,0,1
VOL-through,knock,VOL-through|knock,prep,45,0.0,0,1
VOL-through,knock,VOL-through|knock,prep,48,0.0,0,1
VOL-through,knock,VOL-through|knock,prep,51,1.0,1,1
VOL-through,knock,VOL-through|knock,prep,54,1.0,0,1
VOL-through,knock,VOL-through|knock,prep,57,1.0,0,1
VOL-through,knock,VOL-through|knock,prep,60,1.0,0,1
VOL-through,knock,VOL-through|knock,prep,63,1.0,0,1
VOL-through,knock,VOL-through|knock,prep,66,1.0,0,1
VOL-through,knock,VOL-through|knock,prep,69,1.0,0,1
VOL-through,put,VOL-through|put,prep,18,0.0,0,12
VOL-through,put,VOL-through|put,prep,21,0.0,0,12
VOL-through,put,VOL-through|put,prep,24,0.0,0,12
VOL-through,put,VOL-through|put,prep,27,0.0,0,12
VOL-through,put,VOL-through|put,prep,30,0.0,0,12
VOL-through,put,VOL-through|put,prep,33,0.0,0,12
VOL-through,put,VOL-through|put,prep,36,0.0,0,12
VOL-through,put,VOL-through|put,prep,39,0.25,3,12
VOL-through,put,VOL-through|put,prep,42,0.25,0,12
VOL-through,put,VOL-through|put,prep,45,0.25,0,12
VOL-through,put,VOL-through|put,prep,48,0.3333333333333333,1,12
VOL-through,put,VOL-through|put,prep,51,0.5833333333333334,3,12
VOL-through,put,VOL-through|put,prep,54,0.6666666666666666,1,12
VOL-through,put,VOL-through|put,prep,57,0.9166666666666666,3,12
VOL-through,put,VOL-through|put,prep,60,1.0,1,12
VOL-through,put,VOL-through|put,prep,63,1.0,0,12
VOL-through,put,VOL-through|put,prep,66,1.0,0,12
VOL-through,put,VOL-through|put,prep,69,1.0,0,12
VOL-through,see,VOL-through|see,prep,18,0.0,0,2
VOL-through,see,VOL-through|see,prep,21,0.0,0,2
VOL-through,see,VOL-through|see,prep,24,0.0,0,2
VOL-through,see,VOL-through|see,prep,27,0.0,0,2
VOL-through,see,VOL-through|see,prep,30,0.0,0,2
VOL-through,see,VOL-through|see,prep,33,0.0,0,2
VOL-through,see,VOL-through|see,prep,36,0.0,0,2
VOL-through,see,VOL-through|see,prep,39,0.0,0,2
VOL-through,see,VOL-through|see,prep,42,0.0,0,2
VOL-through,see,VOL-through|see,prep,45,0.0,0,2
VOL-through,see,VOL-through|see,prep,48,0.0,0,2
VOL-through,see,VOL-through|see,prep,51,0.5,1,2
VOL-through,see,VOL-through|see,prep,54,0.5,0,2
VOL-through,see,VOL-through|see,prep,57,1.0,1,2
VOL-through,see,VOL-through|see,prep,60,1.0,0,2
VOL-through,see,VOL-through|see,prep,63,1.0,0,2
VOL-through,see,VOL-through|see,prep,66,1.0,0,2
VOL-through,see,VOL-through|see,prep,69,1.0,0,2
VOL-through,spill,VOL-through|spill,prep,18,0.0,0,1
VOL-through,spill,VOL-through|spill,prep,21,0.0,0,1
VOL-through,spill,VOL-through|spill,prep,24,0.0,0,1
VOL-through,spill,VOL-through|spill,prep,27,0.0,0,1
VOL-through,spill,VOL-through|spill,prep,30,0.0,0,1
VOL-through,spill,VOL-through|spill,prep,33,0.0,0,1
VOL-through,spill,VOL-through|spill,prep,36,0.0,0,1
VOL-through,spill,VOL-through|spill,prep,39,0.0,0,1
VOL-through,spill,VOL-through|spill,prep,42,0.0,0,1
VOL-through,spill,VOL-through|spill,prep,45,0.0,0,1
VOL-through,spill,VOL-through|spill,prep,48,0.0,0,1
VOL-through,spill,VOL-through|spill,prep,51,0.0,0,1
VOL-through,spill,VOL-through|spill,prep,54,1.0,1,1
VOL-through,spill,VOL-through|spill,prep,57,1.0,0,1
VOL-through,spill,VOL-through|spill,prep,60,1.0,0,1
VOL-through,spill,VOL-through|spill,prep,63,1.0,0,1
VOL-through,spill,VOL-through|spill,prep,66,1.0,0,1
VOL-through,spill,VOL-through|spill,prep,69,1.0,0,1
VOL-through,stick,VOL-through|stick,prep,18,0.0,0,1
VOL-through,stick,VOL-through|stick,prep,21,0.0,0,1
VOL-through,stick,VOL-through|stick,prep,24,0.0,0,1
VOL-through,stick,VOL-through|stick,prep,27,0.0,0,1
VOL-through,stick,VOL-through|stick,prep,30,0.0,0,1
VOL-through,stick,VOL-through|stick,prep,33,0.0,0,1
VOL-through,stick,VOL-through|stick,prep,36,0.0,0,1
VOL-through,stick,VOL-through|stick,prep,39,1.0,1,1
VOL-through,stick,VOL-through|stick,prep,42,1.0,0,1
VOL-through,stick,VOL-through|stick,prep,45,1.0,0,1
VOL-through,stick,VOL-through|stick,prep,48,1.0,0,1
VOL-through,stick,VOL-through|stick,prep,51,1.0,0,1
VOL-through,stick,VOL-through|stick,prep,54,1.0,0,1
VOL-through,stick,VOL-through|stick,prep,57,1.0,0,1
VOL-through,stick,VOL-through|stick,prep,60,1.0,0,1
VOL-through,stick,VOL-through|stick,prep,63,1.0,0,1
VOL-through,stick,VOL-through|stick,prep,66,1.0,0,1
VOL-through,stick,VOL-through|stick,prep,69,1.0,0,1
VOL-to,do,VOL-to|do,prep,18,0.0,0,18
VOL-to,do,VOL-to|do,prep,21,0.0,0,18
VOL-to,do,VOL-to|do,prep,24,0.0,0,18
VOL-to,do,VOL-to|do,prep,27,0.16666666666666666,3,18
VOL-to,do,VOL-to|do,prep,30,0.16666666666666666,0,18
VOL-to,do,VOL-to|do,prep,33,0.2222222222222222,1,18
VOL-to,do,VOL-to|do,prep,36,0.3333333333333333,2,18
VOL-to,do,VOL-to|do,prep,39,0.4444444444444444,2,18
VOL-to,do,VOL-to|do,prep,42,0.5,1,18
VOL-to,do,VOL-to|do,prep,45,0.5555555555555556,1,18
VOL-to,do,VOL-to|do,prep,48,0.7777777777777778,4,18
VOL-to,do,VOL-to|do,prep,51,0.9444444444444444,3,18
VOL-to,do,VOL-to|do,prep,54,0.9444444444444444,0,18
VOL-to,do,VOL-to|do,prep,57,0.9444444444444444,0,18
VOL-to,do,VOL-to|do,prep,60,1.0,1,18
VOL-to,do,VOL-to|do,prep,63,1.0,0,18
VOL-to,do,VOL-to|do,prep,66,1.0,0,18
VOL-to,do,VOL-to|do,prep,69,1.0,0,18
VOL-to,get,VOL-to|get,prep,18,0.0,0,11
VOL-to,get,VOL-to|get,prep,21,0.0,0,11
VOL-to,get,VOL-to|get,prep,24,0.09090909090909091,1,11
VOL-to,get,VOL-to|get,prep,27,0.09090909090909091,0,11
VOL-to,get,VOL-to|get,prep,30,0.09090909090909091,0,11
VOL-to,get,VOL-to|get,prep,33,0.09090909090909091,0,11
VOL-to,get,VOL-to|get,prep,36,0.2727272727272727,2,11
VOL-to,get,VOL-to|get,prep,39,0.7272727272727273,5,11
VOL-to,get,VOL-to|get,prep,42,0.8181818181818182,1,11
VOL-to,get,VOL-to|get,prep,45,0.9090909090909091,1,11
VOL-to,get,VOL-to|get,prep,48,1.0,1,11
VOL-to,get,VOL-to|get,prep,51,1.0,0,11
VOL-to,get,VOL-to|get,prep,54,1.0,0,11
VOL-to,get,VOL-to|get,prep,57,1.0,0,11
VOL-to,get,VOL-to|get,prep,60,1.0,0,11
VOL-to,get,VOL-to|get,prep,63,1.0,0,11
VOL-to,get,VOL-to|get,prep,66,1.0,0,11
VOL-to,get,VOL-to|get,prep,69,1.0,0,11
VOL-to,give,VOL-to|give,prep,18,0.0,0,51
VOL-to,give,VOL-to|give,prep,21,0.058823529411764705,3,51
VOL-to,give,VOL-to|give,prep,24,0.0784313725490196,1,51
VOL-to,give,VOL-to|give,prep,27,0.1568627450980392,4,51
VOL-to,give,VOL-to|give,prep,30,0.19607843137254902,2,51
VOL-to,give,VOL-to|give,prep,33,0.27450980392156865,4,51
VOL-to,give,VOL-to|give,prep,36,0.35294117647058826,4,51
VOL-to,give,VOL-to|give,prep,39,0.5098039215686274,8,51
VOL-to,give,VOL-to|give,prep,42,0.5882352941176471,4,51
VOL-to,give,VOL-to|give,prep,45,0.7254901960784313,7,51
VOL-to,give,VOL-to|give,prep,48,0.803921568627451,4,51
VOL-to,give,VOL-to|give,prep,51,0.8627450980392157,3,51
VOL-to,give,VOL-to|give,prep,54,0.9411764705882353,4,51
VOL-to,give,VOL-to|give,prep,57,0.9803921568627451,2,51
VOL-to,give,VOL-to|give,prep,60,1.0,1,51
VOL-to,give,VOL-to|give,prep,63,1.0,0,51
VOL-to,give,VOL-to|give,prep,66,1.0,0,51
VOL-to,give,VOL-to|give,prep,69,1.0,0,51
VOL-to,put,VOL-to|put,prep,18,0.0,0,8
VOL-to,put,VOL-to|put,prep,21,0.0,0,8
VOL-to,put,VOL-to|put,prep,24,0.25,2,8
VOL-to,put,VOL-to|put,prep,27,0.25,0,8
VOL-to,put,VOL-to|put,prep,30,0.25,0,8
VOL-to,put,VOL-to|put,prep,33,0.25,0,8
VOL-to,put,VOL-to|put,prep,36,0.375,1,8
VOL-to,put,VOL-to|put,prep,39,0.375,0,8
VOL-to,put,VOL-to|put,prep,42,0.75,3,8
VOL-to,put,VOL-to|put,prep,45,0.875,1,8
VOL-to,put,VOL-to|put,prep,48,0.875,0,8
VOL-to,put,VOL-to|put,prep,51,0.875,0,8
VOL-to,put,VOL-to|put,prep,54,1.0,1,8
VOL-to,put,VOL-to|put,prep,57,1.0,0,8
VOL-to,put,VOL-to|put,prep,60,1.0,0,8
VOL-to,put,VOL-to|put,prep,63,1.0,0,8
VOL-to,put,VOL-to|put,prep,66,1.0,0,8
VOL-to,put,VOL-to|put,prep,69,1.0,0,8
VOL-to,read,VOL-to|read,prep,18,0.0,0,15
VOL-to,read,VOL-to|read,prep,21,0.0,0,15
VOL-to,read,VOL-to|read,prep,24,0.3333333333333333,5,15
VOL-to,read,VOL-to|read,prep,27,0.3333333333333333,0,15
VOL-to,read,VOL-to|read,prep,30,0.4666666666666667,2,15
VOL-to,read,VOL-to|read,prep,33,0.4666666666666667,0,15
VOL-to,read,VOL-to|read,prep,36,0.5333333333333333,1,15
VOL-to,read,VOL-to|read,prep,39,0.6666666666666666,2,15
VOL-to,read,VOL-to|read,prep,42,0.7333333333333333,1,15
VOL-to,read,VOL-to|read,prep,45,0.7333333333333333,0,15
VOL-to,read,VOL-to|read,prep,48,0.8666666666666667,2,15
VOL-to,read,VOL-to|read,prep,51,0.9333333333333333,1,15
VOL-to,read,VOL-to|read,prep,54,0.9333333333333333,0,15
VOL-to,read,VOL-to|read,prep,57,0.9333333333333333,0,15
VOL-to,read,VOL-to|read,prep,60,1.0,1,15
VOL-to,read,VOL-to|read,prep,63,1.0,0,15
VOL-to,read,VOL-to|read,prep,66,1.0,0,15
VOL-to,read,VOL-to|read,prep,69,1.0,0,15
VOL-to,say,VOL-to|say,prep,18,0.0,0,7
VOL-to,say,VOL-to|say,prep,21,0.0,0,7
VOL-to,say,VOL-to|say,prep,24,0.0,0,7
VOL-to,say,VOL-to|say,prep,27,0.0,0,7
VOL-to,say,VOL-to|say,prep,30,0.0,0,7
VOL-to,say,VOL-to|say,prep,33,0.0,0,7
VOL-to,say,VOL-to|say,prep,36,0.14285714285714285,1,7
VOL-to,say,VOL-to|say,prep,39,0.2857142857142857,1,7
VOL-to,say,VOL-to|say,prep,42,0.42857142857142855,1,7
VOL-to,say,VOL-to|say,prep,45,0.42857142857142855,0,7
VOL-to,say,VOL-to|say,prep,48,0.42857142857142855,0,7
VOL-to,say,VOL-to|say,prep,51,0.7142857142857143,2,7
VOL-to,say,VOL-to|say,prep,54,0.8571428571428571,1,7
VOL-to,say,VOL-to|say,prep,57,1.0,1,7
VOL-to,say,VOL-to|say,prep,60,1.0,0,7
VOL-to,say,VOL-to|say,prep,63,1.0,0,7
VOL-to,say,VOL-to|say,prep,66,1.0,0,7
VOL-to,say,VOL-to|say,prep,69,1.0,0,7
VOL-to,take,VOL-to|take,prep,18,0.0,0,23
VOL-to,take,VOL-to|take,prep,21,0.0,0,23
VOL-to,take,VOL-to|take,prep,24,0.043478260869565216,1,23
VOL-to,take,VOL-to|take,prep,27,0.043478260869565216,0,23
VOL-to,take,VOL-to|take,prep,30,0.08695652173913043,1,23
VOL-to,take,VOL-to|take,prep,33,0.17391304347826086,2,23
VOL-to,take,VOL-to|take,prep,36,0.30434782608695654,3,23
VOL-to,take,VOL-to|take,prep,39,0.6086956521739131,7,23
VOL-to,take,VOL-to|take,prep,42,0.782608695652174,4,23
VOL-to,take,VOL-to|take,prep,45,0.8260869565217391,1,23
VOL-to,take,VOL-to|take,prep,48,0.9130434782608695,2,23
VOL-to,take,VOL-to|take,prep,51,1.0,2,23
VOL-to,take,VOL-to|take,prep,54,1.0,0,23
VOL-to,take,VOL-to|take,prep,57,1.0,0,23
VOL-to,take,VOL-to|take,prep,60,1.0,0,23
VOL-to,take,VOL-to|take,prep,63,1.0,0,23
VOL-to,take,VOL-to|take,prep,66,1.0,0,23
VOL-to,take,VOL-to|take,prep,69,1.0,0,23
VOL-to,throw,VOL-to|throw,prep,18,0.0,0,8
VOL-to,throw,VOL-to|throw,prep,21,0.0,0,8
VOL-to,throw,VOL-to|throw,prep,24,0.0,0,8
VOL-to,throw,VOL-to|throw,prep,27,0.0,0,8
VOL-to,throw,VOL-to|throw,prep,30,0.0,0,8
VOL-to,throw,VOL-to|throw,prep,33,0.25,2,8
VOL-to,throw,VOL-to|throw,prep,36,0.375,1,8
VOL-to,throw,VOL-to|throw,prep,39,1.0,5,8
VOL-to,throw,VOL-to|throw,prep,42,1.0,0,8
VOL-to,throw,VOL-to|throw,prep,45,1.0,0,8
VOL-to,throw,VOL-to|throw,prep,48,1.0,0,8
VOL-to,throw,VOL-to|throw,prep,51,1.0,0,8
VOL-to,throw,VOL-to|throw,prep,54,1.0,0,8
VOL-to,throw,VOL-to|throw,prep,57,1.0,0,8
VOL-to,throw,VOL-to|throw,prep,60,1.0,0,8
VOL-to,throw,VOL-to|throw,prep,63,1.0,0,8
VOL-to,throw,VOL-to|throw,prep,66,1.0,0,8
VOL-to,throw,VOL-to|throw,prep,69,1.0,0,8
VOL-under,draw,VOL-under|draw,prep,18,0.0,0,1
VOL-under,draw,VOL-under|draw,prep,21,0.0,0,1
VOL-under,draw,VOL-under|draw,prep,24,0.0,0,1
VOL-under,draw,VOL-under|draw,prep,27,0.0,0,1
VOL-under,draw,VOL-under|draw,prep,30,0.0,0,1
VOL-under,draw,VOL-under|draw,prep,33,0.0,0,1
VOL-under,draw,VOL-under|draw,prep,36,0.0,0,1
VOL-under,draw,VOL-under|draw,prep,39,0.0,0,1
VOL-under,draw,VOL-under|draw,prep,42,0.0,0,1
VOL-under,draw,VOL-under|draw,prep,45,0.0,0,1
VOL-under,draw,VOL-under|draw,prep,48,0.0,0,1
VOL-under,draw,VOL-under|draw,prep,51,0.0,0,1
VOL-under,draw,VOL-under|draw,prep,54,0.0,0,1
VOL-under,draw,VOL-under|draw,prep,57,1.0,1,1
VOL-under,draw,VOL-under|draw,prep,60,1.0,0,1
VOL-under,draw,VOL-under|draw,prep,63,1.0,0,1
VOL-under,draw,VOL-under|draw,prep,66,1.0,0,1
VOL-under,draw,VOL-under|draw,prep,69,1.0,0,1
VOL-under,duck,VOL-under|duck,prep,18,0.0,0,1
VOL-under,duck,VOL-under|duck,prep,21,0.0,0,1
VOL-under,duck,VOL-under|duck,prep,24,0.0,0,1
VOL-under,duck,VOL-under|duck,prep,27,0.0,0,1
VOL-under,duck,VOL-under|duck,prep,30,0.0,0,1
VOL-under,duck,VOL-under|duck,prep,33,0.0,0,1
VOL-under,duck,VOL-under|duck,prep,36,0.0,0,1
VOL-under,duck,VOL-under|duck,prep,39,0.0,0,1
VOL-under,duck,VOL-under|duck,prep,42,1.0,1,1
VOL-under,duck,VOL-under|duck,prep,45,1.0,0,1
VOL-under,duck,VOL-under|duck,prep,48,1.0,0,1
VOL-under,duck,VOL-under|duck,prep,51,1.0,0,1
VOL-under,duck,VOL-under|duck,prep,54,1.0,0,1
VOL-under,duck,VOL-under|duck,prep,57,1.0,0,1
VOL-under,duck,VOL-under|duck,prep,60,1.0,0,1
VOL-under,duck,VOL-under|duck,prep,63,1.0,0,1
VOL-under,duck,VOL-under|duck,prep,66,1.0,0,1
VOL-under,duck,VOL-under|duck,prep,69,1.0,0,1
VOL-under,fry,VOL-under|fry,prep,18,0.0,0,1
VOL-under,fry,VOL-under|fry,prep,21,0.0,0,1
VOL-under,fry,VOL-under|fry,prep,24,0.0,0,1
VOL-under,fry,VOL-under|fry,prep,27,0.0,0,1
VOL-under,fry,VOL-under|fry,prep,30,0.0,0,1
VOL-under,fry,VOL-under|fry,prep,33,0.0,0,1
VOL-under,fry,VOL-under|fry,prep,36,0.0,0,1
VOL-under,fry,VOL-under|fry,prep,39,1.0,1,1
VOL-under,fry,VOL-under|fry,prep,42,1.0,0,1
VOL-under,fry,VOL-under|fry,prep,45,1.0,0,1
VOL-under,fry,VOL-under|fry,prep,48,1.0,0,1
VOL-under,fry,VOL-under|fry,prep,51,1.0,0,1
VOL-under,fry,VOL-under|fry,prep,54,1.0,0,1
VOL-under,fry,VOL-under|fry,prep,57,1.0,0,1
VOL-under,fry,VOL-under|fry,prep,60,1.0,0,1
VOL-under,fry,VOL-under|fry,prep,63,1.0,0,1
VOL-under,fry,VOL-under|fry,prep,66,1.0,0,1
VOL-under,fry,VOL-under|fry,prep,69,1.0,0,1
VOL-under,get,VOL-under|get,prep,18,0.0,0,4
VOL-under,get,VOL-under|get,prep,21,0.0,0,4
VOL-under,get,VOL-under|get,prep,24,0.0,0,4
VOL-under,get,VOL-under|get,prep,27,0.0,0,4
VOL-under,get,VOL-under|get,prep,30,0.0,0,4
VOL-under,get,VOL-under|get,prep,33,0.0,0,4
VOL-under,get,VOL-under|get,prep,36,0.0,0,4
VOL-under,get,VOL-under|get,prep,39,0.0,0,4
VOL-under,get,VOL-under|get,prep,42,0.25,1,4
VOL-under,get,VOL-under|get,prep,45,0.25,0,4
VOL-under,get,VOL-under|get,prep,48,0.75,2,4
VOL-under,get,VOL-under|get,prep,51,0.75,0,4
VOL-under,get,VOL-under|get,prep,54,1.0,1,4
VOL-under,get,VOL-under|get,prep,57,1.0,0,4
VOL-under,get,VOL-under|get,prep,60,1.0,0,4
VOL-under,get,VOL-under|get,prep,63,1.0,0,4
VOL-under,get,VOL-under|get,prep,66,1.0,0,4
VOL-under,get,VOL-under|get,prep,69,1.0,0,4
VOL-under,have,VOL-under|have,prep,18,0.0,0,1
VOL-under,have,VOL-under|have,prep,21,0.0,0,1
VOL-under,have,VOL-under|have,prep,24,0.0,0,1
VOL-under,have,VOL-under|have,prep,27,0.0,0,1
VOL-under,have,VOL-under|have,prep,30,0.0,0,1
VOL-under,have,VOL-under|have,prep,33,0.0,0,1
VOL-under,have,VOL-under|have,prep,36,0.0,0,1
VOL-under,have,VOL-under|have,prep,39,0.0,0,1
VOL-under,have,VOL-under|have,prep,42,0.0,0,1
VOL-under,have,VOL-under|have,prep,45,0.0,0,1
VOL-under,have,VOL-under|have,prep,48,0.0,0,1
VOL-under,have,VOL-under|have,prep,51,0.0,0,1
VOL-under,have,VOL-under|have,prep,54,1.0,1,1
VOL-under,have,VOL-under|have,prep,57,1.0,0,1
VOL-under,have,VOL-under|have,prep,60,1.0,0,1
VOL-under,have,VOL-under|have,prep,63,1.0,0,1
VOL-under,have,VOL-under|have,prep,66,1.0,0,1
VOL-under,have,VOL-under|have,prep,69,1.0,0,1
VOL-under,hurt,VOL-under|hurt,prep,18,0.0,0,1
VOL-under,hurt,VOL-under|hurt,prep,21,0.0,0,1
VOL-under,hurt,VOL-under|hurt,prep,24,0.0,0,1
VOL-under,hurt,VOL-under|hurt,prep,27,0.0,0,1
VOL-under,hurt,VOL-under|hurt,prep,30,0.0,0,1
VOL-under,hurt,VOL-under|hurt,prep,33,0.0,0,1
VOL-under,hurt,VOL-under|hurt,prep,36,1.0,1,1
VOL-under,hurt,VOL-under|hurt,prep,39,1.0,0,1
VOL-under,hurt,VOL-under|hurt,prep,42,1.0,0,1
VOL-under,hurt,VOL-under|hurt,prep,45,1.0,0,1
VOL-under,hurt,VOL-under|hurt,prep,48,1.0,0,1
VOL-under,hurt,VOL-under|hurt,prep,51,1.0,0,1
VOL-under,hurt,VOL-under|hurt,prep,54,1.0,0,1
VOL-under,hurt,VOL-under|hurt,prep,57,1.0,0,1
VOL-under,hurt,VOL-under|hurt,prep,60,1.0,0,1
VOL-under,hurt,VOL-under|hurt,prep,63,1.0,0,1
VOL-under,hurt,VOL-under|hurt,prep,66,1.0,0,1
VOL-under,hurt,VOL-under|hurt,prep,69,1.0,0,1
VOL-under,make,VOL-under|make,prep,18,0.0,0,1
VOL-under,make,VOL-under|make,prep,21,0.0,0,1
VOL-under,make,VOL-under|make,prep,24,0.0,0,1
VOL-under,make,VOL-under|make,prep,27,0.0,0,1
VOL-under,make,VOL-under|make,prep,30,0.0,0,1
VOL-under,make,VOL-under|make,prep,33,0.0,0,1
VOL-under,make,VOL-under|make,prep,36,1.0,1,1
VOL-under,make,VOL-under|make,prep,39,1.0,0,1
VOL-under,make,VOL-under|make,prep,42,1.0,0,1
VOL-under,make,VOL-under|make,prep,45,1.0,0,1
VOL-under,make,VOL-under|make,prep,48,1.0,0,1
VOL-under,make,VOL-under|make,prep,51,1.0,0,1
VOL-under,make,VOL-under|make,prep,54,1.0,0,1
VOL-under,make,VOL-under|make,prep,57,1.0,0,1
VOL-under,make,VOL-under|make,prep,60,1.0,0,1
VOL-under,make,VOL-under|make,prep,63,1.0,0,1
VOL-under,make,VOL-under|make,prep,66,1.0,0,1
VOL-under,make,VOL-under|make,prep,69,1.0,0,1
VOL-under,put,VOL-under|put,prep,18,0.0,0,3
VOL-under,put,VOL-under|put,prep,21,0.0,0,3
VOL-under,put,VOL-under|put,prep,24,0.0,0,3
VOL-under,put,VOL-under|put,prep,27,0.0,0,3
VOL-under,put,VOL-under|put,prep,30,0.0,0,3
VOL-under,put,VOL-under|put,prep,33,0.0,0,3
VOL-under,put,VOL-under|put,prep,36,0.3333333333333333,1,3
VOL-under,put,VOL-under|put,prep,39,0.6666666666666666,1,3
VOL-under,put,VOL-under|put,prep,42,0.6666666666666666,0,3
VOL-under,put,VOL-under|put,prep,45,0.6666666666666666,0,3
VOL-under,put,VOL-under|put,prep,48,0.6666666666666666,0,3
VOL-under,put,VOL-under|put,prep,51,0.6666666666666666,0,3
VOL-under,put,VOL-under|put,prep,54,1.0,1,3
VOL-under,put,VOL-under|put,prep,57,1.0,0,3
VOL-under,put,VOL-under|put,prep,60,1.0,0,3
VOL-under,put,VOL-under|put,prep,63,1.0,0,3
VOL-under,put,VOL-under|put,prep,66,1.0,0,3
VOL-under,put,VOL-under|put,prep,69,1.0,0,3
VOO,do,VOO|do,schematic,18,0.017857142857142856,1,56
VOO,do,VOO|do,schematic,21,0.05357142857142857,2,56
VOO,do,VOO|do,schematic,24,0.08928571428571429,2,56
VOO,do,VOO|do,schematic,27,0.10714285714285714,1,56
VOO,do,VOO|do,schematic,30,0.23214285714285715,7,56
VOO,do,VOO|do,schematic,33,0.32142857142857145,5,56
VOO,do,VOO|do,schematic,36,0.4107142857142857,5,56
VOO,do,VOO|do,schematic,39,0.5178571428571429,6,56
VOO,do,VOO|do,schematic,42,0.6428571428571429,7,56
VOO,do,VOO|do,schematic,45,0.6607142857142857,1,56
VOO,do,VOO|do,schematic,48,0.8214285714285714,9,56
VOO,do,VOO|do,schematic,51,0.875,3,56
VOO,do,VOO|do,schematic,54,0.9107142857142857,2,56
VOO,do,VOO|do,schematic,57,0.9464285714285714,2,56
VOO,do,VOO|do,schematic,60,1.0,3,56
VOO,do,VOO|do,schematic,63,1.0,0,56
VOO,do,VOO|do,schematic,66,1.0,0,56
VOO,do,VOO|do,schematic,69,1.0,0,56
VOO,draw,VOO|draw,schematic,18,0.0,0,6
VOO,draw,VOO|draw,schematic,21,0.0,0,6
VOO,draw,VOO|draw,schematic,24,0.5,3,6
VOO,draw,VOO|draw,schematic,27,0.6666666666666666,1,6
VOO,draw,VOO|draw,schematic,30,0.8333333333333334,1,6
VOO,draw,VOO|draw,schematic,33,0.8333333333333334,0,6
VOO,draw,VOO|draw,schematic,36,0.8333333333333334,0,6
VOO,draw,VOO|draw,schematic,39,1.0,1,6
VOO,draw,VOO|draw,schematic,42,1.0,0,6
VOO,draw,VOO|draw,schematic,45,1.0,0,6
VOO,draw,VOO|draw,schematic,48,1.0,0,6
VOO,draw,VOO|draw,schematic,51,1.0,0,6
VOO,draw,VOO|draw,schematic,54,1.0,0,6
VOO,draw,VOO|draw,schematic,57,1.0,0,6
VOO,draw,VOO|draw,schematic,60,1.0,0,6
VOO,draw,VOO|draw,schematic,63,1.0,0,6
VOO,draw,VOO|draw,schematic,66,1.0,0,6
VOO,draw,VOO|draw,schematic,69,1.0,0,6
VOO,get,VOO|get,schematic,18,0.014084507042253521,2,142
VOO,get,VOO|get,schematic,21,0.014084507042253521,0,142
VOO,get,VOO|get,schematic,24,0.056338028169014086,6,142
VOO,get,VOO|get,schematic,27,0.14084507042253522,12,142
VOO,get,VOO|get,schematic,30,0.2323943661971831,13,142
VOO,get,VOO|get,schematic,33,0.29577464788732394,9,142
VOO,get,VOO|get,schematic,36,0.3591549295774648,9,142
VOO,get,VOO|get,schematic,39,0.5070422535211268,21,142
VOO,get,VOO|get,schematic,42,0.6619718309859155,22,142
VOO,get,VOO|get,schematic,45,0.704225352112676,6,142
VOO,get,VOO|get,schematic,48,0.7394366197183099,5,142
VOO,get,VOO|get,schematic,51,0.8802816901408451,20,142
VOO,get,VOO|get,schematic,54,0.9225352112676056,6,142
VOO,get,VOO|get,schematic,57,0.9788732394366197,8,142
VOO,get,VOO|get,schematic,60,1.0,3,142
VOO,get,VOO|get,schematic,63,1.0,0,142
VOO,get,VOO|get,schematic,66,1.0,0,142
VOO,get,VOO|get,schematic,69,1.0,0,142
VOO,give,VOO|give,schematic,18,0.010471204188481676,4,382
VOO,give,VOO|give,schematic,21,0.06282722513089005,20,382
VOO,give,VOO|give,schematic,24,0.08638743455497382,9,382
VOO,give,VOO|give,schematic,27,0.11518324607329843,11,382
VOO,give,VOO|give,schematic,30,0.17539267015706805,23,382
VOO,give,VOO|give,schematic,33,0.2905759162303665,44,382
VOO,give,VOO|give,schematic,36,0.4083769633507853,45,382
VOO,give,VOO|give,schematic,39,0.5497382198952879,54,382
VOO,give,VOO|give,schematic,42,0.6335078534031413,32,382
VOO,give,VOO|give,schematic,45,0.7120418848167539,30,382
VOO,give,VOO|give,schematic,48,0.8010471204188482,34,382
VOO,give,VOO|give,schematic,51,0.8534031413612565,20,382
VOO,give,VOO|give,schematic,54,0.8821989528795812,11,382
VOO,give,VOO|give,schematic,57,0.9685863874345549,33,382
VOO,give,VOO|give,schematic,60,1.0,12,382
VOO,give,VOO|give,schematic,63,1.0,0,382
VOO,give,VOO|give,schematic,66,1.0,0,382
VOO,give,VOO|give,schematic,69,1.0,0,382
VOO,hit,VOO|hit,schematic,18,0.0,0,8
VOO,hit,VOO|hit,schematic,21,0.0,0,8
VOO,hit,VOO|hit,schematic,24,0.0,0,8
VOO,hit,VOO|hit,schematic,27,0.375,3,8
VOO,hit,VOO|hit,schematic,30,0.5,1,8
VOO,hit,VOO|hit,schematic,33,0.75,2,8
VOO,hit,VOO|hit,schematic,36,0.875,1,8
VOO,hit,VOO|hit,schematic,39,0.875,0,8
VOO,hit,VOO|hit,schematic,42,1.0,1,8
VOO,hit,VOO|hit,schematic,45,1.0,0,8
VOO,hit,VOO|hit,schematic,48,1.0,0,8
VOO,hit,VOO|hit,schematic,51,1.0,0,8
VOO,hit,VOO|hit,schematic,54,1.0,0,8
VOO,hit,VOO|hit,schematic,57,1.0,0,8
VOO,hit,VOO|hit,schematic,60,1.0,0,8
VOO,hit,VOO|hit,schematic,63,1.0,0,8
VOO,hit,VOO|hit,schematic,66,1.0,0,8
VOO,hit,VOO|hit,schematic,69,1.0,0,8
VOO,keep,VOO|keep,schematic,18,0.0,0,8
VOO,keep,VOO|keep,schematic,21,0.0,0,8
VOO,keep,VOO|keep,schematic,24,0.0,0,8
VOO,keep,VOO|keep,schematic,27,0.0,0,8
VOO,keep,VOO|keep,schematic,30,0.75,6,8
VOO,keep,VOO|keep,schematic,33,0.75,0,8
VOO,keep,VOO|keep,schematic,36,0.875,1,8
VOO,keep,VOO|keep,schematic,39,0.875,0,8
VOO,keep,VOO|keep,schematic,42,0.875,0,8
VOO,keep,VOO|keep,schematic,45,0.875,0,8
VOO,keep,VOO|keep,schematic,48,0.875,0,8
VOO,keep,VOO|keep,schematic,51,1.0,1,8
VOO,keep,VOO|keep,schematic,54,1.0,0,8
VOO,keep,VOO|keep,schematic,57,1.0,0,8
VOO,keep,VOO|keep,schematic,60,1.0,0,8
VOO,keep,VOO|keep,schematic,63,1.0,0,8
VOO,keep,VOO|keep,schematic,66,1.0,0,8
VOO,keep,VOO|keep,schematic,69,1.0,0,8
VOO,take,VOO|take,schematic,18,0.0,0,20
VOO,take,VOO|take,schematic,21,0.05,1,20
VOO,take,VOO|take,schematic,24,0.15,2,20
VOO,take,VOO|take,schematic,27,0.2,1,20
VOO,take,VOO|take,schematic,30,0.2,0,20
VOO,take,VOO|take,schematic,33,0.3,2,20
VOO,take,VOO|take,schematic,36,0.5,4,20
VOO,take,VOO|take,schematic,39,0.7,4,20
VOO,take,VOO|take,schematic,42,0.75,1,20
VOO,take,VOO|take,schematic,45,0.8,1,20
VOO,take,VOO|take,schematic,48,0.85,1,20
VOO,take,VOO|take,schematic,51,1.0,3,20
VOO,take,VOO|take,schematic,54,1.0,0,20
VOO,take,VOO|take,schematic,57,1.0,0,20
VOO,take,VOO|take,schematic,60,1.0,0,20
VOO,take,VOO|take,schematic,63,1.0,0,20
VOO,take,VOO|take,schematic,66,1.0,0,20
VOO,take,VOO|take,schematic,69,1.0,0,20
VOO,write,VOO|write,schematic,18,0.0,0,30
VOO,write,VOO|write,schematic,21,0.0,0,30
VOO,write,VOO|write,schematic,24,0.4666666666666667,14,30
VOO,write,VOO|write,schematic,27,0.7666666666666667,9,30
VOO,write,VOO|write,schematic,30,0.8333333333333334,2,30
VOO,write,VOO|write,schematic,33,0.8333333333333334,0,30
VOO,write,VOO|write,schematic,36,0.8333333333333334,0,30
VOO,write,VOO|write,schematic,39,0.9,2,30
VOO,write,VOO|write,schematic,42,0.9333333333333333,1,30
VOO,write,VOO|write,schematic,45,0.9333333333333333,0,30
VOO,write,VOO|write,schematic,48,0.9333333333333333,0,30
VOO,write,VOO|write,schematic,51,0.9333333333333333,0,30
VOO,write,VOO|write,schematic,54,0.9666666666666667,1,30
VOO,write,VOO|write,schematic,57,0.9666666666666667,0,30
VOO,write,VOO|write,schematic,60,1.0,1,30
VOO,write,VOO|write,schematic,63,1.0,0,30
VOO,write,VOO|write,schematic,66,1.0,0,30
VOO,write,VOO|write,schematic,69,1.0,0,30
