vac,verb,item,child_id,last_obs,first_age,event,time
VL,go,VL|go,134000000001,62.394250513347025,27.13141683778234,1,27.13141683778234
VL,go,VL|go,134000000012,27.0,21.0,1,21.0
VL,go,VL|go,134000000019,61.19712525667351,30.657084188911703,1,30.657084188911703
VL,go,VL|go,184000000001,49.591375770020534,31.262833675564682,1,31.262833675564682
VL,go,VL|go,184000000008,54.16427104722793,44.8870636550308,1,44.8870636550308
VL,go,VL|go,184000000016,52.492813141683776,52.492813141683776,1,52.492813141683776
VL,go,VL|go,184000000019,48.36139630390144,40.0,1,40.0
VL,go,VL|go,184000000023,50.09856262833676,24.32854209445585,1,24.32854209445585
VL,go,VL|go,184000000033,52.03285420944559,45.36139630390144,1,45.36139630390144
VL,go,VL|go,184000000037,43.98562628336756,43.98562628336756,1,43.98562628336756
VL,go,VL|go,184000000040,52.62422997946612,31.657084188911703,1,31.657084188911703
VL,go,VL|go,184000000051,38.09856262833676,32.98562628336756,1,32.98562628336756
VL,go,VL|go,184000000054,30.32854209445585,,0,30.32854209445585
VL,go,VL|go,184000000060,53.13141683778234,41.394250513347025,1,41.394250513347025
VL,go,VL|go,198000000001,56.0,20.8870636550308,1,20.8870636550308
VL,go,VL|go,198000000021,60.78850102669404,29.919917864476385,1,29.919917864476385
VL,go,VL|go,198000000034,59.06570841889117,24.098562628336754,1,24.098562628336754
VL,go,VL|go,198000000044,58.19712525667351,18.06570841889117,1,18.06570841889117
VL,go,VL|go,198000000060,47.91991786447639,23.82135523613963,1,23.82135523613963
VL,go,VL|go,198000000068,57.72279260780287,23.95277207392197,1,23.95277207392197
VL,go,VL|go,198000000095,60.09856262833676,20.75564681724846,1,20.75564681724846
VL,go,VL|go,198000000103,58.26283367556468,30.098562628336754,1,30.098562628336754
VL,go,VL|go,198000000114,57.0,21.06570841889117,1,21.06570841889117
VL,go,VL|go,198000000128,57.591375770020534,36.19712525667351,1,36.19712525667351
VL,go,VL|go,198000000140,59.72279260780287,33.13141683778234,1,33.13141683778234
VL,go,VL|go,198000000151,57.16427104722793,20.95277207392197,1,20.95277207392197
VL,go,VL|go,198000000162,58.09856262833676,33.0,1,33.0
VL,go,VL|go,198000000177,56.13141683778234,29.0,1,29.0
VL,go,VL|go,198000000184,57.03285420944559,29.427104722792606,1,29.427104722792606
VL,go,VL|go,198000000197,60.62422997946612,21.0,1,21.0
VL,go,VL|go,198000000213,55.459958932238195,23.95277207392197,1,23.95277207392197
VL,go,VL|go,198000000221,42.06570841889117,30.098562628336754,1,30.098562628336754
VL,go,VL|go,198000000244,41.95277207392197,41.95277207392197,1,41.95277207392197
VL,go,VL|go,198000000250,41.91991786447639,24.262833675564682,1,24.262833675564682
VL,go,VL|go,198000000258,39.09856262833676,18.06570841889117,1,18.06570841889117
VL,go,VL|go,198000000271,42.03285420944559,36.06570841889117,1,36.06570841889117
VL,go,VL|go,198000000287,41.8870636550308,27.0,1,27.0
VL,go,VL|go,198000000298,41.72279260780287,27.164271047227928,1,27.164271047227928
VL,go,VL|go,198000000312,41.85420944558521,23.8870636550308,1,23.8870636550308
VL,go,VL|go,198000000334,42.36139630390144,36.0,1,36.0
VL,go,VL|go,198000000348,42.36139630390144,23.985626283367555,1,23.985626283367555
VL,go,VL|go,198000000366,18.361396303901437,,0,18.361396303901437
VL,go,VL|go,198000000374,42.82135523613963,,0,42.82135523613963
VL,go,VL|go,198000000383,41.72279260780287,21.032854209445585,1,21.032854209445585
VL,go,VL|go,198000000394,41.98562628336756,26.985626283367555,1,26.985626283367555
VL,go,VL|go,198000000404,42.26283367556468,27.32854209445585,1,27.32854209445585
VL,come,VL|come,134000000001,62.394250513347025,27.13141683778234,1,27.13141683778234
VL,come,VL|come,134000000012,27.0,20.0,1,20.0
VL,come,VL|come,134000000019,61.19712525667351,31.39425051334702,1,31.39425051334702
VL,come,VL|come,184000000001,49.591375770020534,28.295687885010267,1,28.295687885010267
VL,come,VL|come,184000000008,54.16427104722793,45.13141683778234,1,45.13141683778234
VL,come,VL|come,184000000016,52.492813141683776,52.492813141683776,1,52.492813141683776
VL,come,VL|come,184000000019,48.36139630390144,40.0,1,40.0
VL,come,VL|come,184000000023,50.09856262833676,24.32854209445585,1,24.32854209445585
VL,come,VL|come,184000000033,52.03285420944559,45.36139630390144,1,45.36139630390144
VL,come,VL|come,184000000037,43.98562628336756,43.98562628336756,1,43.98562628336756
VL,come,VL|come,184000000040,52.62422997946612,39.82135523613963,1,39.82135523613963
VL,come,VL|come,184000000051,38.09856262833676,32.98562628336756,1,32.98562628336756
VL,come,VL|come,184000000054,30.32854209445585,,0,30.32854209445585
VL,come,VL|come,184000000060,53.13141683778234,42.78850102669404,1,42.78850102669404
VL,come,VL|come,198000000001,56.0,24.032854209445585,1,24.032854209445585
VL,come,VL|come,198000000021,60.78850102669404,20.8870636550308,1,20.8870636550308
VL,come,VL|come,198000000034,59.06570841889117,29.919917864476385,1,29.919917864476385
VL,come,VL|come,198000000044,58.19712525667351,24.197125256673512,1,24.197125256673512
VL,come,VL|come,198000000060,47.91991786447639,23.82135523613963,1,23.82135523613963
VL,come,VL|come,198000000068,57.72279260780287,23.95277207392197,1,23.95277207392197
VL,come,VL|come,198000000095,60.09856262833676,26.95277207392197,1,26.95277207392197
VL,come,VL|come,198000000103,58.26283367556468,20.985626283367555,1,20.985626283367555
VL,come,VL|come,198000000114,57.0,24.13141683778234,1,24.13141683778234
VL,come,VL|come,198000000128,57.591375770020534,23.985626283367555,1,23.985626283367555
VL,come,VL|come,198000000140,59.72279260780287,29.95277207392197,1,29.95277207392197
VL,come,VL|come,198000000151,57.16427104722793,41.0,1,41.0
VL,come,VL|come,198000000162,58.09856262833676,33.0,1,33.0
VL,come,VL|come,198000000177,56.13141683778234,24.06570841889117,1,24.06570841889117
VL,come,VL|come,198000000184,57.03285420944559,33.78850102669404,1,33.78850102669404
VL,come,VL|come,198000000197,60.62422997946612,18.0,1,18.0
VL,come,VL|come,198000000213,55.459958932238195,23.95277207392197,1,23.95277207392197
VL,come,VL|come,198000000221,42.06570841889117,30.098562628336754,1,30.098562628336754
VL,come,VL|come,198000000244,41.95277207392197,,0,41.95277207392197
VL,come,VL|come,198000000250,41.91991786447639,24.262833675564682,1,24.262833675564682
VL,come,VL|come,198000000258,39.09856262833676,32.82135523613963,1,32.82135523613963
VL,come,VL|come,198000000271,42.03285420944559,30.032854209445585,1,30.032854209445585
VL,come,VL|come,198000000287,41.8870636550308,40.394250513347025,1,40.394250513347025
VL,come,VL|come,198000000298,41.72279260780287,27.164271047227928,1,27.164271047227928
VL,come,VL|come,198000000312,41.85420944558521,23.8870636550308,1,23.8870636550308
VL,come,VL|come,198000000334,42.36139630390144,24.427104722792606,1,24.427104722792606
VL,come,VL|come,198000000348,42.36139630390144,23.985626283367555,1,23.985626283367555
VL,come,VL|come,198000000366,18.361396303901437,,0,18.361396303901437
VL,come,VL|come,198000000374,42.82135523613963,,0,42.82135523613963
VL,come,VL|come,198000000383,41.72279260780287,41.72279260780287,1,41.72279260780287
VL,come,VL|come,198000000394,41.98562628336756,30.06570841889117,1,30.06570841889117
VL,come,VL|come,198000000404,42.26283367556468,,0,42.26283367556468
VL,want,VL|want,134000000001,62.394250513347025,34.98562628336756,1,34.98562628336756
VL,want,VL|want,134000000012,27.0,18.0,1,18.0
VL,want,VL|want,134000000019,61.19712525667351,32.82135523613963,1,32.82135523613963
VL,want,VL|want,184000000001,49.591375770020534,,0,49.591375770020534
VL,want,VL|want,184000000008,54.16427104722793,,0,54.16427104722793
VL,want,VL|want,184000000016,52.492813141683776,,0,52.492813141683776
VL,want,VL|want,184000000019,48.36139630390144,,0,48.36139630390144
VL,want,VL|want,184000000023,50.09856262833676,,0,50.09856262833676
VL,want,VL|want,184000000033,52.03285420944559,,0,52.03285420944559
VL,want,VL|want,184000000037,43.98562628336756,,0,43.98562628336756
VL,want,VL|want,184000000040,52.62422997946612,,0,52.62422997946612
VL,want,VL|want,184000000051,38.09856262833676,29.82135523613963,1,29.82135523613963
VL,want,VL|want,184000000054,30.32854209445585,,0,30.32854209445585
VL,want,VL|want,184000000060,53.13141683778234,,0,53.13141683778234
VL,want,VL|want,198000000001,56.0,,0,56.0
VL,want,VL|want,198000000021,60.78850102669404,,0,60.78850102669404
VL,want,VL|want,198000000034,59.06570841889117,59.06570841889117,1,59.06570841889117
VL,want,VL|want,198000000044,58.19712525667351,,0,58.19712525667351
VL,want,VL|want,198000000060,47.91991786447639,,0,47.91991786447639
VL,want,VL|want,198000000068,57.72279260780287,,0,57.72279260780287
VL,want,VL|want,198000000095,60.09856262833676,26.95277207392197,1,26.95277207392197
VL,want,VL|want,198000000103,58.26283367556468,,0,58.26283367556468
VL,want,VL|want,198000000114,57.0,,0,57.0
VL,want,VL|want,198000000128,57.591375770020534,28.13141683778234,1,28.13141683778234
VL,want,VL|want,198000000140,59.72279260780287,36.394250513347025,1,36.394250513347025
VL,want,VL|want,198000000151,57.16427104722793,,0,57.16427104722793
VL,want,VL|want,198000000162,58.09856262833676,,0,58.09856262833676
VL,want,VL|want,198000000177,56.13141683778234,,0,56.13141683778234
VL,want,VL|want,198000000184,57.03285420944559,,0,57.03285420944559
VL,want,VL|want,198000000197,60.62422997946612,,0,60.62422997946612
VL,want,VL|want,198000000213,55.459958932238195,,0,55.459958932238195
VL,want,VL|want,198000000221,42.06570841889117,30.098562628336754,1,30.098562628336754
VL,want,VL|want,198000000244,41.95277207392197,,0,41.95277207392197
VL,want,VL|want,198000000250,41.91991786447639,,0,41.91991786447639
VL,want,VL|want,198000000258,39.09856262833676,,0,39.09856262833676
VL,want,VL|want,198000000271,42.03285420944559,,0,42.03285420944559
VL,want,VL|want,198000000287,41.8870636550308,,0,41.8870636550308
VL,want,VL|want,198000000298,41.72279260780287,,0,41.72279260780287
VL,want,VL|want,198000000312,41.85420944558521,,0,41.85420944558521
VL,want,VL|want,198000000334,42.36139630390144,,0,42.36139630390144
VL,want,VL|want,198000000348,42.36139630390144,,0,42.36139630390144
VL,want,VL|want,198000000366,18.361396303901437,,0,18.361396303901437
VL,want,VL|want,198000000374,42.82135523613963,,0,42.82135523613963
VL,want,VL|want,198000000383,41.72279260780287,,0,41.72279260780287
VL,want,VL|want,198000000394,41.98562628336756,,0,41.98562628336756
VL,want,VL|want,198000000404,42.26283367556468,29.854209445585216,1,29.854209445585216
VL,fall,VL|fall,134000000001,62.394250513347025,27.591375770020534,1,27.591375770020534
VL,fall,VL|fall,134000000012,27.0,18.0,1,18.0
VL,fall,VL|fall,134000000019,61.19712525667351,28.32854209445585,1,28.32854209445585
VL,fall,VL|fall,184000000001,49.591375770020534,30.525667351129364,1,30.525667351129364
VL,fall,VL|fall,184000000008,54.16427104722793,45.13141683778234,1,45.13141683778234
VL,fall,VL|fall,184000000016,52.492813141683776,,0,52.492813141683776
VL,fall,VL|fall,184000000019,48.36139630390144,41.82135523613963,1,41.82135523613963
VL,fall,VL|fall,184000000023,50.09856262833676,25.032854209445585,1,25.032854209445585
VL,fall,VL|fall,184000000033,52.03285420944559,46.78850102669404,1,46.78850102669404
VL,fall,VL|fall,184000000037,43.98562628336756,,0,43.98562628336756
VL,fall,VL|fall,184000000040,52.62422997946612,42.68993839835729,1,42.68993839835729
VL,fall,VL|fall,184000000051,38.09856262833676,35.0,1,35.0
VL,fall,VL|fall,184000000054,30.32854209445585,,0,30.32854209445585
VL,fall,VL|fall,184000000060,53.13141683778234,41.394250513347025,1,41.394250513347025
VL,fall,VL|fall,198000000001,56.0,30.06570841889117,1,30.06570841889117
VL,fall,VL|fall,198000000021,60.78850102669404,60.78850102669404,1,60.78850102669404
VL,fall,VL|fall,198000000034,59.06570841889117,29.919917864476385,1,29.919917864476385
VL,fall,VL|fall,198000000044,58.19712525667351,42.13141683778234,1,42.13141683778234
VL,fall,VL|fall,198000000060,47.91991786447639,,0,47.91991786447639
VL,fall,VL|fall,198000000068,57.72279260780287,29.689938398357288,1,29.689938398357288
VL,fall,VL|fall,198000000095,60.09856262833676,30.197125256673512,1,30.197125256673512
VL,fall,VL|fall,198000000103,58.26283367556468,58.26283367556468,1,58.26283367556468
VL,fall,VL|fall,198000000114,57.0,27.13141683778234,1,27.13141683778234
VL,fall,VL|fall,198000000128,57.591375770020534,21.13141683778234,1,21.13141683778234
VL,fall,VL|fall,198000000140,59.72279260780287,33.13141683778234,1,33.13141683778234
VL,fall,VL|fall,198000000151,57.16427104722793,41.0,1,41.0
VL,fall,VL|fall,198000000162,58.09856262833676,36.0,1,36.0
VL,fall,VL|fall,198000000177,56.13141683778234,36.19712525667351,1,36.19712525667351
VL,fall,VL|fall,198000000184,57.03285420944559,26.82135523613963,1,26.82135523613963
VL,fall,VL|fall,198000000197,60.62422997946612,,0,60.62422997946612
VL,fall,VL|fall,198000000213,55.459958932238195,26.854209445585216,1,26.854209445585216
VL,fall,VL|fall,198000000221,42.06570841889117,28.525667351129364,1,28.525667351129364
VL,fall,VL|fall,198000000244,41.95277207392197,,0,41.95277207392197
VL,fall,VL|fall,198000000250,41.91991786447639,,0,41.91991786447639
VL,fall,VL|fall,198000000258,39.09856262833676,32.82135523613963,1,32.82135523613963
VL,fall,VL|fall,198000000271,42.03285420944559,,0,42.03285420944559
VL,fall,VL|fall,198000000287,41.8870636550308,29.689938398357288,1,29.689938398357288
VL,fall,VL|fall,198000000298,41.72279260780287,27.164271047227928,1,27.164271047227928
VL,fall,VL|fall,198000000312,41.85420944558521,39.2299794661191,1,39.2299794661191
VL,fall,VL|fall,198000000334,42.36139630390144,36.0,1,36.0
VL,fall,VL|fall,198000000348,42.36139630390144,21.229979466119097,1,21.229979466119097
VL,fall,VL|fall,198000000366,18.361396303901437,,0,18.361396303901437
VL,fall,VL|fall,198000000374,42.82135523613963,,0,42.82135523613963
VL,fall,VL|fall,198000000383,41.72279260780287,30.0,1,30.0
VL,fall,VL|fall,198000000394,41.98562628336756,30.06570841889117,1,30.06570841889117
VL,fall,VL|fall,198000000404,42.26283367556468,,0,42.26283367556468
VL,sit,VL|sit,134000000001,62.394250513347025,27.13141683778234,1,27.13141683778234
VL,sit,VL|sit,134000000012,27.0,18.0,1,18.0
VL,sit,VL|sit,134000000019,61.19712525667351,32.06570841889117,1,32.06570841889117
VL,sit,VL|sit,184000000001,49.591375770020534,30.525667351129364,1,30.525667351129364
VL,sit,VL|sit,184000000008,54.16427104722793,48.78850102669404,1,48.78850102669404
VL,sit,VL|sit,184000000016,52.492813141683776,,0,52.492813141683776
VL,sit,VL|sit,184000000019,48.36139630390144,40.0,1,40.0
VL,sit,VL|sit,184000000023,50.09856262833676,25.722792607802873,1,25.722792607802873
VL,sit,VL|sit,184000000033,52.03285420944559,48.394250513347025,1,48.394250513347025
VL,sit,VL|sit,184000000037,43.98562628336756,,0,43.98562628336756
VL,sit,VL|sit,184000000040,52.62422997946612,34.459958932238195,1,34.459958932238195
VL,sit,VL|sit,184000000051,38.09856262833676,32.98562628336756,1,32.98562628336756
VL,sit,VL|sit,184000000054,30.32854209445585,,0,30.32854209445585
VL,sit,VL|sit,184000000060,53.13141683778234,43.6570841889117,1,43.6570841889117
VL,sit,VL|sit,198000000001,56.0,36.06570841889117,1,36.06570841889117
VL,sit,VL|sit,198000000021,60.78850102669404,29.919917864476385,1,29.919917864476385
VL,sit,VL|sit,198000000034,59.06570841889117,21.13141683778234,1,21.13141683778234
VL,sit,VL|sit,198000000044,58.19712525667351,39.36139630390144,1,39.36139630390144
VL,sit,VL|sit,198000000060,47.91991786447639,23.95277207392197,1,23.95277207392197
VL,sit,VL|sit,198000000068,57.72279260780287,21.0,1,21.0
VL,sit,VL|sit,198000000095,60.09856262833676,42.16427104722793,1,42.16427104722793
VL,sit,VL|sit,198000000103,58.26283367556468,35.91991786447639,1,35.91991786447639
VL,sit,VL|sit,198000000114,57.0,27.13141683778234,1,27.13141683778234
VL,sit,VL|sit,198000000128,57.591375770020534,57.591375770020534,1,57.591375770020534
VL,sit,VL|sit,198000000140,59.72279260780287,,0,59.72279260780287
VL,sit,VL|sit,198000000151,57.16427104722793,27.164271047227928,1,27.164271047227928
VL,sit,VL|sit,198000000162,58.09856262833676,33.0,1,33.0
VL,sit,VL|sit,198000000177,56.13141683778234,38.95277207392197,1,38.95277207392197
VL,sit,VL|sit,198000000184,57.03285420944559,21.13141683778234,1,21.13141683778234
VL,sit,VL|sit,198000000197,60.62422997946612,,0,60.62422997946612
VL,sit,VL|sit,198000000213,55.459958932238195,30.06570841889117,1,30.06570841889117
VL,sit,VL|sit,198000000221,42.06570841889117,28.525667351129364,1,28.525667351129364
VL,sit,VL|sit,198000000244,41.95277207392197,30.032854209445585,1,30.032854209445585
VL,sit,VL|sit,198000000250,41.91991786447639,36.13141683778234,1,36.13141683778234
VL,sit,VL|sit,198000000258,39.09856262833676,,0,39.09856262833676
VL,sit,VL|sit,198000000271,42.03285420944559,26.82135523613963,1,26.82135523613963
VL,sit,VL|sit,198000000287,41.8870636550308,29.689938398357288,1,29.689938398357288
VL,sit,VL|sit,198000000298,41.72279260780287,23.8870636550308,1,23.8870636550308
VL,sit,VL|sit,198000000312,41.85420944558521,27.0,1,27.0
VL,sit,VL|sit,198000000334,42.36139630390144,36.0,1,36.0
VL,sit,VL|sit,198000000348,42.36139630390144,,0,42.36139630390144
VL,sit,VL|sit,198000000366,18.361396303901437,,0,18.361396303901437
VL,sit,VL|sit,198000000374,42.82135523613963,,0,42.82135523613963
VL,sit,VL|sit,198000000383,41.72279260780287,,0,41.72279260780287
VL,sit,VL|sit,198000000394,41.98562628336756,,0,41.98562628336756
VL,sit,VL|sit,198000000404,42.26283367556468,33.06570841889117,1,33.06570841889117
VL,write,VL|write,134000000001,62.394250513347025,27.13141683778234,1,27.13141683778234
VL,write,VL|write,134000000012,27.0,21.0,1,21.0
VL,write,VL|write,134000000019,61.19712525667351,31.39425051334702,1,31.39425051334702
VL,write,VL|write,184000000001,49.591375770020534,,0,49.591375770020534
VL,write,VL|write,184000000008,54.16427104722793,,0,54.16427104722793
VL,write,VL|write,184000000016,52.492813141683776,,0,52.492813141683776
VL,write,VL|write,184000000019,48.36139630390144,,0,48.36139630390144
VL,write,VL|write,184000000023,50.09856262833676,,0,50.09856262833676
VL,write,VL|write,184000000033,52.03285420944559,,0,52.03285420944559
VL,write,VL|write,184000000037,43.98562628336756,,0,43.98562628336756
VL,write,VL|write,184000000040,52.62422997946612,,0,52.62422997946612
VL,write,VL|write,184000000051,38.09856262833676,31.8870636550308,1,31.8870636550308
VL,write,VL|write,184000000054,30.32854209445585,,0,30.32854209445585
VL,write,VL|write,184000000060,53.13141683778234,,0,53.13141683778234
VL,write,VL|write,198000000001,56.0,,0,56.0
VL,write,VL|write,198000000021,60.78850102669404,,0,60.78850102669404
VL,write,VL|write,198000000034,59.06570841889117,,0,59.06570841889117
VL,write,VL|write,198000000044,58.19712525667351,,0,58.19712525667351
VL,write,VL|write,198000000060,47.91991786447639,,0,47.91991786447639
VL,write,VL|write,198000000068,57.72279260780287,,0,57.72279260780287
VL,write,VL|write,198000000095,60.09856262833676,,0,60.09856262833676
VL,write,VL|write,198000000103,58.26283367556468,35.91991786447639,1,35.91991786447639
VL,write,VL|write,198000000114,57.0,,0,57.0
VL,write,VL|write,198000000128,57.591375770020534,,0,57.591375770020534
VL,write,VL|write,198000000140,59.72279260780287,,0,59.72279260780287
VL,write,VL|write,198000000151,57.16427104722793,,0,57.16427104722793
VL,write,VL|write,198000000162,58.09856262833676,,0,58.09856262833676
VL,write,VL|write,198000000177,56.13141683778234,,0,56.13141683778234
VL,write,VL|write,198000000184,57.03285420944559,,0,57.03285420944559
VL,write,VL|write,198000000197,60.62422997946612,,0,60.62422997946612
VL,write,VL|write,198000000213,55.459958932238195,,0,55.459958932238195
VL,write,VL|write,198000000221,42.06570841889117,,0,42.06570841889117
VL,write,VL|write,198000000244,41.95277207392197,,0,41.95277207392197
VL,write,VL|write,198000000250,41.91991786447639,,0,41.91991786447639
VL,write,VL|write,198000000258,39.09856262833676,,0,39.09856262833676
VL,write,VL|write,198000000271,42.03285420944559,,0,42.03285420944559
VL,write,VL|write,198000000287,41.8870636550308,,0,41.8870636550308
VL,write,VL|write,198000000298,41.72279260780287,,0,41.72279260780287
VL,write,VL|write,198000000312,41.85420944558521,,0,41.85420944558521
VL,write,VL|write,198000000334,42.36139630390144,,0,42.36139630390144
VL,write,VL|write,198000000348,42.36139630390144,,0,42.36139630390144
VL,write,VL|write,198000000366,18.361396303901437,,0,18.361396303901437
VL,write,VL|write,198000000374,42.82135523613963,,0,42.82135523613963
VL,write,VL|write,198000000383,41.72279260780287,,0,41.72279260780287
VL,write,VL|write,198000000394,41.98562628336756,,0,41.98562628336756
VL,write,VL|write,198000000404,42.26283367556468,,0,42.26283367556468
VL,jump,VL|jump,134000000001,62.394250513347025,31.032854209445585,1,31.032854209445585
VL,jump,VL|jump,134000000012,27.0,20.0,1,20.0
VL,jump,VL|jump,134000000019,61.19712525667351,39.2299794661191,1,39.2299794661191
VL,jump,VL|jump,184000000001,49.591375770020534,30.525667351129364,1,30.525667351129364
VL,jump,VL|jump,184000000008,54.16427104722793,48.78850102669404,1,48.78850102669404
VL,jump,VL|jump,184000000016,52.492813141683776,,0,52.492813141683776
VL,jump,VL|jump,184000000019,48.36139630390144,45.13141683778234,1,45.13141683778234
VL,jump,VL|jump,184000000023,50.09856262833676,,0,50.09856262833676
VL,jump,VL|jump,184000000033,52.03285420944559,,0,52.03285420944559
VL,jump,VL|jump,184000000037,43.98562628336756,,0,43.98562628336756
VL,jump,VL|jump,184000000040,52.62422997946612,31.854209445585216,1,31.854209445585216
VL,jump,VL|jump,184000000051,38.09856262833676,33.525667351129364,1,33.525667351129364
VL,jump,VL|jump,184000000054,30.32854209445585,,0,30.32854209445585
VL,jump,VL|jump,184000000060,53.13141683778234,46.459958932238195,1,46.459958932238195
VL,jump,VL|jump,198000000001,56.0,,0,56.0
VL,jump,VL|jump,198000000021,60.78850102669404,23.985626283367555,1,23.985626283367555
VL,jump,VL|jump,198000000034,59.06570841889117,,0,59.06570841889117
VL,jump,VL|jump,198000000044,58.19712525667351,24.197125256673512,1,24.197125256673512
VL,jump,VL|jump,198000000060,47.91991786447639,23.82135523613963,1,23.82135523613963
VL,jump,VL|jump,198000000068,57.72279260780287,,0,57.72279260780287
VL,jump,VL|jump,198000000095,60.09856262833676,38.98562628336756,1,38.98562628336756
VL,jump,VL|jump,198000000103,58.26283367556468,39.0,1,39.0
VL,jump,VL|jump,198000000114,57.0,33.16427104722793,1,33.16427104722793
VL,jump,VL|jump,198000000128,57.591375770020534,,0,57.591375770020534
VL,jump,VL|jump,198000000140,59.72279260780287,,0,59.72279260780287
VL,jump,VL|jump,198000000151,57.16427104722793,24.49281314168378,1,24.49281314168378
VL,jump,VL|jump,198000000162,58.09856262833676,,0,58.09856262833676
VL,jump,VL|jump,198000000177,56.13141683778234,,0,56.13141683778234
VL,jump,VL|jump,198000000184,57.03285420944559,,0,57.03285420944559
VL,jump,VL|jump,198000000197,60.62422997946612,,0,60.62422997946612
VL,jump,VL|jump,198000000213,55.459958932238195,,0,55.459958932238195
VL,jump,VL|jump,198000000221,42.06570841889117,,0,42.06570841889117
VL,jump,VL|jump,198000000244,41.95277207392197,,0,41.95277207392197
VL,jump,VL|jump,198000000250,41.91991786447639,,0,41.91991786447639
VL,jump,VL|jump,198000000258,39.09856262833676,,0,39.09856262833676
VL,jump,VL|jump,198000000271,42.03285420944559,,0,42.03285420944559
VL,jump,VL|jump,198000000287,41.8870636550308,29.689938398357288,1,29.689938398357288
VL,jump,VL|jump,198000000298,41.72279260780287,,0,41.72279260780287
VL,jump,VL|jump,198000000312,41.85420944558521,,0,41.85420944558521
VL,jump,VL|jump,198000000334,42.36139630390144,,0,42.36139630390144
VL,jump,VL|jump,198000000348,42.36139630390144,,0,42.36139630390144
VL,jump,VL|jump,198000000366,18.361396303901437,,0,18.361396303901437
VL,jump,VL|jump,198000000374,42.82135523613963,,0,42.82135523613963
VL,jump,VL|jump,198000000383,41.72279260780287,,0,41.72279260780287
VL,jump,VL|jump,198000000394,41.98562628336756,26.985626283367555,1,26.985626283367555
VL,jump,VL|jump,198000000404,42.26283367556468,,0,42.26283367556468
VL,knock,VL|knock,134000000001,62.394250513347025,28.49281314168378,1,28.49281314168378
VL,knock,VL|knock,134000000012,27.0,,0,27.0
VL,knock,VL|knock,134000000019,61.19712525667351,37.09856262833676,1,37.09856262833676
VL,knock,VL|knock,184000000001,49.591375770020534,,0,49.591375770020534
VL,knock,VL|knock,184000000008,54.16427104722793,,0,54.16427104722793
VL,knock,VL|knock,184000000016,52.492813141683776,,0,52.492813141683776
VL,knock,VL|knock,184000000019,48.36139630390144,,0,48.36139630390144
VL,knock,VL|knock,184000000023,50.09856262833676,,0,50.09856262833676
VL,knock,VL|knock,184000000033,52.03285420944559,,0,52.03285420944559
VL,knock,VL|knock,184000000037,43.98562628336756,,0,43.98562628336756
VL,knock,VL|knock,184000000040,52.62422997946612,,0,52.62422997946612
VL,knock,VL|knock,184000000051,38.09856262833676,31.8870636550308,1,31.8870636550308
VL,knock,VL|knock,184000000054,30.32854209445585,,0,30.32854209445585
VL,knock,VL|knock,184000000060,53.13141683778234,,0,53.13141683778234
VL,knock,VL|knock,198000000001,56.0,,0,56.0
VL,knock,VL|knock,198000000021,60.78850102669404,,0,60.78850102669404
VL,knock,VL|knock,198000000034,59.06570841889117,,0,59.06570841889117
VL,knock,VL|knock,198000000044,58.19712525667351,,0,58.19712525667351
VL,knock,VL|knock,198000000060,47.91991786447639,30.197125256673512,1,30.197125256673512
VL,knock,VL|knock,198000000068,57.72279260780287,,0,57.72279260780287
VL,knock,VL|knock,198000000095,60.09856262833676,,0,60.09856262833676
VL,knock,VL|knock,198000000103,58.26283367556468,39.0,1,39.0
VL,knock,VL|knock,198000000114,57.0,,0,57.0
VL,knock,VL|knock,198000000128,57.591375770020534,,0,57.591375770020534
VL,knock,VL|knock,198000000140,59.72279260780287,,0,59.72279260780287
VL,knock,VL|knock,198000000151,57.16427104722793,,0,57.16427104722793
VL,knock,VL|knock,198000000162,58.09856262833676,,0,58.09856262833676
VL,knock,VL|knock,198000000177,56.13141683778234,,0,56.13141683778234
VL,knock,VL|knock,198000000184,57.03285420944559,,0,57.03285420944559
VL,knock,VL|knock,198000000197,60.62422997946612,,0,60.62422997946612
VL,knock,VL|knock,198000000213,55.459958932238195,,0,55.459958932238195
VL,knock,VL|knock,198000000221,42.06570841889117,,0,42.06570841889117
VL,knock,VL|knock,198000000244,41.95277207392197,,0,41.95277207392197
VL,knock,VL|knock,198000000250,41.91991786447639,,0,41.91991786447639
VL,knock,VL|knock,198000000258,39.09856262833676,,0,39.09856262833676
VL,knock,VL|knock,198000000271,42.03285420944559,,0,42.03285420944559
VL,knock,VL|knock,198000000287,41.8870636550308,,0,41.8870636550308
VL,knock,VL|knock,198000000298,41.72279260780287,,0,41.72279260780287
VL,knock,VL|knock,198000000312,41.85420944558521,,0,41.85420944558521
VL,knock,VL|knock,198000000334,42.36139630390144,,0,42.36139630390144
VL,knock,VL|knock,198000000348,42.36139630390144,,0,42.36139630390144
VL,knock,VL|knock,198000000366,18.361396303901437,,0,18.361396303901437
VL,knock,VL|knock,198000000374,42.82135523613963,,0,42.82135523613963
VL,knock,VL|knock,198000000383,41.72279260780287,,0,41.72279260780287
VL,knock,VL|knock,198000000394,41.98562628336756,,0,41.98562628336756
VL,knock,VL|knock,198000000404,42.26283367556468,,0,42.26283367556468
VOL,fall,VOL|fall,134000000001,62.394250513347025,27.591375770020534,1,27.591375770020534
VOL,fall,VOL|fall,134000000012,27.0,21.0,1,21.0
VOL,fall,VOL|fall,134000000019,61.19712525667351,31.39425051334702,1,31.39425051334702
VOL,fall,VOL|fall,184000000001,49.591375770020534,,0,49.591375770020534
VOL,fall,VOL|fall,184000000008,54.16427104722793,,0,54.16427104722793
VOL,fall,VOL|fall,184000000016,52.492813141683776,,0,52.492813141683776
VOL,fall,VOL|fall,184000000019,48.36139630390144,,0,48.36139630390144
VOL,fall,VOL|fall,184000000023,50.09856262833676,,0,50.09856262833676
VOL,fall,VOL|fall,184000000033,52.03285420944559,,0,52.03285420944559
VOL,fall,VOL|fall,184000000037,43.98562628336756,,0,43.98562628336756
VOL,fall,VOL|fall,184000000040,52.62422997946612,,0,52.62422997946612
VOL,fall,VOL|fall,184000000051,38.09856262833676,,0,38.09856262833676
VOL,fall,VOL|fall,184000000054,30.32854209445585,,0,30.32854209445585
VOL,fall,VOL|fall,184000000060,53.13141683778234,,0,53.13141683778234
VOL,fall,VOL|fall,198000000001,56.0,,0,56.0
VOL,fall,VOL|fall,198000000021,60.78850102669404,,0,60.78850102669404
VOL,fall,VOL|fall,198000000034,59.06570841889117,29.919917864476385,1,29.919917864476385
VOL,fall,VOL|fall,198000000044,58.19712525667351,,0,58.19712525667351
VOL,fall,VOL|fall,198000000060,47.91991786447639,,0,47.91991786447639
VOL,fall,VOL|fall,198000000068,57.72279260780287,,0,57.72279260780287
VOL,fall,VOL|fall,198000000095,60.09856262833676,,0,60.09856262833676
VOL,fall,VOL|fall,198000000103,58.26283367556468,39.0,1,39.0
VOL,fall,VOL|fall,198000000114,57.0,,0,57.0
VOL,fall,VOL|fall,198000000128,57.591375770020534,,0,57.591375770020534
VOL,fall,VOL|fall,198000000140,59.72279260780287,,0,59.72279260780287
VOL,fall,VOL|fall,198000000151,57.16427104722793,,0,57.16427104722793
VOL,fall,VOL|fall,198000000162,58.09856262833676,,0,58.09856262833676
VOL,fall,VOL|fall,198000000177,56.13141683778234,29.0,1,29.0
VOL,fall,VOL|fall,198000000184,57.03285420944559,29.427104722792606,1,29.427104722792606
VOL,fall,VOL|fall,198000000197,60.62422997946612,,0,60.62422997946612
VOL,fall,VOL|fall,198000000213,55.459958932238195,,0,55.459958932238195
VOL,fall,VOL|fall,198000000221,42.06570841889117,,0,42.06570841889117
VOL,fall,VOL|fall,198000000244,41.95277207392197,,0,41.95277207392197
VOL,fall,VOL|fall,198000000250,41.91991786447639,,0,41.91991786447639
VOL,fall,VOL|fall,198000000258,39.09856262833676,,0,39.09856262833676
VOL,fall,VOL|fall,198000000271,42.03285420944559,,0,42.03285420944559
VOL,fall,VOL|fall,198000000287,41.8870636550308,,0,41.8870636550308
VOL,fall,VOL|fall,198000000298,41.72279260780287,,0,41.72279260780287
VOL,fall,VOL|fall,198000000312,41.85420944558521,,0,41.85420944558521
VOL,fall,VOL|fall,198000000334,42.36139630390144,,0,42.36139630390144
VOL,fall,VOL|fall,198000000348,42.36139630390144,,0,42.36139630390144
VOL,fall,VOL|fall,198000000366,18.361396303901437,,0,18.361396303901437
VOL,fall,VOL|fall,198000000374,42.82135523613963,,0,42.82135523613963
VOL,fall,VOL|fall,198000000383,41.72279260780287,,0,41.72279260780287
VOL,fall,VOL|fall,198000000394,41.98562628336756,,0,41.98562628336756
VOL,fall,VOL|fall,198000000404,42.26283367556468,,0,42.26283367556468
VOL,put,VOL|put,134000000001,62.394250513347025,27.13141683778234,1,27.13141683778234
VOL,put,VOL|put,134000000012,27.0,21.0,1,21.0
VOL,put,VOL|put,134000000019,61.19712525667351,28.854209445585216,1,28.854209445585216
VOL,put,VOL|put,184000000001,49.591375770020534,28.295687885010267,1,28.295687885010267
VOL,put,VOL|put,184000000008,54.16427104722793,44.8870636550308,1,44.8870636550308
VOL,put,VOL|put,184000000016,52.492813141683776,52.492813141683776,1,52.492813141683776
VOL,put,VOL|put,184000000019,48.36139630390144,40.0,1,40.0
VOL,put,VOL|put,184000000023,50.09856262833676,25.722792607802873,1,25.722792607802873
VOL,put,VOL|put,184000000033,52.03285420944559,45.36139630390144,1,45.36139630390144
VOL,put,VOL|put,184000000037,43.98562628336756,43.98562628336756,1,43.98562628336756
VOL,put,VOL|put,184000000040,52.62422997946612,31.657084188911703,1,31.657084188911703
VOL,put,VOL|put,184000000051,38.09856262833676,31.8870636550308,1,31.8870636550308
VOL,put,VOL|put,184000000054,30.32854209445585,,0,30.32854209445585
VOL,put,VOL|put,184000000060,53.13141683778234,41.394250513347025,1,41.394250513347025
VOL,put,VOL|put,198000000001,56.0,36.06570841889117,1,36.06570841889117
VOL,put,VOL|put,198000000021,60.78850102669404,33.03285420944559,1,33.03285420944559
VOL,put,VOL|put,198000000034,59.06570841889117,32.8870636550308,1,32.8870636550308
VOL,put,VOL|put,198000000044,58.19712525667351,18.06570841889117,1,18.06570841889117
VOL,put,VOL|put,198000000060,47.91991786447639,42.78850102669404,1,42.78850102669404
VOL,put,VOL|put,198000000068,57.72279260780287,21.0,1,21.0
VOL,put,VOL|put,198000000095,60.09856262833676,20.75564681724846,1,20.75564681724846
VOL,put,VOL|put,198000000103,58.26283367556468,42.0,1,42.0
VOL,put,VOL|put,198000000114,57.0,18.0,1,18.0
VOL,put,VOL|put,198000000128,57.591375770020534,34.16427104722793,1,34.16427104722793
VOL,put,VOL|put,198000000140,59.72279260780287,29.95277207392197,1,29.95277207392197
VOL,put,VOL|put,198000000151,57.16427104722793,24.49281314168378,1,24.49281314168378
VOL,put,VOL|put,198000000162,58.09856262833676,24.032854209445585,1,24.032854209445585
VOL,put,VOL|put,198000000177,56.13141683778234,36.19712525667351,1,36.19712525667351
VOL,put,VOL|put,198000000184,57.03285420944559,35.85420944558521,1,35.85420944558521
VOL,put,VOL|put,198000000197,60.62422997946612,33.95277207392197,1,33.95277207392197
VOL,put,VOL|put,198000000213,55.459958932238195,20.854209445585216,1,20.854209445585216
VOL,put,VOL|put,198000000221,42.06570841889117,30.098562628336754,1,30.098562628336754
VOL,put,VOL|put,198000000244,41.95277207392197,33.78850102669404,1,33.78850102669404
VOL,put,VOL|put,198000000250,41.91991786447639,21.06570841889117,1,21.06570841889117
VOL,put,VOL|put,198000000258,39.09856262833676,27.39425051334702,1,27.39425051334702
VOL,put,VOL|put,198000000271,42.03285420944559,30.032854209445585,1,30.032854209445585
VOL,put,VOL|put,198000000287,41.8870636550308,29.689938398357288,1,29.689938398357288
VOL,put,VOL|put,198000000298,41.72279260780287,29.82135523613963,1,29.82135523613963
VOL,put,VOL|put,198000000312,41.85420944558521,27.0,1,27.0
VOL,put,VOL|put,198000000334,42.36139630390144,26.8870636550308,1,26.8870636550308
VOL,put,VOL|put,198000000348,42.36139630390144,,0,42.36139630390144
VOL,put,VOL|put,198000000366,18.361396303901437,,0,18.361396303901437
VOL,put,VOL|put,198000000374,42.82135523613963,,0,42.82135523613963
VOL,put,VOL|put,198000000383,41.72279260780287,21.032854209445585,1,21.032854209445585
VOL,put,VOL|put,198000000394,41.98562628336756,26.985626283367555,1,26.985626283367555
VOL,put,VOL|put,198000000404,42.26283367556468,39.68993839835729,1,39.68993839835729
VOL,take,VOL|take,134000000001,62.394250513347025,27.591375770020534,1,27.591375770020534
VOL,take,VOL|take,134000000012,27.0,21.0,1,21.0
VOL,take,VOL|take,134000000019,61.19712525667351,33.459958932238195,1,33.459958932238195
VOL,take,VOL|take,184000000001,49.591375770020534,33.394250513347025,1,33.394250513347025
VOL,take,VOL|take,184000000008,54.16427104722793,50.6570841889117,1,50.6570841889117
VOL,take,VOL|take,184000000016,52.492813141683776,,0,52.492813141683776
VOL,take,VOL|take,184000000019,48.36139630390144,45.13141683778234,1,45.13141683778234
VOL,take,VOL|take,184000000023,50.09856262833676,,0,50.09856262833676
VOL,take,VOL|take,184000000033,52.03285420944559,45.36139630390144,1,45.36139630390144
VOL,take,VOL|take,184000000037,43.98562628336756,,0,43.98562628336756
VOL,take,VOL|take,184000000040,52.62422997946612,28.919917864476385,1,28.919917864476385
VOL,take,VOL|take,184000000051,38.09856262833676,31.8870636550308,1,31.8870636550308
VOL,take,VOL|take,184000000054,30.32854209445585,,0,30.32854209445585
VOL,take,VOL|take,184000000060,53.13141683778234,41.394250513347025,1,41.394250513347025
VOL,take,VOL|take,198000000001,56.0,30.06570841889117,1,30.06570841889117
VOL,take,VOL|take,198000000021,60.78850102669404,29.919917864476385,1,29.919917864476385
VOL,take,VOL|take,198000000034,59.06570841889117,27.06570841889117,1,27.06570841889117
VOL,take,VOL|take,198000000044,58.19712525667351,18.06570841889117,1,18.06570841889117
VOL,take,VOL|take,198000000060,47.91991786447639,39.13141683778234,1,39.13141683778234
VOL,take,VOL|take,198000000068,57.72279260780287,57.72279260780287,1,57.72279260780287
VOL,take,VOL|take,198000000095,60.09856262833676,26.95277207392197,1,26.95277207392197
VOL,take,VOL|take,198000000103,58.26283367556468,30.098562628336754,1,30.098562628336754
VOL,take,VOL|take,198000000114,57.0,30.098562628336754,1,30.098562628336754
VOL,take,VOL|take,198000000128,57.591375770020534,34.16427104722793,1,34.16427104722793
VOL,take,VOL|take,198000000140,59.72279260780287,39.29568788501027,1,39.29568788501027
VOL,take,VOL|take,198000000151,57.16427104722793,27.164271047227928,1,27.164271047227928
VOL,take,VOL|take,198000000162,58.09856262833676,,0,58.09856262833676
VOL,take,VOL|take,198000000177,56.13141683778234,,0,56.13141683778234
VOL,take,VOL|take,198000000184,57.03285420944559,57.03285420944559,1,57.03285420944559
VOL,take,VOL|take,198000000197,60.62422997946612,21.0,1,21.0
VOL,take,VOL|take,198000000213,55.459958932238195,23.95277207392197,1,23.95277207392197
VOL,take,VOL|take,198000000221,42.06570841889117,30.098562628336754,1,30.098562628336754
VOL,take,VOL|take,198000000244,41.95277207392197,,0,41.95277207392197
VOL,take,VOL|take,198000000250,41.91991786447639,24.262833675564682,1,24.262833675564682
VOL,take,VOL|take,198000000258,39.09856262833676,29.8870636550308,1,29.8870636550308
VOL,take,VOL|take,198000000271,42.03285420944559,,0,42.03285420944559
VOL,take,VOL|take,198000000287,41.8870636550308,,0,41.8870636550308
VOL,take,VOL|take,198000000298,41.72279260780287,27.164271047227928,1,27.164271047227928
VOL,take,VOL|take,198000000312,41.85420944558521,,0,41.85420944558521
VOL,take,VOL|take,198000000334,42.36139630390144,,0,42.36139630390144
VOL,take,VOL|take,198000000348,42.36139630390144,26.95277207392197,1,26.95277207392197
VOL,take,VOL|take,198000000366,18.361396303901437,,0,18.361396303901437
VOL,take,VOL|take,198000000374,42.82135523613963,42.82135523613963,1,42.82135523613963
VOL,take,VOL|take,198000000383,41.72279260780287,27.164271047227928,1,27.164271047227928
VOL,take,VOL|take,198000000394,41.98562628336756,,0,41.98562628336756
VOL,take,VOL|take,198000000404,42.26283367556468,,0,42.26283367556468
VOL,get,VOL|get,134000000001,62.394250513347025,30.098562628336754,1,30.098562628336754
VOL,get,VOL|get,134000000012,27.0,22.0,1,22.0
VOL,get,VOL|get,134000000019,61.19712525667351,31.919917864476385,1,31.919917864476385
VOL,get,VOL|get,184000000001,49.591375770020534,33.394250513347025,1,33.394250513347025
VOL,get,VOL|get,184000000008,54.16427104722793,48.78850102669404,1,48.78850102669404
VOL,get,VOL|get,184000000016,52.492813141683776,52.492813141683776,1,52.492813141683776
VOL,get,VOL|get,184000000019,48.36139630390144,40.0,1,40.0
VOL,get,VOL|get,184000000023,50.09856262833676,32.78850102669404,1,32.78850102669404
VOL,get,VOL|get,184000000033,52.03285420944559,42.36139630390144,1,42.36139630390144
VOL,get,VOL|get,184000000037,43.98562628336756,43.98562628336756,1,43.98562628336756
VOL,get,VOL|get,184000000040,52.62422997946612,31.657084188911703,1,31.657084188911703
VOL,get,VOL|get,184000000051,38.09856262833676,32.98562628336756,1,32.98562628336756
VOL,get,VOL|get,184000000054,30.32854209445585,,0,30.32854209445585
VOL,get,VOL|get,184000000060,53.13141683778234,42.78850102669404,1,42.78850102669404
VOL,get,VOL|get,198000000001,56.0,36.06570841889117,1,36.06570841889117
VOL,get,VOL|get,198000000021,60.78850102669404,23.985626283367555,1,23.985626283367555
VOL,get,VOL|get,198000000034,59.06570841889117,29.919917864476385,1,29.919917864476385
VOL,get,VOL|get,198000000044,58.19712525667351,18.06570841889117,1,18.06570841889117
VOL,get,VOL|get,198000000060,47.91991786447639,23.82135523613963,1,23.82135523613963
VOL,get,VOL|get,198000000068,57.72279260780287,23.95277207392197,1,23.95277207392197
VOL,get,VOL|get,198000000095,60.09856262833676,30.197125256673512,1,30.197125256673512
VOL,get,VOL|get,198000000103,58.26283367556468,39.0,1,39.0
VOL,get,VOL|get,198000000114,57.0,27.13141683778234,1,27.13141683778234
VOL,get,VOL|get,198000000128,57.591375770020534,34.16427104722793,1,34.16427104722793
VOL,get,VOL|get,198000000140,59.72279260780287,36.394250513347025,1,36.394250513347025
VOL,get,VOL|get,198000000151,57.16427104722793,30.164271047227928,1,30.164271047227928
VOL,get,VOL|get,198000000162,58.09856262833676,,0,58.09856262833676
VOL,get,VOL|get,198000000177,56.13141683778234,36.19712525667351,1,36.19712525667351
VOL,get,VOL|get,198000000184,57.03285420944559,35.85420944558521,1,35.85420944558521
VOL,get,VOL|get,198000000197,60.62422997946612,18.0,1,18.0
VOL,get,VOL|get,198000000213,55.459958932238195,35.95277207392197,1,35.95277207392197
VOL,get,VOL|get,198000000221,42.06570841889117,39.0,1,39.0
VOL,get,VOL|get,198000000244,41.95277207392197,39.0,1,39.0
VOL,get,VOL|get,198000000250,41.91991786447639,41.91991786447639,1,41.91991786447639
VOL,get,VOL|get,198000000258,39.09856262833676,36.19712525667351,1,36.19712525667351
VOL,get,VOL|get,198000000271,42.03285420944559,39.03285420944559,1,39.03285420944559
VOL,get,VOL|get,198000000287,41.8870636550308,29.689938398357288,1,29.689938398357288
VOL,get,VOL|get,198000000298,41.72279260780287,29.82135523613963,1,29.82135523613963
VOL,get,VOL|get,198000000312,41.85420944558521,27.0,1,27.0
VOL,get,VOL|get,198000000334,42.36139630390144,24.427104722792606,1,24.427104722792606
VOL,get,VOL|get,198000000348,42.36139630390144,33.09856262833676,1,33.09856262833676
VOL,get,VOL|get,198000000366,18.361396303901437,,0,18.361396303901437
VOL,get,VOL|get,198000000374,42.82135523613963,42.82135523613963,1,42.82135523613963
VOL,get,VOL|get,198000000383,41.72279260780287,36.03285420944559,1,36.03285420944559
VOL,get,VOL|get,198000000394,41.98562628336756,26.985626283367555,1,26.985626283367555
VOL,get,VOL|get,198000000404,42.26283367556468,33.06570841889117,1,33.06570841889117
VOL,pull,VOL|pull,134000000001,62.394250513347025,49.492813141683776,1,49.492813141683776
VOL,pull,VOL|pull,134000000012,27.0,25.0,1,25.0
VOL,pull,VOL|pull,134000000019,61.19712525667351,33.6570841889117,1,33.6570841889117
VOL,pull,VOL|pull,184000000001,49.591375770020534,,0,49.591375770020534
VOL,pull,VOL|pull,184000000008,54.16427104722793,44.459958932238195,1,44.459958932238195
VOL,pull,VOL|pull,184000000016,52.492813141683776,,0,52.492813141683776
VOL,pull,VOL|pull,184000000019,48.36139630390144,48.36139630390144,1,48.36139630390144
VOL,pull,VOL|pull,184000000023,50.09856262833676,,0,50.09856262833676
VOL,pull,VOL|pull,184000000033,52.03285420944559,,0,52.03285420944559
VOL,pull,VOL|pull,184000000037,43.98562628336756,,0,43.98562628336756
VOL,pull,VOL|pull,184000000040,52.62422997946612,47.328542094455855,1,47.328542094455855
VOL,pull,VOL|pull,184000000051,38.09856262833676,,0,38.09856262833676
VOL,pull,VOL|pull,184000000054,30.32854209445585,,0,30.32854209445585
VOL,pull,VOL|pull,184000000060,53.13141683778234,53.13141683778234,1,53.13141683778234
VOL,pull,VOL|pull,198000000001,56.0,,0,56.0
VOL,pull,VOL|pull,198000000021,60.78850102669404,,0,60.78850102669404
VOL,pull,VOL|pull,198000000034,59.06570841889117,,0,59.06570841889117
VOL,pull,VOL|pull,198000000044,58.19712525667351,,0,58.19712525667351
VOL,pull,VOL|pull,198000000060,47.91991786447639,,0,47.91991786447639
VOL,pull,VOL|pull,198000000068,57.72279260780287,,0,57.72279260780287
VOL,pull,VOL|pull,198000000095,60.09856262833676,,0,60.09856262833676
VOL,pull,VOL|pull,198000000103,58.26283367556468,,0,58.26283367556468
VOL,pull,VOL|pull,198000000114,57.0,33.16427104722793,1,33.16427104722793
VOL,pull,VOL|pull,198000000128,57.591375770020534,,0,57.591375770020534
VOL,pull,VOL|pull,198000000140,59.72279260780287,,0,59.72279260780287
VOL,pull,VOL|pull,198000000151,57.16427104722793,,0,57.16427104722793
VOL,pull,VOL|pull,198000000162,58.09856262833676,,0,58.09856262833676
VOL,pull,VOL|pull,198000000177,56.13141683778234,,0,56.13141683778234
VOL,pull,VOL|pull,198000000184,57.03285420944559,,0,57.03285420944559
VOL,pull,VOL|pull,198000000197,60.62422997946612,,0,60.62422997946612
VOL,pull,VOL|pull,198000000213,55.459958932238195,26.854209445585216,1,26.854209445585216
VOL,pull,VOL|pull,198000000221,42.06570841889117,,0,42.06570841889117
VOL,pull,VOL|pull,198000000244,41.95277207392197,,0,41.95277207392197
VOL,pull,VOL|pull,198000000250,41.91991786447639,,0,41.91991786447639
VOL,pull,VOL|pull,198000000258,39.09856262833676,32.82135523613963,1,32.82135523613963
VOL,pull,VOL|pull,198000000271,42.03285420944559,,0,42.03285420944559
VOL,pull,VOL|pull,198000000287,41.8870636550308,27.0,1,27.0
VOL,pull,VOL|pull,198000000298,41.72279260780287,,0,41.72279260780287
VOL,pull,VOL|pull,198000000312,41.85420944558521,30.0,1,30.0
VOL,pull,VOL|pull,198000000334,42.36139630390144,,0,42.36139630390144
VOL,pull,VOL|pull,198000000348,42.36139630390144,,0,42.36139630390144
VOL,pull,VOL|pull,198000000366,18.361396303901437,,0,18.361396303901437
VOL,pull,VOL|pull,198000000374,42.82135523613963,,0,42.82135523613963
VOL,pull,VOL|pull,198000000383,41.72279260780287,,0,41.72279260780287
VOL,pull,VOL|pull,198000000394,41.98562628336756,,0,41.98562628336756
VOL,pull,VOL|pull,198000000404,42.26283367556468,,0,42.26283367556468
VOL,go,VOL|go,134000000001,62.394250513347025,30.55852156057495,1,30.55852156057495
VOL,go,VOL|go,134000000012,27.0,21.0,1,21.0
VOL,go,VOL|go,134000000019,61.19712525667351,33.6570841889117,1,33.6570841889117
VOL,go,VOL|go,184000000001,49.591375770020534,39.09856262833676,1,39.09856262833676
VOL,go,VOL|go,184000000008,54.16427104722793,,0,54.16427104722793
VOL,go,VOL|go,184000000016,52.492813141683776,,0,52.492813141683776
VOL,go,VOL|go,184000000019,48.36139630390144,,0,48.36139630390144
VOL,go,VOL|go,184000000023,50.09856262833676,,0,50.09856262833676
VOL,go,VOL|go,184000000033,52.03285420944559,,0,52.03285420944559
VOL,go,VOL|go,184000000037,43.98562628336756,,0,43.98562628336756
VOL,go,VOL|go,184000000040,52.62422997946612,50.82135523613963,1,50.82135523613963
VOL,go,VOL|go,184000000051,38.09856262833676,,0,38.09856262833676
VOL,go,VOL|go,184000000054,30.32854209445585,,0,30.32854209445585
VOL,go,VOL|go,184000000060,53.13141683778234,,0,53.13141683778234
VOL,go,VOL|go,198000000001,56.0,,0,56.0
VOL,go,VOL|go,198000000021,60.78850102669404,,0,60.78850102669404
VOL,go,VOL|go,198000000034,59.06570841889117,39.06570841889117,1,39.06570841889117
VOL,go,VOL|go,198000000044,58.19712525667351,,0,58.19712525667351
VOL,go,VOL|go,198000000060,47.91991786447639,,0,47.91991786447639
VOL,go,VOL|go,198000000068,57.72279260780287,21.0,1,21.0
VOL,go,VOL|go,198000000095,60.09856262833676,,0,60.09856262833676
VOL,go,VOL|go,198000000103,58.26283367556468,,0,58.26283367556468
VOL,go,VOL|go,198000000114,57.0,57.0,1,57.0
VOL,go,VOL|go,198000000128,57.591375770020534,,0,57.591375770020534
VOL,go,VOL|go,198000000140,59.72279260780287,,0,59.72279260780287
VOL,go,VOL|go,198000000151,57.16427104722793,30.164271047227928,1,30.164271047227928
VOL,go,VOL|go,198000000162,58.09856262833676,,0,58.09856262833676
VOL,go,VOL|go,198000000177,56.13141683778234,36.19712525667351,1,36.19712525667351
VOL,go,VOL|go,198000000184,57.03285420944559,,0,57.03285420944559
VOL,go,VOL|go,198000000197,60.62422997946612,39.19712525667351,1,39.19712525667351
VOL,go,VOL|go,198000000213,55.459958932238195,30.06570841889117,1,30.06570841889117
VOL,go,VOL|go,198000000221,42.06570841889117,,0,42.06570841889117
VOL,go,VOL|go,198000000244,41.95277207392197,,0,41.95277207392197
VOL,go,VOL|go,198000000250,41.91991786447639,,0,41.91991786447639
VOL,go,VOL|go,198000000258,39.09856262833676,,0,39.09856262833676
VOL,go,VOL|go,198000000271,42.03285420944559,,0,42.03285420944559
VOL,go,VOL|go,198000000287,41.8870636550308,,0,41.8870636550308
VOL,go,VOL|go,198000000298,41.72279260780287,,0,41.72279260780287
VOL,go,VOL|go,198000000312,41.85420944558521,,0,41.85420944558521
VOL,go,VOL|go,198000000334,42.36139630390144,,0,42.36139630390144
VOL,go,VOL|go,198000000348,42.36139630390144,,0,42.36139630390144
VOL,go,VOL|go,198000000366,18.361396303901437,,0,18.361396303901437
VOL,go,VOL|go,198000000374,42.82135523613963,,0,42.82135523613963
VOL,go,VOL|go,198000000383,41.72279260780287,27.164271047227928,1,27.164271047227928
VOL,go,VOL|go,198000000394,41.98562628336756,,0,41.98562628336756
VOL,go,VOL|go,198000000404,42.26283367556468,,0,42.26283367556468
VOL,pick,VOL|pick,134000000001,62.394250513347025,,0,62.394250513347025
VOL,pick,VOL|pick,134000000012,27.0,,0,27.0
VOL,pick,VOL|pick,134000000019,61.19712525667351,43.525667351129364,1,43.525667351129364
VOL,pick,VOL|pick,184000000001,49.591375770020534,,0,49.591375770020534
VOL,pick,VOL|pick,184000000008,54.16427104722793,,0,54.16427104722793
VOL,pick,VOL|pick,184000000016,52.492813141683776,,0,52.492813141683776
VOL,pick,VOL|pick,184000000019,48.36139630390144,,0,48.36139630390144
VOL,pick,VOL|pick,184000000023,50.09856262833676,39.82135523613963,1,39.82135523613963
VOL,pick,VOL|pick,184000000033,52.03285420944559,,0,52.03285420944559
VOL,pick,VOL|pick,184000000037,43.98562628336756,,0,43.98562628336756
VOL,pick,VOL|pick,184000000040,52.62422997946612,,0,52.62422997946612
VOL,pick,VOL|pick,184000000051,38.09856262833676,,0,38.09856262833676
VOL,pick,VOL|pick,184000000054,30.32854209445585,,0,30.32854209445585
VOL,pick,VOL|pick,184000000060,53.13141683778234,,0,53.13141683778234
VOL,pick,VOL|pick,198000000001,56.0,,0,56.0
VOL,pick,VOL|pick,198000000021,60.78850102669404,,0,60.78850102669404
VOL,pick,VOL|pick,198000000034,59.06570841889117,,0,59.06570841889117
VOL,pick,VOL|pick,198000000044,58.19712525667351,,0,58.19712525667351
VOL,pick,VOL|pick,198000000060,47.91991786447639,,0,47.91991786447639
VOL,pick,VOL|pick,198000000068,57.72279260780287,,0,57.72279260780287
VOL,pick,VOL|pick,198000000095,60.09856262833676,,0,60.09856262833676
VOL,pick,VOL|pick,198000000103,58.26283367556468,,0,58.26283367556468
VOL,pick,VOL|pick,198000000114,57.0,,0,57.0
VOL,pick,VOL|pick,198000000128,57.591375770020534,34.16427104722793,1,34.16427104722793
VOL,pick,VOL|pick,198000000140,59.72279260780287,,0,59.72279260780287
VOL,pick,VOL|pick,198000000151,57.16427104722793,27.164271047227928,1,27.164271047227928
VOL,pick,VOL|pick,198000000162,58.09856262833676,,0,58.09856262833676
VOL,pick,VOL|pick,198000000177,56.13141683778234,,0,56.13141683778234
VOL,pick,VOL|pick,198000000184,57.03285420944559,,0,57.03285420944559
VOL,pick,VOL|pick,198000000197,60.62422997946612,,0,60.62422997946612
VOL,pick,VOL|pick,198000000213,55.459958932238195,,0,55.459958932238195
VOL,pick,VOL|pick,198000000221,42.06570841889117,,0,42.06570841889117
VOL,pick,VOL|pick,198000000244,41.95277207392197,,0,41.95277207392197
VOL,pick,VOL|pick,198000000250,41.91991786447639,,0,41.91991786447639
VOL,pick,VOL|pick,198000000258,39.09856262833676,,0,39.09856262833676
VOL,pick,VOL|pick,198000000271,42.03285420944559,,0,42.03285420944559
VOL,pick,VOL|pick,198000000287,41.8870636550308,,0,41.8870636550308
VOL,pick,VOL|pick,198000000298,41.72279260780287,,0,41.72279260780287
VOL,pick,VOL|pick,198000000312,41.85420944558521,,0,41.85420944558521
VOL,pick,VOL|pick,198000000334,42.36139630390144,,0,42.36139630390144
VOL,pick,VOL|pick,198000000348,42.36139630390144,,0,42.36139630390144
VOL,pick,VOL|pick,198000000366,18.361396303901437,,0,18.361396303901437
VOL,pick,VOL|pick,198000000374,42.82135523613963,,0,42.82135523613963
VOL,pick,VOL|pick,198000000383,41.72279260780287,,0,41.72279260780287
VOL,pick,VOL|pick,198000000394,41.98562628336756,32.82135523613963,1,32.82135523613963
VOL,pick,VOL|pick,198000000404,42.26283367556468,,0,42.26283367556468
VOL,bite,VOL|bite,134000000001,62.394250513347025,,0,62.394250513347025
VOL,bite,VOL|bite,134000000012,27.0,23.0,1,23.0
VOL,bite,VOL|bite,134000000019,61.19712525667351,53.72279260780287,1,53.72279260780287
VOL,bite,VOL|bite,184000000001,49.591375770020534,,0,49.591375770020534
VOL,bite,VOL|bite,184000000008,54.16427104722793,48.78850102669404,1,48.78850102669404
VOL,bite,VOL|bite,184000000016,52.492813141683776,,0,52.492813141683776
VOL,bite,VOL|bite,184000000019,48.36139630390144,,0,48.36139630390144
VOL,bite,VOL|bite,184000000023,50.09856262833676,24.32854209445585,1,24.32854209445585
VOL,bite,VOL|bite,184000000033,52.03285420944559,,0,52.03285420944559
VOL,bite,VOL|bite,184000000037,43.98562628336756,,0,43.98562628336756
VOL,bite,VOL|bite,184000000040,52.62422997946612,,0,52.62422997946612
VOL,bite,VOL|bite,184000000051,38.09856262833676,,0,38.09856262833676
VOL,bite,VOL|bite,184000000054,30.32854209445585,,0,30.32854209445585
VOL,bite,VOL|bite,184000000060,53.13141683778234,,0,53.13141683778234
VOL,bite,VOL|bite,198000000001,56.0,,0,56.0
VOL,bite,VOL|bite,198000000021,60.78850102669404,,0,60.78850102669404
VOL,bite,VOL|bite,198000000034,59.06570841889117,,0,59.06570841889117
VOL,bite,VOL|bite,198000000044,58.19712525667351,,0,58.19712525667351
VOL,bite,VOL|bite,198000000060,47.91991786447639,,0,47.91991786447639
VOL,bite,VOL|bite,198000000068,57.72279260780287,29.689938398357288,1,29.689938398357288
VOL,bite,VOL|bite,198000000095,60.09856262833676,,0,60.09856262833676
VOL,bite,VOL|bite,198000000103,58.26283367556468,,0,58.26283367556468
VOL,bite,VOL|bite,198000000114,57.0,39.09856262833676,1,39.09856262833676
VOL,bite,VOL|bite,198000000128,57.591375770020534,,0,57.591375770020534
VOL,bite,VOL|bite,198000000140,59.72279260780287,,0,59.72279260780287
VOL,bite,VOL|bite,198000000151,57.16427104722793,,0,57.16427104722793
VOL,bite,VOL|bite,198000000162,58.09856262833676,,0,58.09856262833676
VOL,bite,VOL|bite,198000000177,56.13141683778234,,0,56.13141683778234
VOL,bite,VOL|bite,198000000184,57.03285420944559,,0,57.03285420944559
VOL,bite,VOL|bite,198000000197,60.62422997946612,,0,60.62422997946612
VOL,bite,VOL|bite,198000000213,55.459958932238195,,0,55.459958932238195
VOL,bite,VOL|bite,198000000221,42.06570841889117,,0,42.06570841889117
VOL,bite,VOL|bite,198000000244,41.95277207392197,,0,41.95277207392197
VOL,bite,VOL|bite,198000000250,41.91991786447639,,0,41.91991786447639
VOL,bite,VOL|bite,198000000258,39.09856262833676,,0,39.09856262833676
VOL,bite,VOL|bite,198000000271,42.03285420944559,,0,42.03285420944559
VOL,bite,VOL|bite,198000000287,41.8870636550308,,0,41.8870636550308
VOL,bite,VOL|bite,198000000298,41.72279260780287,,0,41.72279260780287
VOL,bite,VOL|bite,198000000312,41.85420944558521,,0,41.85420944558521
VOL,bite,VOL|bite,198000000334,42.36139630390144,,0,42.36139630390144
VOL,bite,VOL|bite,198000000348,42.36139630390144,,0,42.36139630390144
VOL,bite,VOL|bite,198000000366,18.361396303901437,,0,18.361396303901437
VOL,bite,VOL|bite,198000000374,42.82135523613963,,0,42.82135523613963
VOL,bite,VOL|bite,198000000383,41.72279260780287,,0,41.72279260780287
VOL,bite,VOL|bite,198000000394,41.98562628336756,,0,41.98562628336756
VOL,bite,VOL|bite,198000000404,42.26283367556468,,0,42.26283367556468
VO,tick,VO|tick,134000000001,62.394250513347025,36.36139630390144,1,36.36139630390144
VO,tick,VO|tick,134000000012,27.0,,0,27.0
VO,tick,VO|tick,134000000019,61.19712525667351,,0,61.19712525667351
VO,tick,VO|tick,184000000001,49.591375770020534,,0,49.591375770020534
VO,tick,VO|tick,184000000008,54.16427104722793,,0,54.16427104722793
VO,tick,VO|tick,184000000016,52.492813141683776,,0,52.492813141683776
VO,tick,VO|tick,184000000019,48.36139630390144,,0,48.36139630390144
VO,tick,VO|tick,184000000023,50.09856262833676,,0,50.09856262833676
VO,tick,VO|tick,184000000033,52.03285420944559,,0,52.03285420944559
VO,tick,VO|tick,184000000037,43.98562628336756,,0,43.98562628336756
VO,tick,VO|tick,184000000040,52.62422997946612,,0,52.62422997946612
VO,tick,VO|tick,184000000051,38.09856262833676,,0,38.09856262833676
VO,tick,VO|tick,184000000054,30.32854209445585,,0,30.32854209445585
VO,tick,VO|tick,184000000060,53.13141683778234,,0,53.13141683778234
VO,tick,VO|tick,198000000001,56.0,,0,56.0
VO,tick,VO|tick,198000000021,60.78850102669404,,0,60.78850102669404
VO,tick,VO|tick,198000000034,59.06570841889117,21.13141683778234,1,21.13141683778234
VO,tick,VO|tick,198000000044,58.19712525667351,24.197125256673512,1,24.197125256673512
VO,tick,VO|tick,198000000060,47.91991786447639,,0,47.91991786447639
VO,tick,VO|tick,198000000068,57.72279260780287,,0,57.72279260780287
VO,tick,VO|tick,198000000095,60.09856262833676,,0,60.09856262833676
VO,tick,VO|tick,198000000103,58.26283367556468,,0,58.26283367556468
VO,tick,VO|tick,198000000114,57.0,,0,57.0
VO,tick,VO|tick,198000000128,57.591375770020534,,0,57.591375770020534
VO,tick,VO|tick,198000000140,59.72279260780287,,0,59.72279260780287
VO,tick,VO|tick,198000000151,57.16427104722793,,0,57.16427104722793
VO,tick,VO|tick,198000000162,58.09856262833676,,0,58.09856262833676
VO,tick,VO|tick,198000000177,56.13141683778234,,0,56.13141683778234
VO,tick,VO|tick,198000000184,57.03285420944559,,0,57.03285420944559
VO,tick,VO|tick,198000000197,60.62422997946612,,0,60.62422997946612
VO,tick,VO|tick,198000000213,55.459958932238195,,0,55.459958932238195
VO,tick,VO|tick,198000000221,42.06570841889117,,0,42.06570841889117
VO,tick,VO|tick,198000000244,41.95277207392197,30.032854209445585,1,30.032854209445585
VO,tick,VO|tick,198000000250,41.91991786447639,,0,41.91991786447639
VO,tick,VO|tick,198000000258,39.09856262833676,,0,39.09856262833676
VO,tick,VO|tick,198000000271,42.03285420944559,,0,42.03285420944559
VO,tick,VO|tick,198000000287,41.8870636550308,,0,41.8870636550308
VO,tick,VO|tick,198000000298,41.72279260780287,18.0,1,18.0
VO,tick,VO|tick,198000000312,41.85420944558521,18.295687885010267,1,18.295687885010267
VO,tick,VO|tick,198000000334,42.36139630390144,,0,42.36139630390144
VO,tick,VO|tick,198000000348,42.36139630390144,,0,42.36139630390144
VO,tick,VO|tick,198000000366,18.361396303901437,,0,18.361396303901437
VO,tick,VO|tick,198000000374,42.82135523613963,,0,42.82135523613963
VO,tick,VO|tick,198000000383,41.72279260780287,,0,41.72279260780287
VO,tick,VO|tick,198000000394,41.98562628336756,,0,41.98562628336756
VO,tick,VO|tick,198000000404,42.26283367556468,,0,42.26283367556468
VO,want,VO|want,134000000001,62.394250513347025,27.13141683778234,1,27.13141683778234
VO,want,VO|want,134000000012,27.0,18.0,1,18.0
VO,want,VO|want,134000000019,61.19712525667351,27.229979466119097,1,27.229979466119097
VO,want,VO|want,184000000001,49.591375770020534,28.295687885010267,1,28.295687885010267
VO,want,VO|want,184000000008,54.16427104722793,44.8870636550308,1,44.8870636550308
VO,want,VO|want,184000000016,52.492813141683776,52.492813141683776,1,52.492813141683776
VO,want,VO|want,184000000019,48.36139630390144,41.82135523613963,1,41.82135523613963
VO,want,VO|want,184000000023,50.09856262833676,24.098562628336754,1,24.098562628336754
VO,want,VO|want,184000000033,52.03285420944559,45.36139630390144,1,45.36139630390144
VO,want,VO|want,184000000037,43.98562628336756,43.98562628336756,1,43.98562628336756
VO,want,VO|want,184000000040,52.62422997946612,28.919917864476385,1,28.919917864476385
VO,want,VO|want,184000000051,38.09856262833676,33.06570841889117,1,33.06570841889117
VO,want,VO|want,184000000054,30.32854209445585,,0,30.32854209445585
VO,want,VO|want,184000000060,53.13141683778234,42.78850102669404,1,42.78850102669404
VO,want,VO|want,198000000001,56.0,24.032854209445585,1,24.032854209445585
VO,want,VO|want,198000000021,60.78850102669404,23.985626283367555,1,23.985626283367555
VO,want,VO|want,198000000034,59.06570841889117,18.098562628336754,1,18.098562628336754
VO,want,VO|want,198000000044,58.19712525667351,18.06570841889117,1,18.06570841889117
VO,want,VO|want,198000000060,47.91991786447639,23.82135523613963,1,23.82135523613963
VO,want,VO|want,198000000068,57.72279260780287,21.0,1,21.0
VO,want,VO|want,198000000095,60.09856262833676,20.75564681724846,1,20.75564681724846
VO,want,VO|want,198000000103,58.26283367556468,20.985626283367555,1,20.985626283367555
VO,want,VO|want,198000000114,57.0,18.0,1,18.0
VO,want,VO|want,198000000128,57.591375770020534,18.689938398357288,1,18.689938398357288
VO,want,VO|want,198000000140,59.72279260780287,26.95277207392197,1,26.95277207392197
VO,want,VO|want,198000000151,57.16427104722793,20.95277207392197,1,20.95277207392197
VO,want,VO|want,198000000162,58.09856262833676,21.032854209445585,1,21.032854209445585
VO,want,VO|want,198000000177,56.13141683778234,29.0,1,29.0
VO,want,VO|want,198000000184,57.03285420944559,24.06570841889117,1,24.06570841889117
VO,want,VO|want,198000000197,60.62422997946612,18.0,1,18.0
VO,want,VO|want,198000000213,55.459958932238195,20.854209445585216,1,20.854209445585216
VO,want,VO|want,198000000221,42.06570841889117,24.197125256673512,1,24.197125256673512
VO,want,VO|want,198000000244,41.95277207392197,33.78850102669404,1,33.78850102669404
VO,want,VO|want,198000000250,41.91991786447639,24.262833675564682,1,24.262833675564682
VO,want,VO|want,198000000258,39.09856262833676,21.13141683778234,1,21.13141683778234
VO,want,VO|want,198000000271,42.03285420944559,26.82135523613963,1,26.82135523613963
VO,want,VO|want,198000000287,41.8870636550308,21.49281314168378,1,21.49281314168378
VO,want,VO|want,198000000298,41.72279260780287,21.13141683778234,1,21.13141683778234
VO,want,VO|want,198000000312,41.85420944558521,23.8870636550308,1,23.8870636550308
VO,want,VO|want,198000000334,42.36139630390144,24.427104722792606,1,24.427104722792606
VO,want,VO|want,198000000348,42.36139630390144,23.985626283367555,1,23.985626283367555
VO,want,VO|want,198000000366,18.361396303901437,,0,18.361396303901437
VO,want,VO|want,198000000374,42.82135523613963,,0,42.82135523613963
VO,want,VO|want,198000000383,41.72279260780287,23.427104722792606,1,23.427104722792606
VO,want,VO|want,198000000394,41.98562628336756,26.985626283367555,1,26.985626283367555
VO,want,VO|want,198000000404,42.26283367556468,35.75564681724846,1,35.75564681724846
VO,get,VO|get,134000000001,62.394250513347025,27.13141683778234,1,27.13141683778234
VO,get,VO|get,134000000012,27.0,18.0,1,18.0
VO,get,VO|get,134000000019,61.19712525667351,27.229979466119097,1,27.229979466119097
VO,get,VO|get,184000000001,49.591375770020534,30.525667351129364,1,30.525667351129364
VO,get,VO|get,184000000008,54.16427104722793,44.8870636550308,1,44.8870636550308
VO,get,VO|get,184000000016,52.492813141683776,52.492813141683776,1,52.492813141683776
VO,get,VO|get,184000000019,48.36139630390144,40.0,1,40.0
VO,get,VO|get,184000000023,50.09856262833676,24.098562628336754,1,24.098562628336754
VO,get,VO|get,184000000033,52.03285420944559,41.95277207392197,1,41.95277207392197
VO,get,VO|get,184000000037,43.98562628336756,43.98562628336756,1,43.98562628336756
VO,get,VO|get,184000000040,52.62422997946612,28.919917864476385,1,28.919917864476385
VO,get,VO|get,184000000051,38.09856262833676,31.8870636550308,1,31.8870636550308
VO,get,VO|get,184000000054,30.32854209445585,,0,30.32854209445585
VO,get,VO|get,184000000060,53.13141683778234,41.394250513347025,1,41.394250513347025
VO,get,VO|get,198000000001,56.0,27.0,1,27.0
VO,get,VO|get,198000000021,60.78850102669404,23.985626283367555,1,23.985626283367555
VO,get,VO|get,198000000034,59.06570841889117,27.06570841889117,1,27.06570841889117
VO,get,VO|get,198000000044,58.19712525667351,18.06570841889117,1,18.06570841889117
VO,get,VO|get,198000000060,47.91991786447639,23.82135523613963,1,23.82135523613963
VO,get,VO|get,198000000068,57.72279260780287,21.0,1,21.0
VO,get,VO|get,198000000095,60.09856262833676,20.75564681724846,1,20.75564681724846
VO,get,VO|get,198000000103,58.26283367556468,20.985626283367555,1,20.985626283367555
VO,get,VO|get,198000000114,57.0,18.0,1,18.0
VO,get,VO|get,198000000128,57.591375770020534,18.689938398357288,1,18.689938398357288
VO,get,VO|get,198000000140,59.72279260780287,29.95277207392197,1,29.95277207392197
VO,get,VO|get,198000000151,57.16427104722793,24.49281314168378,1,24.49281314168378
VO,get,VO|get,198000000162,58.09856262833676,24.032854209445585,1,24.032854209445585
VO,get,VO|get,198000000177,56.13141683778234,33.427104722792606,1,33.427104722792606
VO,get,VO|get,198000000184,57.03285420944559,26.82135523613963,1,26.82135523613963
VO,get,VO|get,198000000197,60.62422997946612,18.0,1,18.0
VO,get,VO|get,198000000213,55.459958932238195,23.95277207392197,1,23.95277207392197
VO,get,VO|get,198000000221,42.06570841889117,28.525667351129364,1,28.525667351129364
VO,get,VO|get,198000000244,41.95277207392197,23.854209445585216,1,23.854209445585216
VO,get,VO|get,198000000250,41.91991786447639,21.06570841889117,1,21.06570841889117
VO,get,VO|get,198000000258,39.09856262833676,18.06570841889117,1,18.06570841889117
VO,get,VO|get,198000000271,42.03285420944559,23.919917864476385,1,23.919917864476385
VO,get,VO|get,198000000287,41.8870636550308,24.229979466119097,1,24.229979466119097
VO,get,VO|get,198000000298,41.72279260780287,18.0,1,18.0
VO,get,VO|get,198000000312,41.85420944558521,23.8870636550308,1,23.8870636550308
VO,get,VO|get,198000000334,42.36139630390144,21.62422997946612,1,21.62422997946612
VO,get,VO|get,198000000348,42.36139630390144,21.229979466119097,1,21.229979466119097
VO,get,VO|get,198000000366,18.361396303901437,,0,18.361396303901437
VO,get,VO|get,198000000374,42.82135523613963,42.82135523613963,1,42.82135523613963
VO,get,VO|get,198000000383,41.72279260780287,21.032854209445585,1,21.032854209445585
VO,get,VO|get,198000000394,41.98562628336756,26.985626283367555,1,26.985626283367555
VO,get,VO|get,198000000404,42.26283367556468,27.32854209445585,1,27.32854209445585
VO,have,VO|have,134000000001,62.394250513347025,28.098562628336754,1,28.098562628336754
VO,have,VO|have,134000000012,27.0,18.0,1,18.0
VO,have,VO|have,134000000019,61.19712525667351,29.985626283367555,1,29.985626283367555
VO,have,VO|have,184000000001,49.591375770020534,30.525667351129364,1,30.525667351129364
VO,have,VO|have,184000000008,54.16427104722793,44.459958932238195,1,44.459958932238195
VO,have,VO|have,184000000016,52.492813141683776,52.492813141683776,1,52.492813141683776
VO,have,VO|have,184000000019,48.36139630390144,40.0,1,40.0
VO,have,VO|have,184000000023,50.09856262833676,32.78850102669404,1,32.78850102669404
VO,have,VO|have,184000000033,52.03285420944559,45.36139630390144,1,45.36139630390144
VO,have,VO|have,184000000037,43.98562628336756,43.98562628336756,1,43.98562628336756
VO,have,VO|have,184000000040,52.62422997946612,31.657084188911703,1,31.657084188911703
VO,have,VO|have,184000000051,38.09856262833676,29.82135523613963,1,29.82135523613963
VO,have,VO|have,184000000054,30.32854209445585,,0,30.32854209445585
VO,have,VO|have,184000000060,53.13141683778234,41.394250513347025,1,41.394250513347025
VO,have,VO|have,198000000001,56.0,24.032854209445585,1,24.032854209445585
VO,have,VO|have,198000000021,60.78850102669404,20.8870636550308,1,20.8870636550308
VO,have,VO|have,198000000034,59.06570841889117,24.098562628336754,1,24.098562628336754
VO,have,VO|have,198000000044,58.19712525667351,18.06570841889117,1,18.06570841889117
VO,have,VO|have,198000000060,47.91991786447639,23.82135523613963,1,23.82135523613963
VO,have,VO|have,198000000068,57.72279260780287,23.95277207392197,1,23.95277207392197
VO,have,VO|have,198000000095,60.09856262833676,20.75564681724846,1,20.75564681724846
VO,have,VO|have,198000000103,58.26283367556468,24.032854209445585,1,24.032854209445585
VO,have,VO|have,198000000114,57.0,18.0,1,18.0
VO,have,VO|have,198000000128,57.591375770020534,21.13141683778234,1,21.13141683778234
VO,have,VO|have,198000000140,59.72279260780287,33.13141683778234,1,33.13141683778234
VO,have,VO|have,198000000151,57.16427104722793,24.49281314168378,1,24.49281314168378
VO,have,VO|have,198000000162,58.09856262833676,27.06570841889117,1,27.06570841889117
VO,have,VO|have,198000000177,56.13141683778234,26.985626283367555,1,26.985626283367555
VO,have,VO|have,198000000184,57.03285420944559,29.427104722792606,1,29.427104722792606
VO,have,VO|have,198000000197,60.62422997946612,18.0,1,18.0
VO,have,VO|have,198000000213,55.459958932238195,23.95277207392197,1,23.95277207392197
VO,have,VO|have,198000000221,42.06570841889117,30.098562628336754,1,30.098562628336754
VO,have,VO|have,198000000244,41.95277207392197,39.0,1,39.0
VO,have,VO|have,198000000250,41.91991786447639,21.06570841889117,1,21.06570841889117
VO,have,VO|have,198000000258,39.09856262833676,21.13141683778234,1,21.13141683778234
VO,have,VO|have,198000000271,42.03285420944559,30.032854209445585,1,30.032854209445585
VO,have,VO|have,198000000287,41.8870636550308,27.0,1,27.0
VO,have,VO|have,198000000298,41.72279260780287,21.13141683778234,1,21.13141683778234
VO,have,VO|have,198000000312,41.85420944558521,27.0,1,27.0
VO,have,VO|have,198000000334,42.36139630390144,26.8870636550308,1,26.8870636550308
VO,have,VO|have,198000000348,42.36139630390144,23.985626283367555,1,23.985626283367555
VO,have,VO|have,198000000366,18.361396303901437,,0,18.361396303901437
VO,have,VO|have,198000000374,42.82135523613963,42.82135523613963,1,42.82135523613963
VO,have,VO|have,198000000383,41.72279260780287,21.032854209445585,1,21.032854209445585
VO,have,VO|have,198000000394,41.98562628336756,30.06570841889117,1,30.06570841889117
VO,have,VO|have,198000000404,42.26283367556468,27.32854209445585,1,27.32854209445585
VO,chew,VO|chew,134000000001,62.394250513347025,27.13141683778234,1,27.13141683778234
VO,chew,VO|chew,134000000012,27.0,25.0,1,25.0
VO,chew,VO|chew,134000000019,61.19712525667351,36.591375770020534,1,36.591375770020534
VO,chew,VO|chew,184000000001,49.591375770020534,,0,49.591375770020534
VO,chew,VO|chew,184000000008,54.16427104722793,,0,54.16427104722793
VO,chew,VO|chew,184000000016,52.492813141683776,,0,52.492813141683776
VO,chew,VO|chew,184000000019,48.36139630390144,,0,48.36139630390144
VO,chew,VO|chew,184000000023,50.09856262833676,,0,50.09856262833676
VO,chew,VO|chew,184000000033,52.03285420944559,,0,52.03285420944559
VO,chew,VO|chew,184000000037,43.98562628336756,,0,43.98562628336756
VO,chew,VO|chew,184000000040,52.62422997946612,,0,52.62422997946612
VO,chew,VO|chew,184000000051,38.09856262833676,,0,38.09856262833676
VO,chew,VO|chew,184000000054,30.32854209445585,,0,30.32854209445585
VO,chew,VO|chew,184000000060,53.13141683778234,,0,53.13141683778234
VO,chew,VO|chew,198000000001,56.0,,0,56.0
VO,chew,VO|chew,198000000021,60.78850102669404,,0,60.78850102669404
VO,chew,VO|chew,198000000034,59.06570841889117,,0,59.06570841889117
VO,chew,VO|chew,198000000044,58.19712525667351,,0,58.19712525667351
VO,chew,VO|chew,198000000060,47.91991786447639,23.82135523613963,1,23.82135523613963
VO,chew,VO|chew,198000000068,57.72279260780287,57.72279260780287,1,57.72279260780287
VO,chew,VO|chew,198000000095,60.09856262833676,,0,60.09856262833676
VO,chew,VO|chew,198000000103,58.26283367556468,58.26283367556468,1,58.26283367556468
VO,chew,VO|chew,198000000114,57.0,27.13141683778234,1,27.13141683778234
VO,chew,VO|chew,198000000128,57.591375770020534,,0,57.591375770020534
VO,chew,VO|chew,198000000140,59.72279260780287,,0,59.72279260780287
VO,chew,VO|chew,198000000151,57.16427104722793,,0,57.16427104722793
VO,chew,VO|chew,198000000162,58.09856262833676,,0,58.09856262833676
VO,chew,VO|chew,198000000177,56.13141683778234,,0,56.13141683778234
VO,chew,VO|chew,198000000184,57.03285420944559,,0,57.03285420944559
VO,chew,VO|chew,198000000197,60.62422997946612,,0,60.62422997946612
VO,chew,VO|chew,198000000213,55.459958932238195,,0,55.459958932238195
VO,chew,VO|chew,198000000221,42.06570841889117,,0,42.06570841889117
VO,chew,VO|chew,198000000244,41.95277207392197,,0,41.95277207392197
VO,chew,VO|chew,198000000250,41.91991786447639,,0,41.91991786447639
VO,chew,VO|chew,198000000258,39.09856262833676,,0,39.09856262833676
VO,chew,VO|chew,198000000271,42.03285420944559,,0,42.03285420944559
VO,chew,VO|chew,198000000287,41.8870636550308,,0,41.8870636550308
VO,chew,VO|chew,198000000298,41.72279260780287,,0,41.72279260780287
VO,chew,VO|chew,198000000312,41.85420944558521,,0,41.85420944558521
VO,chew,VO|chew,198000000334,42.36139630390144,,0,42.36139630390144
VO,chew,VO|chew,198000000348,42.36139630390144,,0,42.36139630390144
VO,chew,VO|chew,198000000366,18.361396303901437,,0,18.361396303901437
VO,chew,VO|chew,198000000374,42.82135523613963,,0,42.82135523613963
VO,chew,VO|chew,198000000383,41.72279260780287,,0,41.72279260780287
VO,chew,VO|chew,198000000394,41.98562628336756,,0,41.98562628336756
VO,chew,VO|chew,198000000404,42.26283367556468,,0,42.26283367556468
VO,do,VO|do,134000000001,62.394250513347025,27.13141683778234,1,27.13141683778234
VO,do,VO|do,134000000012,27.0,18.0,1,18.0
VO,do,VO|do,134000000019,61.19712525667351,28.55852156057495,1,28.55852156057495
VO,do,VO|do,184000000001,49.591375770020534,28.295687885010267,1,28.295687885010267
VO,do,VO|do,184000000008,54.16427104722793,44.8870636550308,1,44.8870636550308
VO,do,VO|do,184000000016,52.492813141683776,52.492813141683776,1,52.492813141683776
VO,do,VO|do,184000000019,48.36139630390144,40.0,1,40.0
VO,do,VO|do,184000000023,50.09856262833676,26.62422997946612,1,26.62422997946612
VO,do,VO|do,184000000033,52.03285420944559,46.78850102669404,1,46.78850102669404
VO,do,VO|do,184000000037,43.98562628336756,,0,43.98562628336756
VO,do,VO|do,184000000040,52.62422997946612,31.657084188911703,1,31.657084188911703
VO,do,VO|do,184000000051,38.09856262833676,32.98562628336756,1,32.98562628336756
VO,do,VO|do,184000000054,30.32854209445585,,0,30.32854209445585
VO,do,VO|do,184000000060,53.13141683778234,42.78850102669404,1,42.78850102669404
VO,do,VO|do,198000000001,56.0,27.0,1,27.0
VO,do,VO|do,198000000021,60.78850102669404,27.098562628336754,1,27.098562628336754
VO,do,VO|do,198000000034,59.06570841889117,27.06570841889117,1,27.06570841889117
VO,do,VO|do,198000000044,58.19712525667351,18.06570841889117,1,18.06570841889117
VO,do,VO|do,198000000060,47.91991786447639,23.82135523613963,1,23.82135523613963
VO,do,VO|do,198000000068,57.72279260780287,21.0,1,21.0
VO,do,VO|do,198000000095,60.09856262833676,20.75564681724846,1,20.75564681724846
VO,do,VO|do,198000000103,58.26283367556468,20.985626283367555,1,20.985626283367555
VO,do,VO|do,198000000114,57.0,27.13141683778234,1,27.13141683778234
VO,do,VO|do,198000000128,57.591375770020534,18.689938398357288,1,18.689938398357288
VO,do,VO|do,198000000140,59.72279260780287,21.197125256673512,1,21.197125256673512
VO,do,VO|do,198000000151,57.16427104722793,27.164271047227928,1,27.164271047227928
VO,do,VO|do,198000000162,58.09856262833676,27.06570841889117,1,27.06570841889117
VO,do,VO|do,198000000177,56.13141683778234,24.06570841889117,1,24.06570841889117
VO,do,VO|do,198000000184,57.03285420944559,29.427104722792606,1,29.427104722792606
VO,do,VO|do,198000000197,60.62422997946612,21.0,1,21.0
VO,do,VO|do,198000000213,55.459958932238195,26.854209445585216,1,26.854209445585216
VO,do,VO|do,198000000221,42.06570841889117,28.525667351129364,1,28.525667351129364
VO,do,VO|do,198000000244,41.95277207392197,39.0,1,39.0
VO,do,VO|do,198000000250,41.91991786447639,21.06570841889117,1,21.06570841889117
VO,do,VO|do,198000000258,39.09856262833676,27.39425051334702,1,27.39425051334702
VO,do,VO|do,198000000271,42.03285420944559,26.82135523613963,1,26.82135523613963
VO,do,VO|do,198000000287,41.8870636550308,24.229979466119097,1,24.229979466119097
VO,do,VO|do,198000000298,41.72279260780287,18.0,1,18.0
VO,do,VO|do,198000000312,41.85420944558521,30.0,1,30.0
VO,do,VO|do,198000000334,42.36139630390144,36.0,1,36.0
VO,do,VO|do,198000000348,42.36139630390144,23.985626283367555,1,23.985626283367555
VO,do,VO|do,198000000366,18.361396303901437,,0,18.361396303901437
VO,do,VO|do,198000000374,42.82135523613963,33.0,1,33.0
VO,do,VO|do,198000000383,41.72279260780287,27.164271047227928,1,27.164271047227928
VO,do,VO|do,198000000394,41.98562628336756,30.06570841889117,1,30.06570841889117
VO,do,VO|do,198000000404,42.26283367556468,39.68993839835729,1,39.68993839835729
VO,give,VO|give,134000000001,62.394250513347025,27.13141683778234,1,27.13141683778234
VO,give,VO|give,134000000012,27.0,21.0,1,21.0
VO,give,VO|give,134000000019,61.19712525667351,31.164271047227928,1,31.164271047227928
VO,give,VO|give,184000000001,49.591375770020534,,0,49.591375770020534
VO,give,VO|give,184000000008,54.16427104722793,,0,54.16427104722793
VO,give,VO|give,184000000016,52.492813141683776,,0,52.492813141683776
VO,give,VO|give,184000000019,48.36139630390144,,0,48.36139630390144
VO,give,VO|give,184000000023,50.09856262833676,26.62422997946612,1,26.62422997946612
VO,give,VO|give,184000000033,52.03285420944559,45.36139630390144,1,45.36139630390144
VO,give,VO|give,184000000037,43.98562628336756,,0,43.98562628336756
VO,give,VO|give,184000000040,52.62422997946612,34.85420944558521,1,34.85420944558521
VO,give,VO|give,184000000051,38.09856262833676,33.06570841889117,1,33.06570841889117
VO,give,VO|give,184000000054,30.32854209445585,,0,30.32854209445585
VO,give,VO|give,184000000060,53.13141683778234,,0,53.13141683778234
VO,give,VO|give,198000000001,56.0,,0,56.0
VO,give,VO|give,198000000021,60.78850102669404,,0,60.78850102669404
VO,give,VO|give,198000000034,59.06570841889117,,0,59.06570841889117
VO,give,VO|give,198000000044,58.19712525667351,26.854209445585216,1,26.854209445585216
VO,give,VO|give,198000000060,47.91991786447639,,0,47.91991786447639
VO,give,VO|give,198000000068,57.72279260780287,23.95277207392197,1,23.95277207392197
VO,give,VO|give,198000000095,60.09856262833676,26.95277207392197,1,26.95277207392197
VO,give,VO|give,198000000103,58.26283367556468,39.0,1,39.0
VO,give,VO|give,198000000114,57.0,27.13141683778234,1,27.13141683778234
VO,give,VO|give,198000000128,57.591375770020534,21.13141683778234,1,21.13141683778234
VO,give,VO|give,198000000140,59.72279260780287,,0,59.72279260780287
VO,give,VO|give,198000000151,57.16427104722793,27.164271047227928,1,27.164271047227928
VO,give,VO|give,198000000162,58.09856262833676,,0,58.09856262833676
VO,give,VO|give,198000000177,56.13141683778234,,0,56.13141683778234
VO,give,VO|give,198000000184,57.03285420944559,,0,57.03285420944559
VO,give,VO|give,198000000197,60.62422997946612,,0,60.62422997946612
VO,give,VO|give,198000000213,55.459958932238195,23.95277207392197,1,23.95277207392197
VO,give,VO|give,198000000221,42.06570841889117,,0,42.06570841889117
VO,give,VO|give,198000000244,41.95277207392197,,0,41.95277207392197
VO,give,VO|give,198000000250,41.91991786447639,,0,41.91991786447639
VO,give,VO|give,198000000258,39.09856262833676,,0,39.09856262833676
VO,give,VO|give,198000000271,42.03285420944559,,0,42.03285420944559
VO,give,VO|give,198000000287,41.8870636550308,,0,41.8870636550308
VO,give,VO|give,198000000298,41.72279260780287,,0,41.72279260780287
VO,give,VO|give,198000000312,41.85420944558521,,0,41.85420944558521
VO,give,VO|give,198000000334,42.36139630390144,36.0,1,36.0
VO,give,VO|give,198000000348,42.36139630390144,,0,42.36139630390144
VO,give,VO|give,198000000366,18.361396303901437,,0,18.361396303901437
VO,give,VO|give,198000000374,42.82135523613963,,0,42.82135523613963
VO,give,VO|give,198000000383,41.72279260780287,,0,41.72279260780287
VO,give,VO|give,198000000394,41.98562628336756,,0,41.98562628336756
VO,give,VO|give,198000000404,42.26283367556468,,0,42.26283367556468
VO,jump,VO|jump,134000000001,62.394250513347025,33.13141683778234,1,33.13141683778234
VO,jump,VO|jump,134000000012,27.0,20.0,1,20.0
VO,jump,VO|jump,134000000019,61.19712525667351,30.427104722792606,1,30.427104722792606
VO,jump,VO|jump,184000000001,49.591375770020534,,0,49.591375770020534
VO,jump,VO|jump,184000000008,54.16427104722793,,0,54.16427104722793
VO,jump,VO|jump,184000000016,52.492813141683776,,0,52.492813141683776
VO,jump,VO|jump,184000000019,48.36139630390144,,0,48.36139630390144
VO,jump,VO|jump,184000000023,50.09856262833676,,0,50.09856262833676
VO,jump,VO|jump,184000000033,52.03285420944559,,0,52.03285420944559
VO,jump,VO|jump,184000000037,43.98562628336756,,0,43.98562628336756
VO,jump,VO|jump,184000000040,52.62422997946612,,0,52.62422997946612
VO,jump,VO|jump,184000000051,38.09856262833676,,0,38.09856262833676
VO,jump,VO|jump,184000000054,30.32854209445585,,0,30.32854209445585
VO,jump,VO|jump,184000000060,53.13141683778234,,0,53.13141683778234
VO,jump,VO|jump,198000000001,56.0,,0,56.0
VO,jump,VO|jump,198000000021,60.78850102669404,,0,60.78850102669404
VO,jump,VO|jump,198000000034,59.06570841889117,24.098562628336754,1,24.098562628336754
VO,jump,VO|jump,198000000044,58.19712525667351,,0,58.19712525667351
VO,jump,VO|jump,198000000060,47.91991786447639,,0,47.91991786447639
VO,jump,VO|jump,198000000068,57.72279260780287,,0,57.72279260780287
VO,jump,VO|jump,198000000095,60.09856262833676,,0,60.09856262833676
VO,jump,VO|jump,198000000103,58.26283367556468,39.0,1,39.0
VO,jump,VO|jump,198000000114,57.0,,0,57.0
VO,jump,VO|jump,198000000128,57.591375770020534,,0,57.591375770020534
VO,jump,VO|jump,198000000140,59.72279260780287,,0,59.72279260780287
VO,jump,VO|jump,198000000151,57.16427104722793,,0,57.16427104722793
VO,jump,VO|jump,198000000162,58.09856262833676,,0,58.09856262833676
VO,jump,VO|jump,198000000177,56.13141683778234,,0,56.13141683778234
VO,jump,VO|jump,198000000184,57.03285420944559,,0,57.03285420944559
VO,jump,VO|jump,198000000197,60.62422997946612,,0,60.62422997946612
VO,jump,VO|jump,198000000213,55.459958932238195,,0,55.459958932238195
VO,jump,VO|jump,198000000221,42.06570841889117,,0,42.06570841889117
VO,jump,VO|jump,198000000244,41.95277207392197,,0,41.95277207392197
VO,jump,VO|jump,198000000250,41.91991786447639,24.262833675564682,1,24.262833675564682
VO,jump,VO|jump,198000000258,39.09856262833676,,0,39.09856262833676
VO,jump,VO|jump,198000000271,42.03285420944559,,0,42.03285420944559
VO,jump,VO|jump,198000000287,41.8870636550308,,0,41.8870636550308
VO,jump,VO|jump,198000000298,41.72279260780287,,0,41.72279260780287
VO,jump,VO|jump,198000000312,41.85420944558521,,0,41.85420944558521
VO,jump,VO|jump,198000000334,42.36139630390144,,0,42.36139630390144
VO,jump,VO|jump,198000000348,42.36139630390144,,0,42.36139630390144
VO,jump,VO|jump,198000000366,18.361396303901437,,0,18.361396303901437
VO,jump,VO|jump,198000000374,42.82135523613963,,0,42.82135523613963
VO,jump,VO|jump,198000000383,41.72279260780287,,0,41.72279260780287
VO,jump,VO|jump,198000000394,41.98562628336756,,0,41.98562628336756
VO,jump,VO|jump,198000000404,42.26283367556468,,0,42.26283367556468
VOO,draw,VOO|draw,134000000001,62.394250513347025,,0,62.394250513347025
VOO,draw,VOO|draw,134000000012,27.0,25.0,1,25.0
VOO,draw,VOO|draw,134000000019,61.19712525667351,,0,61.19712525667351
VOO,draw,VOO|draw,184000000001,49.591375770020534,,0,49.591375770020534
VOO,draw,VOO|draw,184000000008,54.16427104722793,,0,54.16427104722793
VOO,draw,VOO|draw,184000000016,52.492813141683776,,0,52.492813141683776
VOO,draw,VOO|draw,184000000019,48.36139630390144,41.82135523613963,1,41.82135523613963
VOO,draw,VOO|draw,184000000023,50.09856262833676,,0,50.09856262833676
VOO,draw,VOO|draw,184000000033,52.03285420944559,,0,52.03285420944559
VOO,draw,VOO|draw,184000000037,43.98562628336756,,0,43.98562628336756
VOO,draw,VOO|draw,184000000040,52.62422997946612,,0,52.62422997946612
VOO,draw,VOO|draw,184000000051,38.09856262833676,,0,38.09856262833676
VOO,draw,VOO|draw,184000000054,30.32854209445585,,0,30.32854209445585
VOO,draw,VOO|draw,184000000060,53.13141683778234,,0,53.13141683778234
VOO,draw,VOO|draw,198000000001,56.0,,0,56.0
VOO,draw,VOO|draw,198000000021,60.78850102669404,,0,60.78850102669404
VOO,draw,VOO|draw,198000000034,59.06570841889117,,0,59.06570841889117
VOO,draw,VOO|draw,198000000044,58.19712525667351,30.032854209445585,1,30.032854209445585
VOO,draw,VOO|draw,198000000060,47.91991786447639,,0,47.91991786447639
VOO,draw,VOO|draw,198000000068,57.72279260780287,,0,57.72279260780287
VOO,draw,VOO|draw,198000000095,60.09856262833676,,0,60.09856262833676
VOO,draw,VOO|draw,198000000103,58.26283367556468,,0,58.26283367556468
VOO,draw,VOO|draw,198000000114,57.0,,0,57.0
VOO,draw,VOO|draw,198000000128,57.591375770020534,,0,57.591375770020534
VOO,draw,VOO|draw,198000000140,59.72279260780287,,0,59.72279260780287
VOO,draw,VOO|draw,198000000151,57.16427104722793,,0,57.16427104722793
VOO,draw,VOO|draw,198000000162,58.09856262833676,,0,58.09856262833676
VOO,draw,VOO|draw,198000000177,56.13141683778234,,0,56.13141683778234
VOO,draw,VOO|draw,198000000184,57.03285420944559,,0,57.03285420944559
VOO,draw,VOO|draw,198000000197,60.62422997946612,,0,60.62422997946612
VOO,draw,VOO|draw,198000000213,55.459958932238195,,0,55.459958932238195
VOO,draw,VOO|draw,198000000221,42.06570841889117,,0,42.06570841889117
VOO,draw,VOO|draw,198000000244,41.95277207392197,,0,41.95277207392197
VOO,draw,VOO|draw,198000000250,41.91991786447639,,0,41.91991786447639
VOO,draw,VOO|draw,198000000258,39.09856262833676,,0,39.09856262833676
VOO,draw,VOO|draw,198000000271,42.03285420944559,,0,42.03285420944559
VOO,draw,VOO|draw,198000000287,41.8870636550308,,0,41.8870636550308
VOO,draw,VOO|draw,198000000298,41.72279260780287,,0,41.72279260780287
VOO,draw,VOO|draw,198000000312,41.85420944558521,,0,41.85420944558521
VOO,draw,VOO|draw,198000000334,42.36139630390144,,0,42.36139630390144
VOO,draw,VOO|draw,198000000348,42.36139630390144,,0,42.36139630390144
VOO,draw,VOO|draw,198000000366,18.361396303901437,,0,18.361396303901437
VOO,draw,VOO|draw,198000000374,42.82135523613963,,0,42.82135523613963
VOO,draw,VOO|draw,198000000383,41.72279260780287,,0,41.72279260780287
VOO,draw,VOO|draw,198000000394,41.98562628336756,,0,41.98562628336756
VOO,draw,VOO|draw,198000000404,42.26283367556468,,0,42.26283367556468
VOO,give,VOO|give,134000000001,62.394250513347025,27.13141683778234,1,27.13141683778234
VOO,give,VOO|give,134000000012,27.0,21.0,1,21.0
VOO,give,VOO|give,134000000019,61.19712525667351,27.164271047227928,1,27.164271047227928
VOO,give,VOO|give,184000000001,49.591375770020534,28.295687885010267,1,28.295687885010267
VOO,give,VOO|give,184000000008,54.16427104722793,44.8870636550308,1,44.8870636550308
VOO,give,VOO|give,184000000016,52.492813141683776,,0,52.492813141683776
VOO,give,VOO|give,184000000019,48.36139630390144,40.0,1,40.0
VOO,give,VOO|give,184000000023,50.09856262833676,25.032854209445585,1,25.032854209445585
VOO,give,VOO|give,184000000033,52.03285420944559,45.36139630390144,1,45.36139630390144
VOO,give,VOO|give,184000000037,43.98562628336756,,0,43.98562628336756
VOO,give,VOO|give,184000000040,52.62422997946612,31.657084188911703,1,31.657084188911703
VOO,give,VOO|give,184000000051,38.09856262833676,33.06570841889117,1,33.06570841889117
VOO,give,VOO|give,184000000054,30.32854209445585,,0,30.32854209445585
VOO,give,VOO|give,184000000060,53.13141683778234,42.78850102669404,1,42.78850102669404
VOO,give,VOO|give,198000000001,56.0,33.09856262833676,1,33.09856262833676
VOO,give,VOO|give,198000000021,60.78850102669404,27.098562628336754,1,27.098562628336754
VOO,give,VOO|give,198000000034,59.06570841889117,32.8870636550308,1,32.8870636550308
VOO,give,VOO|give,198000000044,58.19712525667351,21.0,1,21.0
VOO,give,VOO|give,198000000060,47.91991786447639,23.82135523613963,1,23.82135523613963
VOO,give,VOO|give,198000000068,57.72279260780287,23.95277207392197,1,23.95277207392197
VOO,give,VOO|give,198000000095,60.09856262833676,20.75564681724846,1,20.75564681724846
VOO,give,VOO|give,198000000103,58.26283367556468,20.985626283367555,1,20.985626283367555
VOO,give,VOO|give,198000000114,57.0,21.06570841889117,1,21.06570841889117
VOO,give,VOO|give,198000000128,57.591375770020534,28.13141683778234,1,28.13141683778234
VOO,give,VOO|give,198000000140,59.72279260780287,,0,59.72279260780287
VOO,give,VOO|give,198000000151,57.16427104722793,41.0,1,41.0
VOO,give,VOO|give,198000000162,58.09856262833676,33.0,1,33.0
VOO,give,VOO|give,198000000177,56.13141683778234,56.13141683778234,1,56.13141683778234
VOO,give,VOO|give,198000000184,57.03285420944559,57.03285420944559,1,57.03285420944559
VOO,give,VOO|give,198000000197,60.62422997946612,18.0,1,18.0
VOO,give,VOO|give,198000000213,55.459958932238195,23.95277207392197,1,23.95277207392197
VOO,give,VOO|give,198000000221,42.06570841889117,,0,42.06570841889117
VOO,give,VOO|give,198000000244,41.95277207392197,30.032854209445585,1,30.032854209445585
VOO,give,VOO|give,198000000250,41.91991786447639,41.91991786447639,1,41.91991786447639
VOO,give,VOO|give,198000000258,39.09856262833676,21.13141683778234,1,21.13141683778234
VOO,give,VOO|give,198000000271,42.03285420944559,39.03285420944559,1,39.03285420944559
VOO,give,VOO|give,198000000287,41.8870636550308,,0,41.8870636550308
VOO,give,VOO|give,198000000298,41.72279260780287,32.68993839835729,1,32.68993839835729
VOO,give,VOO|give,198000000312,41.85420944558521,35.8870636550308,1,35.8870636550308
VOO,give,VOO|give,198000000334,42.36139630390144,21.62422997946612,1,21.62422997946612
VOO,give,VOO|give,198000000348,42.36139630390144,42.36139630390144,1,42.36139630390144
VOO,give,VOO|give,198000000366,18.361396303901437,,0,18.361396303901437
VOO,give,VOO|give,198000000374,42.82135523613963,,0,42.82135523613963
VOO,give,VOO|give,198000000383,41.72279260780287,,0,41.72279260780287
VOO,give,VOO|give,198000000394,41.98562628336756,26.985626283367555,1,26.985626283367555
VOO,give,VOO|give,198000000404,42.26283367556468,39.68993839835729,1,39.68993839835729
VOO,keep,VOO|keep,134000000001,62.394250513347025,31.032854209445585,1,31.032854209445585
VOO,keep,VOO|keep,134000000012,27.0,,0,27.0
VOO,keep,VOO|keep,134000000019,61.19712525667351,,0,61.19712525667351
VOO,keep,VOO|keep,184000000001,49.591375770020534,,0,49.591375770020534
VOO,keep,VOO|keep,184000000008,54.16427104722793,,0,54.16427104722793
VOO,keep,VOO|keep,184000000016,52.492813141683776,,0,52.492813141683776
VOO,keep,VOO|keep,184000000019,48.36139630390144,,0,48.36139630390144
VOO,keep,VOO|keep,184000000023,50.09856262833676,,0,50.09856262833676
VOO,keep,VOO|keep,184000000033,52.03285420944559,,0,52.03285420944559
VOO,keep,VOO|keep,184000000037,43.98562628336756,,0,43.98562628336756
VOO,keep,VOO|keep,184000000040,52.62422997946612,,0,52.62422997946612
VOO,keep,VOO|keep,184000000051,38.09856262833676,,0,38.09856262833676
VOO,keep,VOO|keep,184000000054,30.32854209445585,,0,30.32854209445585
VOO,keep,VOO|keep,184000000060,53.13141683778234,,0,53.13141683778234
VOO,keep,VOO|keep,198000000001,56.0,,0,56.0
VOO,keep,VOO|keep,198000000021,60.78850102669404,,0,60.78850102669404
VOO,keep,VOO|keep,198000000034,59.06570841889117,,0,59.06570841889117
VOO,keep,VOO|keep,198000000044,58.19712525667351,,0,58.19712525667351
VOO,keep,VOO|keep,198000000060,47.91991786447639,,0,47.91991786447639
VOO,keep,VOO|keep,198000000068,57.72279260780287,,0,57.72279260780287
VOO,keep,VOO|keep,198000000095,60.09856262833676,30.197125256673512,1,30.197125256673512
VOO,keep,VOO|keep,198000000103,58.26283367556468,,0,58.26283367556468
VOO,keep,VOO|keep,198000000114,57.0,,0,57.0
VOO,keep,VOO|keep,198000000128,57.591375770020534,,0,57.591375770020534
VOO,keep,VOO|keep,198000000140,59.72279260780287,,0,59.72279260780287
VOO,keep,VOO|keep,198000000151,57.16427104722793,,0,57.16427104722793
VOO,keep,VOO|keep,198000000162,58.09856262833676,,0,58.09856262833676
VOO,keep,VOO|keep,198000000177,56.13141683778234,38.95277207392197,1,38.95277207392197
VOO,keep,VOO|keep,198000000184,57.03285420944559,,0,57.03285420944559
VOO,keep,VOO|keep,198000000197,60.62422997946612,,0,60.62422997946612
VOO,keep,VOO|keep,198000000213,55.459958932238195,,0,55.459958932238195
VOO,keep,VOO|keep,198000000221,42.06570841889117,,0,42.06570841889117
VOO,keep,VOO|keep,198000000244,41.95277207392197,,0,41.95277207392197
VOO,keep,VOO|keep,198000000250,41.91991786447639,,0,41.91991786447639
VOO,keep,VOO|keep,198000000258,39.09856262833676,,0,39.09856262833676
VOO,keep,VOO|keep,198000000271,42.03285420944559,,0,42.03285420944559
VOO,keep,VOO|keep,198000000287,41.8870636550308,,0,41.8870636550308
VOO,keep,VOO|keep,198000000298,41.72279260780287,,0,41.72279260780287
VOO,keep,VOO|keep,198000000312,41.85420944558521,,0,41.85420944558521
VOO,keep,VOO|keep,198000000334,42.36139630390144,,0,42.36139630390144
VOO,keep,VOO|keep,198000000348,42.36139630390144,,0,42.36139630390144
VOO,keep,VOO|keep,198000000366,18.361396303901437,,0,18.361396303901437
VOO,keep,VOO|keep,198000000374,42.82135523613963,,0,42.82135523613963
VOO,keep,VOO|keep,198000000383,41.72279260780287,,0,41.72279260780287
VOO,keep,VOO|keep,198000000394,41.98562628336756,,0,41.98562628336756
VOO,keep,VOO|keep,198000000404,42.26283367556468,,0,42.26283367556468
VOO,hit,VOO|hit,134000000001,62.394250513347025,27.591375770020534,1,27.591375770020534
VOO,hit,VOO|hit,134000000012,27.0,,0,27.0
VOO,hit,VOO|hit,134000000019,61.19712525667351,34.6570841889117,1,34.6570841889117
VOO,hit,VOO|hit,184000000001,49.591375770020534,,0,49.591375770020534
VOO,hit,VOO|hit,184000000008,54.16427104722793,,0,54.16427104722793
VOO,hit,VOO|hit,184000000016,52.492813141683776,,0,52.492813141683776
VOO,hit,VOO|hit,184000000019,48.36139630390144,,0,48.36139630390144
VOO,hit,VOO|hit,184000000023,50.09856262833676,,0,50.09856262833676
VOO,hit,VOO|hit,184000000033,52.03285420944559,,0,52.03285420944559
VOO,hit,VOO|hit,184000000037,43.98562628336756,,0,43.98562628336756
VOO,hit,VOO|hit,184000000040,52.62422997946612,,0,52.62422997946612
VOO,hit,VOO|hit,184000000051,38.09856262833676,,0,38.09856262833676
VOO,hit,VOO|hit,184000000054,30.32854209445585,,0,30.32854209445585
VOO,hit,VOO|hit,184000000060,53.13141683778234,,0,53.13141683778234
VOO,hit,VOO|hit,198000000001,56.0,,0,56.0
VOO,hit,VOO|hit,198000000021,60.78850102669404,,0,60.78850102669404
VOO,hit,VOO|hit,198000000034,59.06570841889117,,0,59.06570841889117
VOO,hit,VOO|hit,198000000044,58.19712525667351,32.95277207392197,1,32.95277207392197
VOO,hit,VOO|hit,198000000060,47.91991786447639,,0,47.91991786447639
VOO,hit,VOO|hit,198000000068,57.72279260780287,,0,57.72279260780287
VOO,hit,VOO|hit,198000000095,60.09856262833676,,0,60.09856262833676
VOO,hit,VOO|hit,198000000103,58.26283367556468,,0,58.26283367556468
VOO,hit,VOO|hit,198000000114,57.0,,0,57.0
VOO,hit,VOO|hit,198000000128,57.591375770020534,,0,57.591375770020534
VOO,hit,VOO|hit,198000000140,59.72279260780287,,0,59.72279260780287
VOO,hit,VOO|hit,198000000151,57.16427104722793,,0,57.16427104722793
VOO,hit,VOO|hit,198000000162,58.09856262833676,,0,58.09856262833676
VOO,hit,VOO|hit,198000000177,56.13141683778234,,0,56.13141683778234
VOO,hit,VOO|hit,198000000184,57.03285420944559,,0,57.03285420944559
VOO,hit,VOO|hit,198000000197,60.62422997946612,,0,60.62422997946612
VOO,hit,VOO|hit,198000000213,55.459958932238195,,0,55.459958932238195
VOO,hit,VOO|hit,198000000221,42.06570841889117,,0,42.06570841889117
VOO,hit,VOO|hit,198000000244,41.95277207392197,,0,41.95277207392197
VOO,hit,VOO|hit,198000000250,41.91991786447639,,0,41.91991786447639
VOO,hit,VOO|hit,198000000258,39.09856262833676,,0,39.09856262833676
VOO,hit,VOO|hit,198000000271,42.03285420944559,,0,42.03285420944559
VOO,hit,VOO|hit,198000000287,41.8870636550308,,0,41.8870636550308
VOO,hit,VOO|hit,198000000298,41.72279260780287,,0,41.72279260780287
VOO,hit,VOO|hit,198000000312,41.85420944558521,,0,41.85420944558521
VOO,hit,VOO|hit,198000000334,42.36139630390144,,0,42.36139630390144
VOO,hit,VOO|hit,198000000348,42.36139630390144,,0,42.36139630390144
VOO,hit,VOO|hit,198000000366,18.361396303901437,,0,18.361396303901437
VOO,hit,VOO|hit,198000000374,42.82135523613963,,0,42.82135523613963
VOO,hit,VOO|hit,198000000383,41.72279260780287,,0,41.72279260780287
VOO,hit,VOO|hit,198000000394,41.98562628336756,,0,41.98562628336756
VOO,hit,VOO|hit,198000000404,42.26283367556468,,0,42.26283367556468
VOO,write,VOO|write,134000000001,62.394250513347025,30.098562628336754,1,30.098562628336754
VOO,write,VOO|write,134000000012,27.0,24.0,1,24.0
VOO,write,VOO|write,134000000019,61.19712525667351,43.98562628336756,1,43.98562628336756
VOO,write,VOO|write,184000000001,49.591375770020534,,0,49.591375770020534
VOO,write,VOO|write,184000000008,54.16427104722793,,0,54.16427104722793
VOO,write,VOO|write,184000000016,52.492813141683776,,0,52.492813141683776
VOO,write,VOO|write,184000000019,48.36139630390144,,0,48.36139630390144
VOO,write,VOO|write,184000000023,50.09856262833676,,0,50.09856262833676
VOO,write,VOO|write,184000000033,52.03285420944559,,0,52.03285420944559
VOO,write,VOO|write,184000000037,43.98562628336756,,0,43.98562628336756
VOO,write,VOO|write,184000000040,52.62422997946612,,0,52.62422997946612
VOO,write,VOO|write,184000000051,38.09856262833676,,0,38.09856262833676
VOO,write,VOO|write,184000000054,30.32854209445585,,0,30.32854209445585
VOO,write,VOO|write,184000000060,53.13141683778234,,0,53.13141683778234
VOO,write,VOO|write,198000000001,56.0,,0,56.0
VOO,write,VOO|write,198000000021,60.78850102669404,,0,60.78850102669404
VOO,write,VOO|write,198000000034,59.06570841889117,,0,59.06570841889117
VOO,write,VOO|write,198000000044,58.19712525667351,,0,58.19712525667351
VOO,write,VOO|write,198000000060,47.91991786447639,,0,47.91991786447639
VOO,write,VOO|write,198000000068,57.72279260780287,,0,57.72279260780287
VOO,write,VOO|write,198000000095,60.09856262833676,,0,60.09856262833676
VOO,write,VOO|write,198000000103,58.26283367556468,,0,58.26283367556468
VOO,write,VOO|write,198000000114,57.0,,0,57.0
VOO,write,VOO|write,198000000128,57.591375770020534,,0,57.591375770020534
VOO,write,VOO|write,198000000140,59.72279260780287,,0,59.72279260780287
VOO,write,VOO|write,198000000151,57.16427104722793,,0,57.16427104722793
VOO,write,VOO|write,198000000162,58.09856262833676,,0,58.09856262833676
VOO,write,VOO|write,198000000177,56.13141683778234,,0,56.13141683778234
VOO,write,VOO|write,198000000184,57.03285420944559,39.26283367556468,1,39.26283367556468
VOO,write,VOO|write,198000000197,60.62422997946612,,0,60.62422997946612
VOO,write,VOO|write,198000000213,55.459958932238195,,0,55.459958932238195
VOO,write,VOO|write,198000000221,42.06570841889117,,0,42.06570841889117
VOO,write,VOO|write,198000000244,41.95277207392197,,0,41.95277207392197
VOO,write,VOO|write,198000000250,41.91991786447639,,0,41.91991786447639
VOO,write,VOO|write,198000000258,39.09856262833676,,0,39.09856262833676
VOO,write,VOO|write,198000000271,42.03285420944559,,0,42.03285420944559
VOO,write,VOO|write,198000000287,41.8870636550308,,0,41.8870636550308
VOO,write,VOO|write,198000000298,41.72279260780287,,0,41.72279260780287
VOO,write,VOO|write,198000000312,41.85420944558521,,0,41.85420944558521
VOO,write,VOO|write,198000000334,42.36139630390144,,0,42.36139630390144
VOO,write,VOO|write,198000000348,42.36139630390144,,0,42.36139630390144
VOO,write,VOO|write,198000000366,18.361396303901437,,0,18.361396303901437
VOO,write,VOO|write,198000000374,42.82135523613963,,0,42.82135523613963
VOO,write,VOO|write,198000000383,41.72279260780287,,0,41.72279260780287
VOO,write,VOO|write,198000000394,41.98562628336756,,0,41.98562628336756
VOO,write,VOO|write,198000000404,42.26283367556468,,0,42.26283367556468
VOO,take,VOO|take,134000000001,62.394250513347025,33.591375770020534,1,33.591375770020534
VOO,take,VOO|take,134000000012,27.0,23.0,1,23.0
VOO,take,VOO|take,134000000019,61.19712525667351,40.03285420944559,1,40.03285420944559
VOO,take,VOO|take,184000000001,49.591375770020534,28.295687885010267,1,28.295687885010267
VOO,take,VOO|take,184000000008,54.16427104722793,,0,54.16427104722793
VOO,take,VOO|take,184000000016,52.492813141683776,,0,52.492813141683776
VOO,take,VOO|take,184000000019,48.36139630390144,,0,48.36139630390144
VOO,take,VOO|take,184000000023,50.09856262833676,,0,50.09856262833676
VOO,take,VOO|take,184000000033,52.03285420944559,,0,52.03285420944559
VOO,take,VOO|take,184000000037,43.98562628336756,,0,43.98562628336756
VOO,take,VOO|take,184000000040,52.62422997946612,50.82135523613963,1,50.82135523613963
VOO,take,VOO|take,184000000051,38.09856262833676,,0,38.09856262833676
VOO,take,VOO|take,184000000054,30.32854209445585,,0,30.32854209445585
VOO,take,VOO|take,184000000060,53.13141683778234,46.525667351129364,1,46.525667351129364
VOO,take,VOO|take,198000000001,56.0,,0,56.0
VOO,take,VOO|take,198000000021,60.78850102669404,,0,60.78850102669404
VOO,take,VOO|take,198000000034,59.06570841889117,,0,59.06570841889117
VOO,take,VOO|take,198000000044,58.19712525667351,,0,58.19712525667351
VOO,take,VOO|take,198000000060,47.91991786447639,,0,47.91991786447639
VOO,take,VOO|take,198000000068,57.72279260780287,,0,57.72279260780287
VOO,take,VOO|take,198000000095,60.09856262833676,,0,60.09856262833676
VOO,take,VOO|take,198000000103,58.26283367556468,,0,58.26283367556468
VOO,take,VOO|take,198000000114,57.0,,0,57.0
VOO,take,VOO|take,198000000128,57.591375770020534,,0,57.591375770020534
VOO,take,VOO|take,198000000140,59.72279260780287,,0,59.72279260780287
VOO,take,VOO|take,198000000151,57.16427104722793,,0,57.16427104722793
VOO,take,VOO|take,198000000162,58.09856262833676,,0,58.09856262833676
VOO,take,VOO|take,198000000177,56.13141683778234,,0,56.13141683778234
VOO,take,VOO|take,198000000184,57.03285420944559,,0,57.03285420944559
VOO,take,VOO|take,198000000197,60.62422997946612,,0,60.62422997946612
VOO,take,VOO|take,198000000213,55.459958932238195,26.854209445585216,1,26.854209445585216
VOO,take,VOO|take,198000000221,42.06570841889117,,0,42.06570841889117
VOO,take,VOO|take,198000000244,41.95277207392197,,0,41.95277207392197
VOO,take,VOO|take,198000000250,41.91991786447639,,0,41.91991786447639
VOO,take,VOO|take,198000000258,39.09856262833676,,0,39.09856262833676
VOO,take,VOO|take,198000000271,42.03285420944559,,0,42.03285420944559
VOO,take,VOO|take,198000000287,41.8870636550308,36.03285420944559,1,36.03285420944559
VOO,take,VOO|take,198000000298,41.72279260780287,,0,41.72279260780287
VOO,take,VOO|take,198000000312,41.85420944558521,,0,41.85420944558521
VOO,take,VOO|take,198000000334,42.36139630390144,,0,42.36139630390144
VOO,take,VOO|take,198000000348,42.36139630390144,,0,42.36139630390144
VOO,take,VOO|take,198000000366,18.361396303901437,,0,18.361396303901437
VOO,take,VOO|take,198000000374,42.82135523613963,,0,42.82135523613963
VOO,take,VOO|take,198000000383,41.72279260780287,,0,41.72279260780287
VOO,take,VOO|take,198000000394,41.98562628336756,,0,41.98562628336756
VOO,take,VOO|take,198000000404,42.26283367556468,,0,42.26283367556468
VOO,do,VOO|do,134000000001,62.394250513347025,31.032854209445585,1,31.032854209445585
VOO,do,VOO|do,134000000012,27.0,20.0,1,20.0
VOO,do,VOO|do,134000000019,61.19712525667351,34.6570841889117,1,34.6570841889117
VOO,do,VOO|do,184000000001,49.591375770020534,,0,49.591375770020534
VOO,do,VOO|do,184000000008,54.16427104722793,,0,54.16427104722793
VOO,do,VOO|do,184000000016,52.492813141683776,,0,52.492813141683776
VOO,do,VOO|do,184000000019,48.36139630390144,,0,48.36139630390144
VOO,do,VOO|do,184000000023,50.09856262833676,50.09856262833676,1,50.09856262833676
VOO,do,VOO|do,184000000033,52.03285420944559,,0,52.03285420944559
VOO,do,VOO|do,184000000037,43.98562628336756,,0,43.98562628336756
VOO,do,VOO|do,184000000040,52.62422997946612,42.68993839835729,1,42.68993839835729
VOO,do,VOO|do,184000000051,38.09856262833676,,0,38.09856262833676
VOO,do,VOO|do,184000000054,30.32854209445585,,0,30.32854209445585
VOO,do,VOO|do,184000000060,53.13141683778234,44.85420944558521,1,44.85420944558521
VOO,do,VOO|do,198000000001,56.0,,0,56.0
VOO,do,VOO|do,198000000021,60.78850102669404,,0,60.78850102669404
VOO,do,VOO|do,198000000034,59.06570841889117,32.8870636550308,1,32.8870636550308
VOO,do,VOO|do,198000000044,58.19712525667351,58.19712525667351,1,58.19712525667351
VOO,do,VOO|do,198000000060,47.91991786447639,38.91991786447639,1,38.91991786447639
VOO,do,VOO|do,198000000068,57.72279260780287,35.91991786447639,1,35.91991786447639
VOO,do,VOO|do,198000000095,60.09856262833676,38.98562628336756,1,38.98562628336756
VOO,do,VOO|do,198000000103,58.26283367556468,42.0,1,42.0
VOO,do,VOO|do,198000000114,57.0,41.82135523613963,1,41.82135523613963
VOO,do,VOO|do,198000000128,57.591375770020534,23.985626283367555,1,23.985626283367555
VOO,do,VOO|do,198000000140,59.72279260780287,,0,59.72279260780287
VOO,do,VOO|do,198000000151,57.16427104722793,,0,57.16427104722793
VOO,do,VOO|do,198000000162,58.09856262833676,,0,58.09856262833676
VOO,do,VOO|do,198000000177,56.13141683778234,,0,56.13141683778234
VOO,do,VOO|do,198000000184,57.03285420944559,35.85420944558521,1,35.85420944558521
VOO,do,VOO|do,198000000197,60.62422997946612,41.98562628336756,1,41.98562628336756
VOO,do,VOO|do,198000000213,55.459958932238195,33.03285420944559,1,33.03285420944559
VOO,do,VOO|do,198000000221,42.06570841889117,,0,42.06570841889117
VOO,do,VOO|do,198000000244,41.95277207392197,,0,41.95277207392197
VOO,do,VOO|do,198000000250,41.91991786447639,,0,41.91991786447639
VOO,do,VOO|do,198000000258,39.09856262833676,,0,39.09856262833676
VOO,do,VOO|do,198000000271,42.03285420944559,30.032854209445585,1,30.032854209445585
VOO,do,VOO|do,198000000287,41.8870636550308,,0,41.8870636550308
VOO,do,VOO|do,198000000298,41.72279260780287,,0,41.72279260780287
VOO,do,VOO|do,198000000312,41.85420944558521,30.0,1,30.0
VOO,do,VOO|do,198000000334,42.36139630390144,26.8870636550308,1,26.8870636550308
VOO,do,VOO|do,198000000348,42.36139630390144,,0,42.36139630390144
VOO,do,VOO|do,198000000366,18.361396303901437,,0,18.361396303901437
VOO,do,VOO|do,198000000374,42.82135523613963,,0,42.82135523613963
VOO,do,VOO|do,198000000383,41.72279260780287,,0,41.72279260780287
VOO,do,VOO|do,198000000394,41.98562628336756,,0,41.98562628336756
VOO,do,VOO|do,198000000404,42.26283367556468,27.32854209445585,1,27.32854209445585
VOO,get,VOO|get,134000000001,62.394250513347025,27.13141683778234,1,27.13141683778234
VOO,get,VOO|get,134000000012,27.0,24.0,1,24.0
VOO,get,VOO|get,134000000019,61.19712525667351,31.39425051334702,1,31.39425051334702
VOO,get,VOO|get,184000000001,49.591375770020534,41.16427104722793,1,41.16427104722793
VOO,get,VOO|get,184000000008,54.16427104722793,48.78850102669404,1,48.78850102669404
VOO,get,VOO|get,184000000016,52.492813141683776,,0,52.492813141683776
VOO,get,VOO|get,184000000019,48.36139630390144,40.0,1,40.0
VOO,get,VOO|get,184000000023,50.09856262833676,,0,50.09856262833676
VOO,get,VOO|get,184000000033,52.03285420944559,45.36139630390144,1,45.36139630390144
VOO,get,VOO|get,184000000037,43.98562628336756,,0,43.98562628336756
VOO,get,VOO|get,184000000040,52.62422997946612,42.68993839835729,1,42.68993839835729
VOO,get,VOO|get,184000000051,38.09856262833676,32.98562628336756,1,32.98562628336756
VOO,get,VOO|get,184000000054,30.32854209445585,,0,30.32854209445585
VOO,get,VOO|get,184000000060,53.13141683778234,42.78850102669404,1,42.78850102669404
VOO,get,VOO|get,198000000001,56.0,,0,56.0
VOO,get,VOO|get,198000000021,60.78850102669404,,0,60.78850102669404
VOO,get,VOO|get,198000000034,59.06570841889117,39.06570841889117,1,39.06570841889117
VOO,get,VOO|get,198000000044,58.19712525667351,18.06570841889117,1,18.06570841889117
VOO,get,VOO|get,198000000060,47.91991786447639,,0,47.91991786447639
VOO,get,VOO|get,198000000068,57.72279260780287,29.689938398357288,1,29.689938398357288
VOO,get,VOO|get,198000000095,60.09856262833676,36.13141683778234,1,36.13141683778234
VOO,get,VOO|get,198000000103,58.26283367556468,,0,58.26283367556468
VOO,get,VOO|get,198000000114,57.0,30.098562628336754,1,30.098562628336754
VOO,get,VOO|get,198000000128,57.591375770020534,34.16427104722793,1,34.16427104722793
VOO,get,VOO|get,198000000140,59.72279260780287,42.36139630390144,1,42.36139630390144
VOO,get,VOO|get,198000000151,57.16427104722793,27.164271047227928,1,27.164271047227928
VOO,get,VOO|get,198000000162,58.09856262833676,,0,58.09856262833676
VOO,get,VOO|get,198000000177,56.13141683778234,,0,56.13141683778234
VOO,get,VOO|get,198000000184,57.03285420944559,39.26283367556468,1,39.26283367556468
VOO,get,VOO|get,198000000197,60.62422997946612,18.0,1,18.0
VOO,get,VOO|get,198000000213,55.459958932238195,38.91991786447639,1,38.91991786447639
VOO,get,VOO|get,198000000221,42.06570841889117,,0,42.06570841889117
VOO,get,VOO|get,198000000244,41.95277207392197,,0,41.95277207392197
VOO,get,VOO|get,198000000250,41.91991786447639,24.262833675564682,1,24.262833675564682
VOO,get,VOO|get,198000000258,39.09856262833676,27.39425051334702,1,27.39425051334702
VOO,get,VOO|get,198000000271,42.03285420944559,42.03285420944559,1,42.03285420944559
VOO,get,VOO|get,198000000287,41.8870636550308,,0,41.8870636550308
VOO,get,VOO|get,198000000298,41.72279260780287,27.164271047227928,1,27.164271047227928
VOO,get,VOO|get,198000000312,41.85420944558521,30.0,1,30.0
VOO,get,VOO|get,198000000334,42.36139630390144,36.0,1,36.0
VOO,get,VOO|get,198000000348,42.36139630390144,,0,42.36139630390144
VOO,get,VOO|get,198000000366,18.361396303901437,,0,18.361396303901437
VOO,get,VOO|get,198000000374,42.82135523613963,,0,42.82135523613963
VOO,get,VOO|get,198000000383,41.72279260780287,,0,41.72279260780287
VOO,get,VOO|get,198000000394,41.98562628336756,39.2299794661191,1,39.2299794661191
VOO,get,VOO|get,198000000404,42.26283367556468,42.26283367556468,1,42.26283367556468
