child_id,vac,verb,item,construction,preposition,grain,first_age,n
134000000001,VL,arrow,VL|arrow,VL,,schematic,51.29568788501027,1
134000000001,VL,bear,VL|bear,VL,,schematic,27.13141683778234,1
134000000001,VL,belong,VL|belong,VL,,schematic,39.591375770020534,2
134000000001,VL,bend,VL|bend,VL,,schematic,58.75564681724846,1
134000000001,VL,blast,VL|blast,VL,,schematic,37.29568788501027,6
134000000001,VL,block,VL|block,VL,,schematic,27.13141683778234,1
134000000001,VL,boot,VL|boot,VL,,schematic,28.985626283367555,4
134000000001,VL,bow,VL|bow,VL,,schematic,33.591375770020534,1
134000000001,VL,break,VL|break,VL,,schematic,37.29568788501027,2
134000000001,VL,build,VL|build,VL,,schematic,40.591375770020534,1
134000000001,VL,bump,VL|bump,VL,,schematic,41.03285420944559,3
134000000001,VL,burn,VL|burn,VL,,schematic,41.03285420944559,1
134000000001,VL,call,VL|call,VL,,schematic,38.29568788501027,1
134000000001,VL,catch,VL|catch,VL,,schematic,34.525667351129364,2
134000000001,VL,check,VL|check,VL,,schematic,33.591375770020534,1
134000000001,VL,chew,VL|chew,VL,,schematic,39.13141683778234,4
134000000001,VL,chop,VL|chop,VL,,schematic,38.29568788501027,2
134000000001,VL,color,VL|color,VL,,schematic,52.427104722792606,2
134000000001,VL,come,VL|come,VL,,schematic,27.13141683778234,129
134000000001,VL,cook,VL|cook,VL,,schematic,39.591375770020534,1
134000000001,VL,cover,VL|cover,VL,,schematic,58.06570841889117,1
134000000001,VL,cow,VL|cow,VL,,schematic,33.13141683778234,1
134000000001,VL,crash,VL|crash,VL,,schematic,38.29568788501027,2
134000000001,VL,crawl,VL|crawl,VL,,schematic,42.29568788501027,3
134000000001,VL,cry,VL|cry,VL,,schematic,39.13141683778234,2
134000000001,VL,cut,VL|cut,VL,,schematic,44.03285420944559,7
134000000001,VL,dance,VL|dance,VL,,schematic,43.2299794661191,1
134000000001,VL,do,VL|do,VL,,schematic,32.525667351129364,15
134000000001,VL,draw,VL|draw,VL,,schematic,38.68993839835729,3
134000000001,VL,dream,VL|dream,VL,,schematic,38.29568788501027,6
134000000001,VL,drill,VL|drill,VL,,schematic,50.558521560574945,1
134000000001,VL,drink,VL|drink,VL,,schematic,34.98562628336756,1
134000000001,VL,drip,VL|drip,VL,,schematic,34.525667351129364,1
134000000001,VL,drive,VL|drive,VL,,schematic,37.29568788501027,14
134000000001,VL,drop,VL|drop,VL,,schematic,33.13141683778234,7
134000000001,VL,eat,VL|eat,VL,,schematic,32.525667351129364,12
134000000001,VL,end,VL|end,VL,,schematic,28.49281314168378,2
134000000001,VL,fail,VL|fail,VL,,schematic,51.29568788501027,1
134000000001,VL,fall,VL|fall,VL,,schematic,27.591375770020534,132
134000000001,VL,fit,VL|fit,VL,,schematic,28.098562628336754,15
134000000001,VL,flash,VL|flash,VL,,schematic,44.03285420944559,2
134000000001,VL,fly,VL|fly,VL,,schematic,34.98562628336756,9
134000000001,VL,follow,VL|follow,VL,,schematic,39.591375770020534,1
134000000001,VL,get,VL|get,VL,,schematic,27.13141683778234,97
134000000001,VL,give,VL|give,VL,,schematic,37.29568788501027,1
134000000001,VL,go,VL|go,VL,,schematic,27.13141683778234,281
134000000001,VL,hang,VL|hang,VL,,schematic,34.98562628336756,1
134000000001,VL,happen,VL|happen,VL,,schematic,32.03285420944559,4
134000000001,VL,have,VL|have,VL,,schematic,52.03285420944559,1
134000000001,VL,hear,VL|hear,VL,,schematic,39.13141683778234,2
134000000001,VL,hide,VL|hide,VL,,schematic,42.29568788501027,6
134000000001,VL,hold,VL|hold,VL,,schematic,53.36139630390144,3
134000000001,VL,hook,VL|hook,VL,,schematic,52.03285420944559,1
134000000001,VL,hop,VL|hop,VL,,schematic,34.98562628336756,1
134000000001,VL,hopping,VL|hopping,VL,,schematic,34.98562628336756,1
134000000001,VL,jump,VL|jump,VL,,schematic,31.032854209445585,38
134000000001,VL,keep,VL|keep,VL,,schematic,31.459958932238195,6
134000000001,VL,knock,VL|knock,VL,,schematic,28.49281314168378,11
134000000001,VL,know,VL|know,VL,,schematic,49.492813141683776,1
134000000001,VL,laugh,VL|laugh,VL,,schematic,29.39425051334702,3
134000000001,VL,lean,VL|lean,VL,,schematic,41.95277207392197,1
134000000001,VL,learn,VL|learn,VL,,schematic,54.78850102669404,1
134000000001,VL,leave,VL|leave,VL,,schematic,49.492813141683776,5
134000000001,VL,lie,VL|lie,VL,,schematic,27.13141683778234,1
134000000001,VL,listen,VL|listen,VL,,schematic,31.459958932238195,8
134000000001,VL,live,VL|live,VL,,schematic,39.13141683778234,12
134000000001,VL,lock,VL|lock,VL,,schematic,39.13141683778234,5
134000000001,VL,look,VL|look,VL,,schematic,30.098562628336754,185
134000000001,VL,march,VL|march,VL,,schematic,41.03285420944559,1
134000000001,VL,move,VL|move,VL,,schematic,39.591375770020534,4
134000000001,VL,need,VL|need,VL,,schematic,31.459958932238195,1
134000000001,VL,open,VL|open,VL,,schematic,47.459958932238195,1
134000000001,VL,pail,VL|pail,VL,,schematic,34.525667351129364,1
134000000001,VL,paint,VL|paint,VL,,schematic,39.591375770020534,3
134000000001,VL,park,VL|park,VL,,schematic,36.36139630390144,4
134000000001,VL,peek,VL|peek,VL,,schematic,35.427104722792606,2
134000000001,VL,play,VL|play,VL,,schematic,35.91991786447639,11
134000000001,VL,pop,VL|pop,VL,,schematic,43.2299794661191,1
134000000001,VL,pour,VL|pour,VL,,schematic,52.03285420944559,1
134000000001,VL,press,VL|press,VL,,schematic,30.098562628336754,1
134000000001,VL,pretend,VL|pretend,VL,,schematic,33.591375770020534,1
134000000001,VL,pull,VL|pull,VL,,schematic,46.492813141683776,1
134000000001,VL,punch,VL|punch,VL,,schematic,36.82135523613963,3
134000000001,VL,push,VL|push,VL,,schematic,30.098562628336754,5
134000000001,VL,put,VL|put,VL,,schematic,27.13141683778234,48
134000000001,VL,rain,VL|rain,VL,,schematic,49.492813141683776,1
134000000001,VL,read,VL|read,VL,,schematic,36.36139630390144,4
134000000001,VL,ride,VL|ride,VL,,schematic,30.55852156057495,25
134000000001,VL,rock,VL|rock,VL,,schematic,35.91991786447639,4
134000000001,VL,roll,VL|roll,VL,,schematic,36.82135523613963,11
134000000001,VL,run,VL|run,VL,,schematic,36.36139630390144,30
134000000001,VL,say,VL|say,VL,,schematic,37.29568788501027,4
134000000001,VL,see,VL|see,VL,,schematic,27.13141683778234,12
134000000001,VL,seek,VL|seek,VL,,schematic,57.06570841889117,1
134000000001,VL,send,VL|send,VL,,schematic,55.03285420944559,1
134000000001,VL,set,VL|set,VL,,schematic,33.591375770020534,1
134000000001,VL,shame,VL|shame,VL,,schematic,29.39425051334702,10
134000000001,VL,ship,VL|ship,VL,,schematic,33.13141683778234,1
134000000001,VL,shoot,VL|shoot,VL,,schematic,46.492813141683776,1
134000000001,VL,show,VL|show,VL,,schematic,50.558521560574945,1
134000000001,VL,sing,VL|sing,VL,,schematic,38.68993839835729,2
134000000001,VL,sit,VL|sit,VL,,schematic,27.13141683778234,73
134000000001,VL,sleep,VL|sleep,VL,,schematic,34.98562628336756,13
134000000001,VL,slide,VL|slide,VL,,schematic,49.492813141683776,2
134000000001,VL,slip,VL|slip,VL,,schematic,32.525667351129364,1
134000000001,VL,spill,VL|spill,VL,,schematic,43.2299794661191,1
134000000001,VL,spray,VL|spray,VL,,schematic,43.2299794661191,2
134000000001,VL,spur,VL|spur,VL,,schematic,29.39425051334702,3
134000000001,VL,squeeze,VL|squeeze,VL,,schematic,44.459958932238195,3
134000000001,VL,stalk,VL|stalk,VL,,schematic,39.591375770020534,1
134000000001,VL,stand,VL|stand,VL,,schematic,35.427104722792606,7
134000000001,VL,stay,VL|stay,VL,,schematic,32.525667351129364,18
134000000001,VL,stem,VL|stem,VL,,schematic,57.06570841889117,1
134000000001,VL,step,VL|step,VL,,schematic,34.525667351129364,22
134000000001,VL,stick,VL|stick,VL,,schematic,42.29568788501027,2
134000000001,VL,stop,VL|stop,VL,,schematic,42.29568788501027,4
134000000001,VL,swim,VL|swim,VL,,schematic,36.82135523613963,2
134000000001,VL,swing,VL|swing,VL,,schematic,50.558521560574945,1
134000000001,VL,take,VL|take,VL,,schematic,27.591375770020534,29
134000000001,VL,talk,VL|talk,VL,,schematic,28.985626283367555,37
134000000001,VL,tell,VL|tell,VL,,schematic,37.29568788501027,5
134000000001,VL,think,VL|think,VL,,schematic,35.427104722792606,1
134000000001,VL,throw,VL|throw,VL,,schematic,33.591375770020534,4
134000000001,VL,tip,VL|tip,VL,,schematic,41.95277207392197,7
134000000001,VL,truck,VL|truck,VL,,schematic,30.098562628336754,1
134000000001,VL,try,VL|try,VL,,schematic,52.03285420944559,1
134000000001,VL,tuck,VL|tuck,VL,,schematic,58.75564681724846,1
134000000001,VL,turn,VL|turn,VL,,schematic,28.098562628336754,46
134000000001,VL,urinate,VL|urinate,VL,,schematic,40.03285420944559,1
134000000001,VL,wake,VL|wake,VL,,schematic,46.492813141683776,4
134000000001,VL,walk,VL|walk,VL,,schematic,36.82135523613963,16
134000000001,VL,want,VL|want,VL,,schematic,34.98562628336756,3
134000000001,VL,wash,VL|wash,VL,,schematic,36.36139630390144,1
134000000001,VL,watch,VL|watch,VL,,schematic,37.85420944558521,1
134000000001,VL,wipe,VL|wipe,VL,,schematic,27.591375770020534,5
134000000001,VL,work,VL|work,VL,,schematic,46.492813141683776,6
134000000001,VL,wrap,VL|wrap,VL,,schematic,49.492813141683776,1
134000000001,VL,write,VL|write,VL,,schematic,27.13141683778234,10
134000000001,VL-about,check,VL-about|check,VL,about,prep,33.591375770020534,1
134000000001,VL-about,do,VL-about|do,VL,about,prep,37.85420944558521,1
134000000001,VL-about,dream,VL-about|dream,VL,about,prep,38.29568788501027,6
134000000001,VL-about,hear,VL-about|hear,VL,about,prep,39.13141683778234,1
134000000001,VL-about,know,VL-about|know,VL,about,prep,49.492813141683776,1
134000000001,VL-about,laugh,VL-about|laugh,VL,about,prep,29.39425051334702,3
134000000001,VL-about,learn,VL-about|learn,VL,about,prep,54.78850102669404,1
134000000001,VL-about,listen,VL-about|listen,VL,about,prep,31.459958932238195,1
134000000001,VL-about,look,VL-about|look,VL,about,prep,54.78850102669404,1
134000000001,VL-about,play,VL-about|play,VL,about,prep,35.91991786447639,1
134000000001,VL-about,read,VL-about|read,VL,about,prep,36.36139630390144,4
134000000001,VL-about,see,VL-about|see,VL,about,prep,38.29568788501027,1
134000000001,VL-about,sing,VL-about|sing,VL,about,prep,38.68993839835729,2
134000000001,VL-about,talk,VL-about|talk,VL,about,prep,28.985626283367555,15
134000000001,VL-about,tell,VL-about|tell,VL,about,prep,37.29568788501027,4
134000000001,VL-about,think,VL-about|think,VL,about,prep,35.427104722792606,1
134000000001,VL-across,fall,VL-across|fall,VL,across,prep,42.29568788501027,1
134000000001,VL-across,walk,VL-across|walk,VL,across,prep,41.95277207392197,1
134000000001,VL-along,cut,VL-along|cut,VL,along,prep,57.06570841889117,1
134000000001,VL-around,dance,VL-around|dance,VL,around,prep,43.2299794661191,1
134000000001,VL-around,get,VL-around|get,VL,around,prep,38.68993839835729,2
134000000001,VL-around,go,VL-around|go,VL,around,prep,37.85420944558521,5
134000000001,VL-around,put,VL-around|put,VL,around,prep,35.91991786447639,2
134000000001,VL-around,roll,VL-around|roll,VL,around,prep,41.95277207392197,1
134000000001,VL-around,run,VL-around|run,VL,around,prep,62.394250513347025,1
134000000001,VL-around,spray,VL-around|spray,VL,around,prep,54.78850102669404,1
134000000001,VL-around,turn,VL-around|turn,VL,around,prep,43.2299794661191,4
134000000001,VL-around,wrap,VL-around|wrap,VL,around,prep,49.492813141683776,1
134000000001,VL-at,come,VL-at|come,VL,at,prep,44.459958932238195,1
134000000001,VL-at,cry,VL-at|cry,VL,at,prep,39.13141683778234,1
134000000001,VL-at,do,VL-at|do,VL,at,prep,52.03285420944559,1
134000000001,VL-at,go,VL-at|go,VL,at,prep,41.492813141683776,1
134000000001,VL-at,knock,VL-at|knock,VL,at,prep,52.427104722792606,1
134000000001,VL-at,look,VL-at|look,VL,at,prep,30.098562628336754,164
134000000001,VL-at,march,VL-at|march,VL,at,prep,41.03285420944559,1
134000000001,VL-at,peek,VL-at|peek,VL,at,prep,35.427104722792606,1
134000000001,VL-at,play,VL-at|play,VL,at,prep,43.2299794661191,2
134000000001,VL-at,see,VL-at|see,VL,at,prep,51.29568788501027,1
134000000001,VL-at,stay,VL-at|stay,VL,at,prep,32.525667351129364,2
134000000001,VL-at,take,VL-at|take,VL,at,prep,52.03285420944559,1
134000000001,VL-at,talk,VL-at|talk,VL,at,prep,38.68993839835729,2
134000000001,VL-at,try,VL-at|try,VL,at,prep,52.03285420944559,1
134000000001,VL-at,wake,VL-at|wake,VL,at,prep,46.492813141683776,2
134000000001,VL-at,work,VL-at|work,VL,at,prep,49.492813141683776,1
134000000001,VL-behind,hide,VL-behind|hide,VL,behind,prep,42.29568788501027,3
134000000001,VL-behind,look,VL-behind|look,VL,behind,prep,62.394250513347025,1
134000000001,VL-down,bend,VL-down|bend,VL,down,prep,58.75564681724846,1
134000000001,VL-down,burn,VL-down|burn,VL,down,prep,41.03285420944559,1
134000000001,VL-down,chop,VL-down|chop,VL,down,prep,38.29568788501027,2
134000000001,VL-down,come,VL-down|come,VL,down,prep,35.91991786447639,9
134000000001,VL-down,cut,VL-down|cut,VL,down,prep,44.03285420944559,1
134000000001,VL-down,drink,VL-down|drink,VL,down,prep,34.98562628336756,1
134000000001,VL-down,drop,VL-down|drop,VL,down,prep,33.13141683778234,1
134000000001,VL-down,eat,VL-down|eat,VL,down,prep,39.591375770020534,2
134000000001,VL-down,fall,VL-down|fall,VL,down,prep,27.591375770020534,74
134000000001,VL-down,flash,VL-down|flash,VL,down,prep,44.03285420944559,2
134000000001,VL-down,get,VL-down|get,VL,down,prep,32.03285420944559,3
134000000001,VL-down,go,VL-down|go,VL,down,prep,32.03285420944559,30
134000000001,VL-down,jump,VL-down|jump,VL,down,prep,31.032854209445585,1
134000000001,VL-down,keep,VL-down|keep,VL,down,prep,38.29568788501027,1
134000000001,VL-down,knock,VL-down|knock,VL,down,prep,36.36139630390144,3
134000000001,VL-down,leave,VL-down|leave,VL,down,prep,49.492813141683776,4
134000000001,VL-down,lie,VL-down|lie,VL,down,prep,27.13141683778234,1
134000000001,VL-down,press,VL-down|press,VL,down,prep,30.098562628336754,1
134000000001,VL-down,punch,VL-down|punch,VL,down,prep,36.82135523613963,1
134000000001,VL-down,push,VL-down|push,VL,down,prep,30.098562628336754,4
134000000001,VL-down,put,VL-down|put,VL,down,prep,34.06570841889117,2
134000000001,VL-down,roll,VL-down|roll,VL,down,prep,36.82135523613963,3
134000000001,VL-down,run,VL-down|run,VL,down,prep,36.36139630390144,1
134000000001,VL-down,set,VL-down|set,VL,down,prep,33.591375770020534,1
134000000001,VL-down,ship,VL-down|ship,VL,down,prep,33.13141683778234,1
134000000001,VL-down,sit,VL-down|sit,VL,down,prep,27.13141683778234,28
134000000001,VL-down,slip,VL-down|slip,VL,down,prep,32.525667351129364,1
134000000001,VL-down,stay,VL-down|stay,VL,down,prep,58.75564681724846,1
134000000001,VL-down,stem,VL-down|stem,VL,down,prep,57.06570841889117,1
134000000001,VL-down,truck,VL-down|truck,VL,down,prep,30.098562628336754,1
134000000001,VL-down,walk,VL-down|walk,VL,down,prep,36.82135523613963,5
134000000001,VL-from,come,VL-from|come,VL,from,prep,30.098562628336754,18
134000000001,VL-from,do,VL-from|do,VL,from,prep,41.492813141683776,1
134000000001,VL-from,eat,VL-from|eat,VL,from,prep,32.525667351129364,1
134000000001,VL-from,fall,VL-from|fall,VL,from,prep,41.492813141683776,1
134000000001,VL-from,get,VL-from|get,VL,from,prep,52.03285420944559,1
134000000001,VL-from,jump,VL-from|jump,VL,from,prep,55.03285420944559,1
134000000001,VL-from,move,VL-from|move,VL,from,prep,58.06570841889117,1
134000000001,VL-from,pop,VL-from|pop,VL,from,prep,43.2299794661191,1
134000000001,VL-from,run,VL-from|run,VL,from,prep,44.85420944558521,2
134000000001,VL-from,squeeze,VL-from|squeeze,VL,from,prep,44.459958932238195,3
134000000001,VL-from,walk,VL-from|walk,VL,from,prep,55.95277207392197,1
134000000001,VL-from,want,VL-from|want,VL,from,prep,41.95277207392197,1
134000000001,VL-from,watch,VL-from|watch,VL,from,prep,37.85420944558521,1
134000000001,VL-in,arrow,VL-in|arrow,VL,in,prep,51.29568788501027,1
134000000001,VL-in,bear,VL-in|bear,VL,in,prep,27.13141683778234,1
134000000001,VL-in,blast,VL-in|blast,VL,in,prep,43.2299794661191,2
134000000001,VL-in,block,VL-in|block,VL,in,prep,27.13141683778234,1
134000000001,VL-in,bow,VL-in|bow,VL,in,prep,33.591375770020534,1
134000000001,VL-in,break,VL-in|break,VL,in,prep,55.95277207392197,1
134000000001,VL-in,bump,VL-in|bump,VL,in,prep,41.03285420944559,2
134000000001,VL-in,call,VL-in|call,VL,in,prep,38.29568788501027,1
134000000001,VL-in,color,VL-in|color,VL,in,prep,52.427104722792606,1
134000000001,VL-in,come,VL-in|come,VL,in,prep,32.03285420944559,21
134000000001,VL-in,cover,VL-in|cover,VL,in,prep,58.06570841889117,1
134000000001,VL-in,crash,VL-in|crash,VL,in,prep,38.29568788501027,1
134000000001,VL-in,cry,VL-in|cry,VL,in,prep,39.13141683778234,1
134000000001,VL-in,cut,VL-in|cut,VL,in,prep,53.36139630390144,1
134000000001,VL-in,do,VL-in|do,VL,in,prep,32.525667351129364,2
134000000001,VL-in,drill,VL-in|drill,VL,in,prep,50.558521560574945,1
134000000001,VL-in,drive,VL-in|drive,VL,in,prep,44.85420944558521,3
134000000001,VL-in,drop,VL-in|drop,VL,in,prep,37.29568788501027,5
134000000001,VL-in,end,VL-in|end,VL,in,prep,28.49281314168378,2
134000000001,VL-in,fall,VL-in|fall,VL,in,prep,36.82135523613963,9
134000000001,VL-in,fit,VL-in|fit,VL,in,prep,28.098562628336754,15
134000000001,VL-in,fly,VL-in|fly,VL,in,prep,52.03285420944559,2
134000000001,VL-in,get,VL-in|get,VL,in,prep,27.13141683778234,37
134000000001,VL-in,go,VL-in|go,VL,in,prep,30.098562628336754,63
134000000001,VL-in,hide,VL-in|hide,VL,in,prep,57.06570841889117,1
134000000001,VL-in,hook,VL-in|hook,VL,in,prep,52.03285420944559,1
134000000001,VL-in,hopping,VL-in|hopping,VL,in,prep,34.98562628336756,1
134000000001,VL-in,jump,VL-in|jump,VL,in,prep,37.85420944558521,4
134000000001,VL-in,live,VL-in|live,VL,in,prep,39.13141683778234,6
134000000001,VL-in,lock,VL-in|lock,VL,in,prep,39.13141683778234,4
134000000001,VL-in,look,VL-in|look,VL,in,prep,34.525667351129364,11
134000000001,VL-in,move,VL-in|move,VL,in,prep,51.29568788501027,1
134000000001,VL-in,open,VL-in|open,VL,in,prep,47.459958932238195,1
134000000001,VL-in,pail,VL-in|pail,VL,in,prep,34.525667351129364,1
134000000001,VL-in,park,VL-in|park,VL,in,prep,41.492813141683776,3
134000000001,VL-in,peek,VL-in|peek,VL,in,prep,36.36139630390144,1
134000000001,VL-in,play,VL-in|play,VL,in,prep,36.36139630390144,5
134000000001,VL-in,pour,VL-in|pour,VL,in,prep,52.03285420944559,1
134000000001,VL-in,pretend,VL-in|pretend,VL,in,prep,33.591375770020534,1
134000000001,VL-in,punch,VL-in|punch,VL,in,prep,55.03285420944559,2
134000000001,VL-in,push,VL-in|push,VL,in,prep,58.75564681724846,1
134000000001,VL-in,put,VL-in|put,VL,in,prep,28.098562628336754,19
134000000001,VL-in,rain,VL-in|rain,VL,in,prep,49.492813141683776,1
134000000001,VL-in,ride,VL-in|ride,VL,in,prep,33.13141683778234,5
134000000001,VL-in,run,VL-in|run,VL,in,prep,44.459958932238195,5
134000000001,VL-in,say,VL-in|say,VL,in,prep,50.558521560574945,1
134000000001,VL-in,see,VL-in|see,VL,in,prep,27.13141683778234,4
134000000001,VL-in,seek,VL-in|seek,VL,in,prep,57.06570841889117,1
134000000001,VL-in,sit,VL-in|sit,VL,in,prep,27.13141683778234,10
134000000001,VL-in,sleep,VL-in|sleep,VL,in,prep,34.98562628336756,8
134000000001,VL-in,spill,VL-in|spill,VL,in,prep,43.2299794661191,1
134000000001,VL-in,stand,VL-in|stand,VL,in,prep,39.591375770020534,3
134000000001,VL-in,stay,VL-in|stay,VL,in,prep,36.82135523613963,8
134000000001,VL-in,step,VL-in|step,VL,in,prep,40.03285420944559,1
134000000001,VL-in,stop,VL-in|stop,VL,in,prep,49.492813141683776,1
134000000001,VL-in,swim,VL-in|swim,VL,in,prep,36.82135523613963,2
134000000001,VL-in,take,VL-in|take,VL,in,prep,32.525667351129364,1
134000000001,VL-in,throw,VL-in|throw,VL,in,prep,36.82135523613963,1
134000000001,VL-in,tip,VL-in|tip,VL,in,prep,41.95277207392197,1
134000000001,VL-in,tuck,VL-in|tuck,VL,in,prep,58.75564681724846,1
134000000001,VL-in,wake,VL-in|wake,VL,in,prep,46.492813141683776,2
134000000001,VL-in,walk,VL-in|walk,VL,in,prep,39.13141683778234,2
134000000001,VL-in,work,VL-in|work,VL,in,prep,48.459958932238195,2
134000000001,VL-in,write,VL-in|write,VL,in,prep,32.03285420944559,2
134000000001,VL-into,bump,VL-into|bump,VL,into,prep,50.558521560574945,1
134000000001,VL-into,crash,VL-into|crash,VL,into,prep,47.459958932238195,1
134000000001,VL-into,get,VL-into|get,VL,into,prep,57.06570841889117,1
134000000001,VL-into,go,VL-into|go,VL,into,prep,39.591375770020534,3
134000000001,VL-into,jump,VL-into|jump,VL,into,prep,39.591375770020534,3
134000000001,VL-into,run,VL-into|run,VL,into,prep,40.591375770020534,2
134000000001,VL-into,turn,VL-into|turn,VL,into,prep,44.85420944558521,5
134000000001,VL-near,come,VL-near|come,VL,near,prep,62.394250513347025,1
134000000001,VL-near,fall,VL-near|fall,VL,near,prep,36.82135523613963,1
134000000001,VL-near,go,VL-near|go,VL,near,prep,36.82135523613963,2
134000000001,VL-near,throw,VL-near|throw,VL,near,prep,35.91991786447639,1
134000000001,VL-off,blast,VL-off|blast,VL,off,prep,37.29568788501027,4
134000000001,VL-off,come,VL-off|come,VL,off,prep,38.29568788501027,18
134000000001,VL-off,drive,VL-off|drive,VL,off,prep,45.525667351129364,6
134000000001,VL-off,fail,VL-off|fail,VL,off,prep,51.29568788501027,1
134000000001,VL-off,fall,VL-off|fall,VL,off,prep,38.29568788501027,33
134000000001,VL-off,fly,VL-off|fly,VL,off,prep,45.525667351129364,1
134000000001,VL-off,get,VL-off|get,VL,off,prep,39.591375770020534,14
134000000001,VL-off,go,VL-off|go,VL,off,prep,37.85420944558521,4
134000000001,VL-off,jump,VL-off|jump,VL,off,prep,62.394250513347025,1
134000000001,VL-off,keep,VL-off|keep,VL,off,prep,46.492813141683776,1
134000000001,VL-off,lock,VL-off|lock,VL,off,prep,39.13141683778234,1
134000000001,VL-off,pull,VL-off|pull,VL,off,prep,46.492813141683776,1
134000000001,VL-off,ride,VL-off|ride,VL,off,prep,45.525667351129364,2
134000000001,VL-off,roll,VL-off|roll,VL,off,prep,37.29568788501027,1
134000000001,VL-off,swing,VL-off|swing,VL,off,prep,50.558521560574945,1
134000000001,VL-off,take,VL-off|take,VL,off,prep,27.591375770020534,27
134000000001,VL-off,turn,VL-off|turn,VL,off,prep,34.98562628336756,2
134000000001,VL-off,wash,VL-off|wash,VL,off,prep,36.36139630390144,1
134000000001,VL-off,wipe,VL-off|wipe,VL,off,prep,27.591375770020534,5
134000000001,VL-on,boot,VL-on|boot,VL,on,prep,28.985626283367555,4
134000000001,VL-on,catch,VL-on|catch,VL,on,prep,34.525667351129364,2
134000000001,VL-on,chew,VL-on|chew,VL,on,prep,39.13141683778234,4
134000000001,VL-on,color,VL-on|color,VL,on,prep,58.06570841889117,1
134000000001,VL-on,come,VL-on|come,VL,on,prep,27.13141683778234,51
134000000001,VL-on,cook,VL-on|cook,VL,on,prep,39.591375770020534,1
134000000001,VL-on,cow,VL-on|cow,VL,on,prep,33.13141683778234,1
134000000001,VL-on,cut,VL-on|cut,VL,on,prep,44.03285420944559,4
134000000001,VL-on,do,VL-on|do,VL,on,prep,33.13141683778234,3
134000000001,VL-on,draw,VL-on|draw,VL,on,prep,38.68993839835729,3
134000000001,VL-on,drip,VL-on|drip,VL,on,prep,34.525667351129364,1
134000000001,VL-on,drive,VL-on|drive,VL,on,prep,37.29568788501027,4
134000000001,VL-on,drop,VL-on|drop,VL,on,prep,35.427104722792606,1
134000000001,VL-on,eat,VL-on|eat,VL,on,prep,39.591375770020534,1
134000000001,VL-on,fall,VL-on|fall,VL,on,prep,36.36139630390144,11
134000000001,VL-on,fly,VL-on|fly,VL,on,prep,34.98562628336756,3
134000000001,VL-on,follow,VL-on|follow,VL,on,prep,39.591375770020534,1
134000000001,VL-on,get,VL-on|get,VL,on,prep,30.098562628336754,29
134000000001,VL-on,go,VL-on|go,VL,on,prep,29.39425051334702,38
134000000001,VL-on,hang,VL-on|hang,VL,on,prep,34.98562628336756,1
134000000001,VL-on,have,VL-on|have,VL,on,prep,52.03285420944559,1
134000000001,VL-on,hear,VL-on|hear,VL,on,prep,54.78850102669404,1
134000000001,VL-on,hold,VL-on|hold,VL,on,prep,54.78850102669404,2
134000000001,VL-on,jump,VL-on|jump,VL,on,prep,39.591375770020534,4
134000000001,VL-on,keep,VL-on|keep,VL,on,prep,31.459958932238195,4
134000000001,VL-on,knock,VL-on|knock,VL,on,prep,37.29568788501027,2
134000000001,VL-on,lean,VL-on|lean,VL,on,prep,41.95277207392197,1
134000000001,VL-on,leave,VL-on|leave,VL,on,prep,58.75564681724846,1
134000000001,VL-on,live,VL-on|live,VL,on,prep,42.29568788501027,5
134000000001,VL-on,look,VL-on|look,VL,on,prep,31.032854209445585,3
134000000001,VL-on,need,VL-on|need,VL,on,prep,31.459958932238195,1
134000000001,VL-on,paint,VL-on|paint,VL,on,prep,39.591375770020534,3
134000000001,VL-on,play,VL-on|play,VL,on,prep,36.82135523613963,2
134000000001,VL-on,put,VL-on|put,VL,on,prep,27.13141683778234,23
134000000001,VL-on,ride,VL-on|ride,VL,on,prep,37.29568788501027,15
134000000001,VL-on,rock,VL-on|rock,VL,on,prep,35.91991786447639,4
134000000001,VL-on,run,VL-on|run,VL,on,prep,40.591375770020534,1
134000000001,VL-on,say,VL-on|say,VL,on,prep,52.03285420944559,1
134000000001,VL-on,see,VL-on|see,VL,on,prep,34.98562628336756,6
134000000001,VL-on,shame,VL-on|shame,VL,on,prep,29.39425051334702,10
134000000001,VL-on,shoot,VL-on|shoot,VL,on,prep,46.492813141683776,1
134000000001,VL-on,sit,VL-on|sit,VL,on,prep,30.098562628336754,31
134000000001,VL-on,sleep,VL-on|sleep,VL,on,prep,39.591375770020534,4
134000000001,VL-on,slide,VL-on|slide,VL,on,prep,49.492813141683776,2
134000000001,VL-on,spray,VL-on|spray,VL,on,prep,43.2299794661191,1
134000000001,VL-on,spur,VL-on|spur,VL,on,prep,29.39425051334702,3
134000000001,VL-on,stand,VL-on|stand,VL,on,prep,35.427104722792606,3
134000000001,VL-on,stay,VL-on|stay,VL,on,prep,43.2299794661191,6
134000000001,VL-on,step,VL-on|step,VL,on,prep,34.525667351129364,19
134000000001,VL-on,stick,VL-on|stick,VL,on,prep,62.394250513347025,1
134000000001,VL-on,stop,VL-on|stop,VL,on,prep,42.29568788501027,3
134000000001,VL-on,tell,VL-on|tell,VL,on,prep,50.558521560574945,1
134000000001,VL-on,throw,VL-on|throw,VL,on,prep,43.2299794661191,1
134000000001,VL-on,turn,VL-on|turn,VL,on,prep,28.098562628336754,8
134000000001,VL-on,urinate,VL-on|urinate,VL,on,prep,40.03285420944559,1
134000000001,VL-on,walk,VL-on|walk,VL,on,prep,38.68993839835729,4
134000000001,VL-on,want,VL-on|want,VL,on,prep,34.98562628336756,2
134000000001,VL-on,work,VL-on|work,VL,on,prep,46.492813141683776,3
134000000001,VL-on,write,VL-on|write,VL,on,prep,27.13141683778234,8
134000000001,VL-over,come,VL-over|come,VL,over,prep,40.03285420944559,6
134000000001,VL-over,crawl,VL-over|crawl,VL,over,prep,42.29568788501027,2
134000000001,VL-over,eat,VL-over|eat,VL,over,prep,39.591375770020534,4
134000000001,VL-over,fall,VL-over|fall,VL,over,prep,37.29568788501027,2
134000000001,VL-over,fly,VL-over|fly,VL,over,prep,34.98562628336756,3
134000000001,VL-over,get,VL-over|get,VL,over,prep,27.13141683778234,3
134000000001,VL-over,go,VL-over|go,VL,over,prep,29.39425051334702,24
134000000001,VL-over,jump,VL-over|jump,VL,over,prep,32.03285420944559,10
134000000001,VL-over,knock,VL-over|knock,VL,over,prep,28.49281314168378,5
134000000001,VL-over,look,VL-over|look,VL,over,prep,42.29568788501027,2
134000000001,VL-over,move,VL-over|move,VL,over,prep,39.591375770020534,1
134000000001,VL-over,park,VL-over|park,VL,over,prep,36.36139630390144,1
134000000001,VL-over,ride,VL-over|ride,VL,over,prep,30.55852156057495,3
134000000001,VL-over,roll,VL-over|roll,VL,over,prep,37.29568788501027,6
134000000001,VL-over,run,VL-over|run,VL,over,prep,36.82135523613963,16
134000000001,VL-over,sit,VL-over|sit,VL,over,prep,31.032854209445585,3
134000000001,VL-over,sleep,VL-over|sleep,VL,over,prep,34.98562628336756,1
134000000001,VL-over,stand,VL-over|stand,VL,over,prep,42.29568788501027,1
134000000001,VL-over,step,VL-over|step,VL,over,prep,39.13141683778234,2
134000000001,VL-over,throw,VL-over|throw,VL,over,prep,33.591375770020534,1
134000000001,VL-over,tip,VL-over|tip,VL,over,prep,41.95277207392197,6
134000000001,VL-over,turn,VL-over|turn,VL,over,prep,28.49281314168378,23
134000000001,VL-over,walk,VL-over|walk,VL,over,prep,62.394250513347025,1
134000000001,VL-through,come,VL-through|come,VL,through,prep,38.68993839835729,3
134000000001,VL-through,get,VL-through|get,VL,through,prep,58.06570841889117,1
134000000001,VL-through,go,VL-through|go,VL,through,prep,37.29568788501027,5
134000000001,VL-through,jump,VL-through|jump,VL,through,prep,41.95277207392197,9
134000000001,VL-through,look,VL-through|look,VL,through,prep,36.82135523613963,2
134000000001,VL-through,put,VL-through|put,VL,through,prep,47.03285420944559,1
134000000001,VL-to,belong,VL-to|belong,VL,to,prep,39.591375770020534,2
134000000001,VL-to,break,VL-to|break,VL,to,prep,37.29568788501027,1
134000000001,VL-to,build,VL-to|build,VL,to,prep,40.591375770020534,1
134000000001,VL-to,come,VL-to|come,VL,to,prep,62.394250513347025,1
134000000001,VL-to,do,VL-to|do,VL,to,prep,40.03285420944559,7
134000000001,VL-to,drive,VL-to|drive,VL,to,prep,42.29568788501027,1
134000000001,VL-to,eat,VL-to|eat,VL,to,prep,39.591375770020534,4
134000000001,VL-to,get,VL-to|get,VL,to,prep,42.29568788501027,3
134000000001,VL-to,give,VL-to|give,VL,to,prep,37.29568788501027,1
134000000001,VL-to,go,VL-to|go,VL,to,prep,27.13141683778234,94
134000000001,VL-to,happen,VL-to|happen,VL,to,prep,32.03285420944559,4
134000000001,VL-to,hold,VL-to|hold,VL,to,prep,53.36139630390144,1
134000000001,VL-to,hop,VL-to|hop,VL,to,prep,34.98562628336756,1
134000000001,VL-to,jump,VL-to|jump,VL,to,prep,36.82135523613963,5
134000000001,VL-to,listen,VL-to|listen,VL,to,prep,39.591375770020534,7
134000000001,VL-to,live,VL-to|live,VL,to,prep,41.03285420944559,1
134000000001,VL-to,move,VL-to|move,VL,to,prep,52.03285420944559,1
134000000001,VL-to,put,VL-to|put,VL,to,prep,41.492813141683776,1
134000000001,VL-to,run,VL-to|run,VL,to,prep,36.82135523613963,2
134000000001,VL-to,say,VL-to|say,VL,to,prep,37.29568788501027,2
134000000001,VL-to,send,VL-to|send,VL,to,prep,55.03285420944559,1
134000000001,VL-to,show,VL-to|show,VL,to,prep,50.558521560574945,1
134000000001,VL-to,sit,VL-to|sit,VL,to,prep,40.03285420944559,1
134000000001,VL-to,stalk,VL-to|stalk,VL,to,prep,39.591375770020534,1
134000000001,VL-to,stick,VL-to|stick,VL,to,prep,42.29568788501027,1
134000000001,VL-to,talk,VL-to|talk,VL,to,prep,34.06570841889117,20
134000000001,VL-to,turn,VL-to|turn,VL,to,prep,40.03285420944559,4
134000000001,VL-to,walk,VL-to|walk,VL,to,prep,37.85420944558521,2
134000000001,VL-under,crawl,VL-under|crawl,VL,under,prep,46.492813141683776,1
134000000001,VL-under,get,VL-under|get,VL,under,prep,38.68993839835729,3
134000000001,VL-under,go,VL-under|go,VL,under,prep,31.032854209445585,12
134000000001,VL-under,hide,VL-under|hide,VL,under,prep,49.492813141683776,2
134000000001,VL-under,look,VL-under|look,VL,under,prep,36.82135523613963,1
134000000001,VL-under,play,VL-under|play,VL,under,prep,37.29568788501027,1
134000000001,VL-under,stay,VL-under|stay,VL,under,prep,49.492813141683776,1
134000000001,VO,afraid,VO|afraid,VO,,schematic,45.525667351129364,1
134000000001,VO,aim,VO|aim,VO,,schematic,55.03285420944559,1
134000000001,VO,ask,VO|ask,VO,,schematic,38.29568788501027,2
134000000001,VO,attach,VO|attach,VO,,schematic,41.95277207392197,1
134000000001,VO,baby,VO|baby,VO,,schematic,35.427104722792606,1
134000000001,VO,back,VO|back,VO,,schematic,52.427104722792606,1
134000000001,VO,bake,VO|bake,VO,,schematic,36.36139630390144,4
134000000001,VO,bang,VO|bang,VO,,schematic,36.36139630390144,2
134000000001,VO,bear,VO|bear,VO,,schematic,27.591375770020534,1
134000000001,VO,beat,VO|beat,VO,,schematic,27.13141683778234,27
134000000001,VO,begin,VO|begin,VO,,schematic,62.394250513347025,1
134000000001,VO,believe,VO|believe,VO,,schematic,51.29568788501027,2
134000000001,VO,belong,VO|belong,VO,,schematic,28.098562628336754,15
134000000001,VO,bend,VO|bend,VO,,schematic,55.95277207392197,3
134000000001,VO,bending,VO|bending,VO,,schematic,35.91991786447639,1
134000000001,VO,bet,VO|bet,VO,,schematic,35.427104722792606,1
134000000001,VO,bite,VO|bite,VO,,schematic,27.13141683778234,24
134000000001,VO,bless,VO|bless,VO,,schematic,47.03285420944559,1
134000000001,VO,blow,VO|blow,VO,,schematic,27.591375770020534,85
134000000001,VO,boil,VO|boil,VO,,schematic,39.591375770020534,1
134000000001,VO,book,VO|book,VO,,schematic,27.13141683778234,2
134000000001,VO,borrow,VO|borrow,VO,,schematic,48.459958932238195,1
134000000001,VO,bother,VO|bother,VO,,schematic,43.2299794661191,9
134000000001,VO,bowl,VO|bowl,VO,,schematic,44.85420944558521,1
134000000001,VO,box,VO|box,VO,,schematic,54.78850102669404,1
134000000001,VO,break,VO|break,VO,,schematic,27.591375770020534,92
134000000001,VO,bring,VO|bring,VO,,schematic,30.098562628336754,25
134000000001,VO,brush,VO|brush,VO,,schematic,39.591375770020534,4
134000000001,VO,bucket,VO|bucket,VO,,schematic,31.459958932238195,1
134000000001,VO,build,VO|build,VO,,schematic,29.39425051334702,23
134000000001,VO,bumble,VO|bumble,VO,,schematic,29.39425051334702,1
134000000001,VO,bump,VO|bump,VO,,schematic,35.91991786447639,3
134000000001,VO,burn,VO|burn,VO,,schematic,34.525667351129364,12
134000000001,VO,bust,VO|bust,VO,,schematic,45.525667351129364,1
134000000001,VO,buy,VO|buy,VO,,schematic,27.591375770020534,59
134000000001,VO,call,VO|call,VO,,schematic,27.591375770020534,59
134000000001,VO,calling,VO|calling,VO,,schematic,54.78850102669404,1
134000000001,VO,carry,VO|carry,VO,,schematic,28.985626283367555,29
134000000001,VO,catch,VO|catch,VO,,schematic,28.985626283367555,81
134000000001,VO,catching,VO|catching,VO,,schematic,52.427104722792606,1
134000000001,VO,chain,VO|chain,VO,,schematic,58.75564681724846,2
134000000001,VO,change,VO|change,VO,,schematic,27.13141683778234,27
134000000001,VO,chase,VO|chase,VO,,schematic,44.85420944558521,3
134000000001,VO,check,VO|check,VO,,schematic,28.098562628336754,15
134000000001,VO,chew,VO|chew,VO,,schematic,27.13141683778234,8
134000000001,VO,choose,VO|choose,VO,,schematic,36.82135523613963,1
134000000001,VO,chop,VO|chop,VO,,schematic,44.85420944558521,1
134000000001,VO,chug,VO|chug,VO,,schematic,34.06570841889117,8
134000000001,VO,clean,VO|clean,VO,,schematic,36.36139630390144,7
134000000001,VO,climb,VO|climb,VO,,schematic,27.13141683778234,12
134000000001,VO,close,VO|close,VO,,schematic,28.49281314168378,31
134000000001,VO,color,VO|color,VO,,schematic,38.68993839835729,12
134000000001,VO,colore,VO|colore,VO,,schematic,39.13141683778234,2
134000000001,VO,comb,VO|comb,VO,,schematic,35.91991786447639,3
134000000001,VO,come,VO|come,VO,,schematic,27.13141683778234,47
134000000001,VO,cook,VO|cook,VO,,schematic,31.032854209445585,23
134000000001,VO,copy,VO|copy,VO,,schematic,27.13141683778234,1
134000000001,VO,count,VO|count,VO,,schematic,49.492813141683776,4
134000000001,VO,cover,VO|cover,VO,,schematic,52.03285420944559,7
134000000001,VO,crack,VO|crack,VO,,schematic,34.525667351129364,2
134000000001,VO,crash,VO|crash,VO,,schematic,46.492813141683776,3
134000000001,VO,crawl,VO|crawl,VO,,schematic,28.098562628336754,1
134000000001,VO,cross,VO|cross,VO,,schematic,31.032854209445585,6
134000000001,VO,cry,VO|cry,VO,,schematic,31.459958932238195,8
134000000001,VO,curl,VO|curl,VO,,schematic,43.2299794661191,1
134000000001,VO,cut,VO|cut,VO,,schematic,28.098562628336754,105
134000000001,VO,dance,VO|dance,VO,,schematic,31.459958932238195,5
134000000001,VO,dial,VO|dial,VO,,schematic,50.558521560574945,1
134000000001,VO,dig,VO|dig,VO,,schematic,31.459958932238195,11
134000000001,VO,digg,VO|digg,VO,,schematic,44.03285420944559,1
134000000001,VO,disturb,VO|disturb,VO,,schematic,50.558521560574945,1
134000000001,VO,do,VO|do,VO,,schematic,27.13141683778234,446
134000000001,VO,doggie,VO|doggie,VO,,schematic,29.39425051334702,1
134000000001,VO,drain,VO|drain,VO,,schematic,28.49281314168378,1
134000000001,VO,draw,VO|draw,VO,,schematic,27.13141683778234,76
134000000001,VO,dress,VO|dress,VO,,schematic,35.91991786447639,2
134000000001,VO,drill,VO|drill,VO,,schematic,50.558521560574945,6
134000000001,VO,drink,VO|drink,VO,,schematic,27.13141683778234,30
134000000001,VO,drive,VO|drive,VO,,schematic,27.13141683778234,63
134000000001,VO,drop,VO|drop,VO,,schematic,28.098562628336754,93
134000000001,VO,drum,VO|drum,VO,,schematic,37.85420944558521,1
134000000001,VO,dump,VO|dump,VO,,schematic,33.13141683778234,14
134000000001,VO,d–ddoe,VO|d–ddoe,VO,,schematic,43.2299794661191,1
134000000001,VO,eat,VO|eat,VO,,schematic,27.13141683778234,192
134000000001,VO,eating,VO|eating,VO,,schematic,49.492813141683776,1
134000000001,VO,examine,VO|examine,VO,,schematic,40.03285420944559,1
134000000001,VO,excuse,VO|excuse,VO,,schematic,27.591375770020534,22
134000000001,VO,exercise,VO|exercise,VO,,schematic,32.525667351129364,1
134000000001,VO,face,VO|face,VO,,schematic,32.525667351129364,1
134000000001,VO,fall,VO|fall,VO,,schematic,27.13141683778234,12
134000000001,VO,falling,VO|falling,VO,,schematic,52.03285420944559,1
134000000001,VO,fast,VO|fast,VO,,schematic,29.39425051334702,1
134000000001,VO,feather,VO|feather,VO,,schematic,54.78850102669404,2
134000000001,VO,feed,VO|feed,VO,,schematic,32.525667351129364,10
134000000001,VO,feel,VO|feel,VO,,schematic,36.82135523613963,4
134000000001,VO,fetch,VO|fetch,VO,,schematic,43.2299794661191,1
134000000001,VO,fight,VO|fight,VO,,schematic,30.55852156057495,20
134000000001,VO,fill,VO|fill,VO,,schematic,54.78850102669404,4
134000000001,VO,find,VO|find,VO,,schematic,27.13141683778234,134
134000000001,VO,finish,VO|finish,VO,,schematic,30.55852156057495,15
134000000001,VO,fire,VO|fire,VO,,schematic,54.78850102669404,1
134000000001,VO,fish,VO|fish,VO,,schematic,39.13141683778234,1
134000000001,VO,fit,VO|fit,VO,,schematic,35.427104722792606,4
134000000001,VO,fix,VO|fix,VO,,schematic,27.591375770020534,65
134000000001,VO,flash,VO|flash,VO,,schematic,36.82135523613963,5
134000000001,VO,fly,VO|fly,VO,,schematic,28.985626283367555,20
134000000001,VO,fold,VO|fold,VO,,schematic,32.03285420944559,35
134000000001,VO,follow,VO|follow,VO,,schematic,39.591375770020534,7
134000000001,VO,forget,VO|forget,VO,,schematic,38.68993839835729,15
134000000001,VO,frighten,VO|frighten,VO,,schematic,32.03285420944559,13
134000000001,VO,fry,VO|fry,VO,,schematic,44.03285420944559,1
134000000001,VO,get,VO|get,VO,,schematic,27.13141683778234,723
134000000001,VO,gimme,VO|gimme,VO,,schematic,41.492813141683776,1
134000000001,VO,give,VO|give,VO,,schematic,27.13141683778234,25
134000000001,VO,glue,VO|glue,VO,,schematic,43.2299794661191,1
134000000001,VO,go,VO|go,VO,,schematic,27.13141683778234,209
134000000001,VO,goodbye,VO|goodbye,VO,,schematic,42.29568788501027,1
134000000001,VO,goool,VO|goool,VO,,schematic,44.459958932238195,6
134000000001,VO,grab,VO|grab,VO,,schematic,53.36139630390144,1
134000000001,VO,grow,VO|grow,VO,,schematic,28.985626283367555,2
134000000001,VO,guess,VO|guess,VO,,schematic,41.492813141683776,6
134000000001,VO,haft,VO|haft,VO,,schematic,48.459958932238195,1
134000000001,VO,handle,VO|handle,VO,,schematic,52.03285420944559,1
134000000001,VO,hang,VO|hang,VO,,schematic,33.591375770020534,18
134000000001,VO,happen,VO|happen,VO,,schematic,28.098562628336754,12
134000000001,VO,have,VO|have,VO,,schematic,28.098562628336754,816
134000000001,VO,hear,VO|hear,VO,,schematic,27.13141683778234,31
134000000001,VO,help,VO|help,VO,,schematic,31.032854209445585,27
134000000001,VO,hit,VO|hit,VO,,schematic,27.13141683778234,90
134000000001,VO,hold,VO|hold,VO,,schematic,27.13141683778234,66
134000000001,VO,honey,VO|honey,VO,,schematic,35.91991786447639,1
134000000001,VO,hop,VO|hop,VO,,schematic,27.13141683778234,3
134000000001,VO,hope,VO|hope,VO,,schematic,41.95277207392197,2
134000000001,VO,hopping,VO|hopping,VO,,schematic,34.98562628336756,1
134000000001,VO,hug,VO|hug,VO,,schematic,34.525667351129364,3
134000000001,VO,hurry,VO|hurry,VO,,schematic,28.49281314168378,1
134000000001,VO,hurt,VO|hurt,VO,,schematic,27.591375770020534,64
134000000001,VO,ice,VO|ice,VO,,schematic,28.098562628336754,1
134000000001,VO,invite,VO|invite,VO,,schematic,52.03285420944559,1
134000000001,VO,jingle,VO|jingle,VO,,schematic,42.29568788501027,2
134000000001,VO,jump,VO|jump,VO,,schematic,33.13141683778234,11
134000000001,VO,keep,VO|keep,VO,,schematic,27.13141683778234,105
134000000001,VO,kick,VO|kick,VO,,schematic,27.591375770020534,16
134000000001,VO,kid,VO|kid,VO,,schematic,40.591375770020534,4
134000000001,VO,kill,VO|kill,VO,,schematic,43.2299794661191,23
134000000001,VO,kiss,VO|kiss,VO,,schematic,31.032854209445585,8
134000000001,VO,knock,VO|knock,VO,,schematic,36.82135523613963,35
134000000001,VO,know,VO|know,VO,,schematic,28.49281314168378,179
134000000001,VO,laugh,VO|laugh,VO,,schematic,29.39425051334702,3
134000000001,VO,lay,VO|lay,VO,,schematic,38.29568788501027,1
134000000001,VO,learn,VO|learn,VO,,schematic,35.91991786447639,5
134000000001,VO,leave,VO|leave,VO,,schematic,30.098562628336754,44
134000000001,VO,let,VO|let,VO,,schematic,30.098562628336754,373
134000000001,VO,lick,VO|lick,VO,,schematic,37.85420944558521,2
134000000001,VO,lie,VO|lie,VO,,schematic,38.68993839835729,1
134000000001,VO,lift,VO|lift,VO,,schematic,35.91991786447639,3
134000000001,VO,like,VO|like,VO,,schematic,27.13141683778234,176
134000000001,VO,listen,VO|listen,VO,,schematic,28.098562628336754,5
134000000001,VO,live,VO|live,VO,,schematic,31.459958932238195,7
134000000001,VO,load,VO|load,VO,,schematic,58.75564681724846,1
134000000001,VO,lock,VO|lock,VO,,schematic,44.03285420944559,14
134000000001,VO,look,VO|look,VO,,schematic,27.13141683778234,145
134000000001,VO,lookit,VO|lookit,VO,,schematic,62.394250513347025,3
134000000001,VO,lose,VO|lose,VO,,schematic,27.591375770020534,38
134000000001,VO,love,VO|love,VO,,schematic,27.591375770020534,33
134000000001,VO,mail,VO|mail,VO,,schematic,38.68993839835729,4
134000000001,VO,make,VO|make,VO,,schematic,27.13141683778234,552
134000000001,VO,marry,VO|marry,VO,,schematic,36.82135523613963,6
134000000001,VO,mash,VO|mash,VO,,schematic,44.85420944558521,4
134000000001,VO,match,VO|match,VO,,schematic,35.91991786447639,8
134000000001,VO,mean,VO|mean,VO,,schematic,46.492813141683776,10
134000000001,VO,measure,VO|measure,VO,,schematic,38.68993839835729,1
134000000001,VO,meet,VO|meet,VO,,schematic,37.85420944558521,1
134000000001,VO,mess,VO|mess,VO,,schematic,30.098562628336754,5
134000000001,VO,miss,VO|miss,VO,,schematic,28.49281314168378,46
134000000001,VO,mix,VO|mix,VO,,schematic,35.427104722792606,17
134000000001,VO,mocking,VO|mocking,VO,,schematic,37.29568788501027,4
134000000001,VO,mommy,VO|mommy,VO,,schematic,49.492813141683776,1
134000000001,VO,move,VO|move,VO,,schematic,27.13141683778234,44
134000000001,VO,name,VO|name,VO,,schematic,31.459958932238195,2
134000000001,VO,need,VO|need,VO,,schematic,29.39425051334702,226
134000000001,VO,needta,VO|needta,VO,,schematic,57.06570841889117,1
134000000001,VO,nextt,VO|nextt,VO,,schematic,41.492813141683776,3
134000000001,VO,nurse,VO|nurse,VO,,schematic,36.82135523613963,1
134000000001,VO,obey,VO|obey,VO,,schematic,40.591375770020534,1
134000000001,VO,oo,VO|oo,VO,,schematic,36.82135523613963,1
134000000001,VO,open,VO|open,VO,,schematic,27.13141683778234,135
134000000001,VO,pack,VO|pack,VO,,schematic,30.55852156057495,15
134000000001,VO,paint,VO|paint,VO,,schematic,29.39425051334702,21
134000000001,VO,park,VO|park,VO,,schematic,40.591375770020534,12
134000000001,VO,part,VO|part,VO,,schematic,33.13141683778234,1
134000000001,VO,pass,VO|pass,VO,,schematic,48.459958932238195,1
134000000001,VO,pat,VO|pat,VO,,schematic,34.98562628336756,1
134000000001,VO,pay,VO|pay,VO,,schematic,32.03285420944559,6
134000000001,VO,peek,VO|peek,VO,,schematic,32.03285420944559,6
134000000001,VO,pick,VO|pick,VO,,schematic,27.13141683778234,48
134000000001,VO,pickle,VO|pickle,VO,,schematic,34.06570841889117,3
134000000001,VO,piece,VO|piece,VO,,schematic,30.098562628336754,2
134000000001,VO,plant,VO|plant,VO,,schematic,42.29568788501027,2
134000000001,VO,play,VO|play,VO,,schematic,27.13141683778234,270
134000000001,VO,plug,VO|plug,VO,,schematic,55.95277207392197,1
134000000001,VO,point,VO|point,VO,,schematic,31.459958932238195,1
134000000001,VO,pop,VO|pop,VO,,schematic,31.032854209445585,5
134000000001,VO,pounce,VO|pounce,VO,,schematic,31.032854209445585,2
134000000001,VO,pour,VO|pour,VO,,schematic,39.591375770020534,8
134000000001,VO,prepare,VO|prepare,VO,,schematic,40.591375770020534,2
134000000001,VO,press,VO|press,VO,,schematic,32.03285420944559,15
134000000001,VO,pretend,VO|pretend,VO,,schematic,33.591375770020534,3
134000000001,VO,pull,VO|pull,VO,,schematic,27.13141683778234,47
134000000001,VO,pump,VO|pump,VO,,schematic,58.75564681724846,4
134000000001,VO,punch,VO|punch,VO,,schematic,31.032854209445585,36
134000000001,VO,push,VO|push,VO,,schematic,30.098562628336754,73
134000000001,VO,put,VO|put,VO,,schematic,27.13141683778234,429
134000000001,VO,race,VO|race,VO,,schematic,44.459958932238195,3
134000000001,VO,rain,VO|rain,VO,,schematic,39.13141683778234,2
134000000001,VO,raise,VO|raise,VO,,schematic,39.13141683778234,1
134000000001,VO,reach,VO|reach,VO,,schematic,38.29568788501027,8
134000000001,VO,read,VO|read,VO,,schematic,27.13141683778234,111
134000000001,VO,recognize,VO|recognize,VO,,schematic,47.459958932238195,13
134000000001,VO,reel,VO|reel,VO,,schematic,28.985626283367555,1
134000000001,VO,remember,VO|remember,VO,,schematic,34.06570841889117,4
134000000001,VO,repair,VO|repair,VO,,schematic,47.459958932238195,1
134000000001,VO,ride,VO|ride,VO,,schematic,27.13141683778234,54
134000000001,VO,ring,VO|ring,VO,,schematic,38.29568788501027,2
134000000001,VO,rock,VO|rock,VO,,schematic,34.98562628336756,2
134000000001,VO,roll,VO|roll,VO,,schematic,28.985626283367555,17
134000000001,VO,rope,VO|rope,VO,,schematic,33.591375770020534,2
134000000001,VO,run,VO|run,VO,,schematic,28.985626283367555,3
134000000001,VO,rustle,VO|rustle,VO,,schematic,36.82135523613963,1
134000000001,VO,sail,VO|sail,VO,,schematic,44.459958932238195,1
134000000001,VO,save,VO|save,VO,,schematic,29.39425051334702,20
134000000001,VO,say,VO|say,VO,,schematic,28.985626283367555,92
134000000001,VO,scare,VO|scare,VO,,schematic,41.95277207392197,6
134000000001,VO,sceak,VO|sceak,VO,,schematic,46.492813141683776,1
134000000001,VO,score,VO|score,VO,,schematic,55.03285420944559,2
134000000001,VO,scratch,VO|scratch,VO,,schematic,28.098562628336754,6
134000000001,VO,screw,VO|screw,VO,,schematic,33.13141683778234,9
134000000001,VO,see,VO|see,VO,,schematic,27.13141683778234,489
134000000001,VO,sell,VO|sell,VO,,schematic,38.29568788501027,1
134000000001,VO,send,VO|send,VO,,schematic,32.03285420944559,4
134000000001,VO,serve,VO|serve,VO,,schematic,37.85420944558521,4
134000000001,VO,set,VO|set,VO,,schematic,31.032854209445585,11
134000000001,VO,sew,VO|sew,VO,,schematic,37.29568788501027,4
134000000001,VO,shake,VO|shake,VO,,schematic,27.13141683778234,5
134000000001,VO,shame,VO|shame,VO,,schematic,29.39425051334702,1
134000000001,VO,shape,VO|shape,VO,,schematic,41.03285420944559,1
134000000001,VO,share,VO|share,VO,,schematic,39.591375770020534,8
134000000001,VO,shell,VO|shell,VO,,schematic,37.29568788501027,3
134000000001,VO,shine,VO|shine,VO,,schematic,39.13141683778234,2
134000000001,VO,shoot,VO|shoot,VO,,schematic,30.55852156057495,63
134000000001,VO,show,VO|show,VO,,schematic,28.098562628336754,41
134000000001,VO,shut,VO|shut,VO,,schematic,41.95277207392197,4
134000000001,VO,sick,VO|sick,VO,,schematic,55.95277207392197,1
134000000001,VO,sing,VO|sing,VO,,schematic,29.39425051334702,28
134000000001,VO,sit,VO|sit,VO,,schematic,27.13141683778234,19
134000000001,VO,skate,VO|skate,VO,,schematic,30.098562628336754,1
134000000001,VO,sleep,VO|sleep,VO,,schematic,31.032854209445585,2
134000000001,VO,slide,VO|slide,VO,,schematic,57.06570841889117,2
134000000001,VO,smash,VO|smash,VO,,schematic,36.82135523613963,1
134000000001,VO,smell,VO|smell,VO,,schematic,36.82135523613963,3
134000000001,VO,snap,VO|snap,VO,,schematic,34.98562628336756,4
134000000001,VO,snow,VO|snow,VO,,schematic,32.525667351129364,2
134000000001,VO,spank,VO|spank,VO,,schematic,32.03285420944559,10
134000000001,VO,spell,VO|spell,VO,,schematic,31.032854209445585,10
134000000001,VO,spend,VO|spend,VO,,schematic,44.85420944558521,1
134000000001,VO,spill,VO|spill,VO,,schematic,32.525667351129364,13
134000000001,VO,spit,VO|spit,VO,,schematic,54.78850102669404,1
134000000001,VO,split,VO|split,VO,,schematic,48.459958932238195,1
134000000001,VO,spoon,VO|spoon,VO,,schematic,31.459958932238195,1
134000000001,VO,spread,VO|spread,VO,,schematic,35.91991786447639,7
134000000001,VO,squeak,VO|squeak,VO,,schematic,30.098562628336754,1
134000000001,VO,squeez,VO|squeez,VO,,schematic,37.85420944558521,1
134000000001,VO,squeeze,VO|squeeze,VO,,schematic,30.098562628336754,9
134000000001,VO,stand,VO|stand,VO,,schematic,29.39425051334702,8
134000000001,VO,start,VO|start,VO,,schematic,40.591375770020534,7
134000000001,VO,stay,VO|stay,VO,,schematic,27.13141683778234,4
134000000001,VO,steal,VO|steal,VO,,schematic,47.459958932238195,4
134000000001,VO,step,VO|step,VO,,schematic,53.36139630390144,1
134000000001,VO,stick,VO|stick,VO,,schematic,28.49281314168378,14
134000000001,VO,sting,VO|sting,VO,,schematic,44.85420944558521,1
134000000001,VO,stir,VO|stir,VO,,schematic,32.525667351129364,6
134000000001,VO,stirr,VO|stirr,VO,,schematic,32.525667351129364,1
134000000001,VO,stop,VO|stop,VO,,schematic,27.591375770020534,42
134000000001,VO,straighten,VO|straighten,VO,,schematic,40.591375770020534,1
134000000001,VO,streamline,VO|streamline,VO,,schematic,27.591375770020534,1
134000000001,VO,surprise,VO|surprise,VO,,schematic,58.06570841889117,4
134000000001,VO,swallow,VO|swallow,VO,,schematic,34.98562628336756,13
134000000001,VO,sweep,VO|sweep,VO,,schematic,27.13141683778234,7
134000000001,VO,swim,VO|swim,VO,,schematic,34.06570841889117,1
134000000001,VO,swing,VO|swing,VO,,schematic,33.591375770020534,2
134000000001,VO,take,VO|take,VO,,schematic,27.13141683778234,301
134000000001,VO,talk,VO|talk,VO,,schematic,28.985626283367555,8
134000000001,VO,tangle,VO|tangle,VO,,schematic,50.558521560574945,3
134000000001,VO,tape,VO|tape,VO,,schematic,33.13141683778234,2
134000000001,VO,taste,VO|taste,VO,,schematic,33.13141683778234,12
134000000001,VO,teach,VO|teach,VO,,schematic,44.03285420944559,3
134000000001,VO,tear,VO|tear,VO,,schematic,29.39425051334702,22
134000000001,VO,tease,VO|tease,VO,,schematic,32.03285420944559,4
134000000001,VO,tell,VO|tell,VO,,schematic,34.98562628336756,23
134000000001,VO,thank,VO|thank,VO,,schematic,27.13141683778234,16
134000000001,VO,think,VO|think,VO,,schematic,39.13141683778234,16
134000000001,VO,throw,VO|throw,VO,,schematic,27.591375770020534,77
134000000001,VO,tick,VO|tick,VO,,schematic,36.36139630390144,4
134000000001,VO,tickle,VO|tickle,VO,,schematic,28.49281314168378,5
134000000001,VO,tie,VO|tie,VO,,schematic,27.13141683778234,38
134000000001,VO,touch,VO|touch,VO,,schematic,28.098562628336754,28
134000000001,VO,trick,VO|trick,VO,,schematic,49.492813141683776,7
134000000001,VO,trim,VO|trim,VO,,schematic,52.427104722792606,1
134000000001,VO,truck,VO|truck,VO,,schematic,44.85420944558521,1
134000000001,VO,try,VO|try,VO,,schematic,31.459958932238195,52
134000000001,VO,turn,VO|turn,VO,,schematic,27.13141683778234,111
134000000001,VO,twinkle,VO|twinkle,VO,,schematic,30.098562628336754,1
134000000001,VO,twirly,VO|twirly,VO,,schematic,43.2299794661191,1
134000000001,VO,unchain,VO|unchain,VO,,schematic,58.75564681724846,1
134000000001,VO,understand,VO|understand,VO,,schematic,53.36139630390144,4
134000000001,VO,undo,VO|undo,VO,,schematic,54.78850102669404,4
134000000001,VO,unplug,VO|unplug,VO,,schematic,55.95277207392197,1
134000000001,VO,unscrew,VO|unscrew,VO,,schematic,47.459958932238195,6
134000000001,VO,untie,VO|untie,VO,,schematic,46.492813141683776,4
134000000001,VO,use,VO|use,VO,,schematic,28.098562628336754,92
134000000001,VO,visit,VO|visit,VO,,schematic,38.29568788501027,4
134000000001,VO,wait,VO|wait,VO,,schematic,28.098562628336754,12
134000000001,VO,wake,VO|wake,VO,,schematic,30.098562628336754,12
134000000001,VO,walk,VO|walk,VO,,schematic,27.591375770020534,12
134000000001,VO,want,VO|want,VO,,schematic,27.13141683778234,455
134000000001,VO,wash,VO|wash,VO,,schematic,27.13141683778234,30
134000000001,VO,watch,VO|watch,VO,,schematic,28.098562628336754,140
134000000001,VO,wear,VO|wear,VO,,schematic,28.098562628336754,47
134000000001,VO,welcome,VO|welcome,VO,,schematic,49.492813141683776,2
134000000001,VO,win,VO|win,VO,,schematic,42.29568788501027,3
134000000001,VO,wind,VO|wind,VO,,schematic,36.82135523613963,6
134000000001,VO,wipe,VO|wipe,VO,,schematic,27.13141683778234,3
134000000001,VO,wonder,VO|wonder,VO,,schematic,44.85420944558521,21
134000000001,VO,work,VO|work,VO,,schematic,51.29568788501027,2
134000000001,VO,wrap,VO|wrap,VO,,schematic,44.03285420944559,10
134000000001,VO,write,VO|write,VO,,schematic,27.13141683778234,120
134000000001,VO,zip,VO|zip,VO,,schematic,31.032854209445585,2
134000000001,VOL,bash,VOL|bash,VOL,,schematic,42.29568788501027,3
134000000001,VOL,beat,VOL|beat,VOL,,schematic,54.78850102669404,1
134000000001,VOL,blast,VOL|blast,VOL,,schematic,58.06570841889117,1
134000000001,VOL,blind,VOL|blind,VOL,,schematic,49.492813141683776,1
134000000001,VOL,blow,VOL|blow,VOL,,schematic,36.82135523613963,3
134000000001,VOL,break,VOL|break,VOL,,schematic,30.55852156057495,7
134000000001,VOL,bring,VOL|bring,VOL,,schematic,42.29568788501027,6
134000000001,VOL,burn,VOL|burn,VOL,,schematic,39.591375770020534,12
134000000001,VOL,buy,VOL|buy,VOL,,schematic,28.098562628336754,3
134000000001,VOL,carry,VOL|carry,VOL,,schematic,51.29568788501027,2
134000000001,VOL,catch,VOL|catch,VOL,,schematic,41.95277207392197,4
134000000001,VOL,change,VOL|change,VOL,,schematic,47.03285420944559,2
134000000001,VOL,check,VOL|check,VOL,,schematic,28.098562628336754,1
134000000001,VOL,chop,VOL|chop,VOL,,schematic,38.29568788501027,3
134000000001,VOL,choppe,VOL|choppe,VOL,,schematic,39.591375770020534,1
134000000001,VOL,close,VOL|close,VOL,,schematic,33.591375770020534,1
134000000001,VOL,come,VOL|come,VOL,,schematic,28.098562628336754,7
134000000001,VOL,cook,VOL|cook,VOL,,schematic,28.098562628336754,4
134000000001,VOL,cover,VOL|cover,VOL,,schematic,53.36139630390144,1
134000000001,VOL,crack,VOL|crack,VOL,,schematic,34.525667351129364,1
134000000001,VOL,crash,VOL|crash,VOL,,schematic,47.03285420944559,1
134000000001,VOL,cut,VOL|cut,VOL,,schematic,37.29568788501027,27
134000000001,VOL,deep,VOL|deep,VOL,,schematic,54.78850102669404,1
134000000001,VOL,dip,VOL|dip,VOL,,schematic,57.06570841889117,1
134000000001,VOL,do,VOL|do,VOL,,schematic,39.591375770020534,13
134000000001,VOL,draw,VOL|draw,VOL,,schematic,37.85420944558521,6
134000000001,VOL,drill,VOL|drill,VOL,,schematic,44.03285420944559,2
134000000001,VOL,drink,VOL|drink,VOL,,schematic,38.29568788501027,1
134000000001,VOL,drip,VOL|drip,VOL,,schematic,31.032854209445585,1
134000000001,VOL,drive,VOL|drive,VOL,,schematic,27.591375770020534,3
134000000001,VOL,drop,VOL|drop,VOL,,schematic,31.032854209445585,16
134000000001,VOL,dump,VOL|dump,VOL,,schematic,40.591375770020534,7
134000000001,VOL,eat,VOL|eat,VOL,,schematic,39.591375770020534,2
134000000001,VOL,fall,VOL|fall,VOL,,schematic,27.591375770020534,19
134000000001,VOL,feed,VOL|feed,VOL,,schematic,34.06570841889117,1
134000000001,VOL,fetch,VOL|fetch,VOL,,schematic,43.2299794661191,1
134000000001,VOL,fill,VOL|fill,VOL,,schematic,38.68993839835729,2
134000000001,VOL,find,VOL|find,VOL,,schematic,39.591375770020534,7
134000000001,VOL,fit,VOL|fit,VOL,,schematic,47.459958932238195,1
134000000001,VOL,fix,VOL|fix,VOL,,schematic,40.03285420944559,1
134000000001,VOL,fold,VOL|fold,VOL,,schematic,44.85420944558521,1
134000000001,VOL,follow,VOL|follow,VOL,,schematic,39.591375770020534,2
134000000001,VOL,get,VOL|get,VOL,,schematic,30.098562628336754,77
134000000001,VOL,give,VOL|give,VOL,,schematic,35.91991786447639,19
134000000001,VOL,go,VOL|go,VOL,,schematic,30.55852156057495,18
134000000001,VOL,grab,VOL|grab,VOL,,schematic,41.03285420944559,2
134000000001,VOL,hang,VOL|hang,VOL,,schematic,41.492813141683776,7
134000000001,VOL,have,VOL|have,VOL,,schematic,31.032854209445585,41
134000000001,VOL,hear,VOL|hear,VOL,,schematic,35.427104722792606,1
134000000001,VOL,help,VOL|help,VOL,,schematic,40.03285420944559,1
134000000001,VOL,hit,VOL|hit,VOL,,schematic,35.91991786447639,5
134000000001,VOL,hold,VOL|hold,VOL,,schematic,36.82135523613963,4
134000000001,VOL,hurt,VOL|hurt,VOL,,schematic,37.29568788501027,1
134000000001,VOL,invite,VOL|invite,VOL,,schematic,52.03285420944559,1
134000000001,VOL,keep,VOL|keep,VOL,,schematic,33.591375770020534,16
134000000001,VOL,knock,VOL|knock,VOL,,schematic,27.591375770020534,45
134000000001,VOL,leave,VOL|leave,VOL,,schematic,30.55852156057495,5
134000000001,VOL,let,VOL|let,VOL,,schematic,48.459958932238195,2
134000000001,VOL,lie,VOL|lie,VOL,,schematic,27.13141683778234,2
134000000001,VOL,like,VOL|like,VOL,,schematic,43.2299794661191,2
134000000001,VOL,load,VOL|load,VOL,,schematic,40.591375770020534,1
134000000001,VOL,lock,VOL|lock,VOL,,schematic,49.492813141683776,3
134000000001,VOL,look,VOL|look,VOL,,schematic,30.098562628336754,5
134000000001,VOL,lose,VOL|lose,VOL,,schematic,51.29568788501027,1
134000000001,VOL,mail,VOL|mail,VOL,,schematic,39.13141683778234,1
134000000001,VOL,make,VOL|make,VOL,,schematic,36.36139630390144,17
134000000001,VOL,mash,VOL|mash,VOL,,schematic,50.558521560574945,1
134000000001,VOL,mock,VOL|mock,VOL,,schematic,55.95277207392197,1
134000000001,VOL,move,VOL|move,VOL,,schematic,27.591375770020534,3
134000000001,VOL,need,VOL|need,VOL,,schematic,35.427104722792606,9
134000000001,VOL,pack,VOL|pack,VOL,,schematic,40.591375770020534,7
134000000001,VOL,paint,VOL|paint,VOL,,schematic,48.459958932238195,2
134000000001,VOL,park,VOL|park,VOL,,schematic,40.591375770020534,7
134000000001,VOL,paste,VOL|paste,VOL,,schematic,57.06570841889117,1
134000000001,VOL,play,VOL|play,VOL,,schematic,36.82135523613963,5
134000000001,VOL,pour,VOL|pour,VOL,,schematic,39.591375770020534,5
134000000001,VOL,press,VOL|press,VOL,,schematic,37.29568788501027,1
134000000001,VOL,pretend,VOL|pretend,VOL,,schematic,58.06570841889117,1
134000000001,VOL,pull,VOL|pull,VOL,,schematic,49.492813141683776,1
134000000001,VOL,pump,VOL|pump,VOL,,schematic,39.591375770020534,2
134000000001,VOL,punch,VOL|punch,VOL,,schematic,47.459958932238195,5
134000000001,VOL,push,VOL|push,VOL,,schematic,30.098562628336754,18
134000000001,VOL,put,VOL|put,VOL,,schematic,27.13141683778234,489
134000000001,VOL,race,VOL|race,VOL,,schematic,44.85420944558521,1
134000000001,VOL,read,VOL|read,VOL,,schematic,38.29568788501027,3
134000000001,VOL,ride,VOL|ride,VOL,,schematic,39.591375770020534,1
134000000001,VOL,roll,VOL|roll,VOL,,schematic,37.85420944558521,4
134000000001,VOL,scotch,VOL|scotch,VOL,,schematic,53.36139630390144,1
134000000001,VOL,screw,VOL|screw,VOL,,schematic,33.13141683778234,2
134000000001,VOL,see,VOL|see,VOL,,schematic,35.91991786447639,39
134000000001,VOL,send,VOL|send,VOL,,schematic,39.13141683778234,6
134000000001,VOL,shoot,VOL|shoot,VOL,,schematic,39.13141683778234,11
134000000001,VOL,shove,VOL|shove,VOL,,schematic,43.2299794661191,1
134000000001,VOL,shovel,VOL|shovel,VOL,,schematic,42.29568788501027,1
134000000001,VOL,show,VOL|show,VOL,,schematic,35.427104722792606,7
134000000001,VOL,shut,VOL|shut,VOL,,schematic,39.13141683778234,2
134000000001,VOL,sit,VOL|sit,VOL,,schematic,27.591375770020534,7
134000000001,VOL,slip,VOL|slip,VOL,,schematic,52.427104722792606,1
134000000001,VOL,snap,VOL|snap,VOL,,schematic,62.394250513347025,1
134000000001,VOL,sock,VOL|sock,VOL,,schematic,46.492813141683776,1
134000000001,VOL,spank,VOL|spank,VOL,,schematic,39.591375770020534,1
134000000001,VOL,spill,VOL|spill,VOL,,schematic,54.78850102669404,4
134000000001,VOL,spray,VOL|spray,VOL,,schematic,49.492813141683776,1
134000000001,VOL,stab,VOL|stab,VOL,,schematic,50.558521560574945,1
134000000001,VOL,stand,VOL|stand,VOL,,schematic,49.492813141683776,2
134000000001,VOL,steal,VOL|steal,VOL,,schematic,62.394250513347025,1
134000000001,VOL,stick,VOL|stick,VOL,,schematic,37.85420944558521,7
134000000001,VOL,switch,VOL|switch,VOL,,schematic,51.29568788501027,1
134000000001,VOL,take,VOL|take,VOL,,schematic,27.591375770020534,132
134000000001,VOL,talk,VOL|talk,VOL,,schematic,38.29568788501027,1
134000000001,VOL,tear,VOL|tear,VOL,,schematic,37.85420944558521,8
134000000001,VOL,tell,VOL|tell,VOL,,schematic,44.459958932238195,2
134000000001,VOL,throw,VOL|throw,VOL,,schematic,35.91991786447639,25
134000000001,VOL,tie,VOL|tie,VOL,,schematic,51.29568788501027,2
134000000001,VOL,tip,VOL|tip,VOL,,schematic,36.82135523613963,2
134000000001,VOL,trap,VOL|trap,VOL,,schematic,53.36139630390144,1
134000000001,VOL,try,VOL|try,VOL,,schematic,62.394250513347025,1
134000000001,VOL,tuck,VOL|tuck,VOL,,schematic,58.75564681724846,1
134000000001,VOL,turn,VOL|turn,VOL,,schematic,27.13141683778234,40
134000000001,VOL,twist,VOL|twist,VOL,,schematic,55.95277207392197,1
134000000001,VOL,type,VOL|type,VOL,,schematic,62.394250513347025,1
134000000001,VOL,upside,VOL|upside,VOL,,schematic,47.03285420944559,1
134000000001,VOL,use,VOL|use,VOL,,schematic,57.06570841889117,2
134000000001,VOL,want,VOL|want,VOL,,schematic,30.55852156057495,30
134000000001,VOL,wash,VOL|wash,VOL,,schematic,36.82135523613963,10
134000000001,VOL,watch,VOL|watch,VOL,,schematic,32.03285420944559,2
134000000001,VOL,wave,VOL|wave,VOL,,schematic,44.85420944558521,1
134000000001,VOL,wear,VOL|wear,VOL,,schematic,28.985626283367555,2
134000000001,VOL,wipe,VOL|wipe,VOL,,schematic,27.591375770020534,7
134000000001,VOL,wrap,VOL|wrap,VOL,,schematic,49.492813141683776,2
134000000001,VOL,write,VOL|write,VOL,,schematic,39.13141683778234,3
134000000001,VOL-about,find,VOL-about|find,VOL,about,prep,44.85420944558521,1
134000000001,VOL-about,write,VOL-about|write,VOL,about,prep,39.13141683778234,1
134000000001,VOL-around,get,VOL-around|get,VOL,around,prep,38.68993839835729,1
134000000001,VOL-around,look,VOL-around|look,VOL,around,prep,54.78850102669404,1
134000000001,VOL-around,see,VOL-around|see,VOL,around,prep,41.492813141683776,1
134000000001,VOL-around,twist,VOL-around|twist,VOL,around,prep,55.95277207392197,1
134000000001,VOL-behind,play,VOL-behind|play,VOL,behind,prep,47.03285420944559,1
134000000001,VOL-behind,put,VOL-behind|put,VOL,behind,prep,40.03285420944559,1
134000000001,VOL-down,beat,VOL-down|beat,VOL,down,prep,54.78850102669404,1
134000000001,VOL-down,break,VOL-down|break,VOL,down,prep,39.591375770020534,2
134000000001,VOL-down,bring,VOL-down|bring,VOL,down,prep,43.2299794661191,1
134000000001,VOL-down,burn,VOL-down|burn,VOL,down,prep,39.591375770020534,12
134000000001,VOL-down,chop,VOL-down|chop,VOL,down,prep,38.29568788501027,2
134000000001,VOL-down,cook,VOL-down|cook,VOL,down,prep,28.098562628336754,1
134000000001,VOL-down,crack,VOL-down|crack,VOL,down,prep,34.525667351129364,1
134000000001,VOL-down,cut,VOL-down|cut,VOL,down,prep,38.29568788501027,2
134000000001,VOL-down,do,VOL-down|do,VOL,down,prep,57.06570841889117,1
134000000001,VOL-down,drip,VOL-down|drip,VOL,down,prep,31.032854209445585,1
134000000001,VOL-down,drop,VOL-down|drop,VOL,down,prep,35.427104722792606,1
134000000001,VOL-down,eat,VOL-down|eat,VOL,down,prep,39.591375770020534,1
134000000001,VOL-down,fall,VOL-down|fall,VOL,down,prep,27.591375770020534,17
134000000001,VOL-down,get,VOL-down|get,VOL,down,prep,58.75564681724846,1
134000000001,VOL-down,go,VOL-down|go,VOL,down,prep,30.55852156057495,6
134000000001,VOL-down,hit,VOL-down|hit,VOL,down,prep,35.91991786447639,1
134000000001,VOL-down,keep,VOL-down|keep,VOL,down,prep,34.06570841889117,4
134000000001,VOL-down,knock,VOL-down|knock,VOL,down,prep,35.91991786447639,35
134000000001,VOL-down,leave,VOL-down|leave,VOL,down,prep,32.03285420944559,1
134000000001,VOL-down,lie,VOL-down|lie,VOL,down,prep,27.13141683778234,2
134000000001,VOL-down,make,VOL-down|make,VOL,down,prep,37.85420944558521,1
134000000001,VOL-down,need,VOL-down|need,VOL,down,prep,49.492813141683776,1
134000000001,VOL-down,push,VOL-down|push,VOL,down,prep,30.098562628336754,9
134000000001,VOL-down,put,VOL-down|put,VOL,down,prep,30.55852156057495,25
134000000001,VOL-down,race,VOL-down|race,VOL,down,prep,44.85420944558521,1
134000000001,VOL-down,ride,VOL-down|ride,VOL,down,prep,39.591375770020534,1
134000000001,VOL-down,see,VOL-down|see,VOL,down,prep,38.29568788501027,1
134000000001,VOL-down,shoot,VOL-down|shoot,VOL,down,prep,39.13141683778234,1
134000000001,VOL-down,shut,VOL-down|shut,VOL,down,prep,39.13141683778234,2
134000000001,VOL-down,sit,VOL-down|sit,VOL,down,prep,27.591375770020534,7
134000000001,VOL-down,take,VOL-down|take,VOL,down,prep,28.985626283367555,5
134000000001,VOL-down,throw,VOL-down|throw,VOL,down,prep,38.68993839835729,1
134000000001,VOL-down,turn,VOL-down|turn,VOL,down,prep,36.82135523613963,6
134000000001,VOL-down,upside,VOL-down|upside,VOL,down,prep,47.03285420944559,1
134000000001,VOL-down,want,VOL-down|want,VOL,down,prep,39.13141683778234,2
134000000001,VOL-from,catch,VOL-from|catch,VOL,from,prep,52.427104722792606,1
134000000001,VOL-from,get,VOL-from|get,VOL,from,prep,48.459958932238195,3
134000000001,VOL-from,keep,VOL-from|keep,VOL,from,prep,51.29568788501027,1
134000000001,VOL-from,make,VOL-from|make,VOL,from,prep,37.29568788501027,2
134000000001,VOL-from,press,VOL-from|press,VOL,from,prep,37.29568788501027,1
134000000001,VOL-from,see,VOL-from|see,VOL,from,prep,40.591375770020534,2
134000000001,VOL-from,steal,VOL-from|steal,VOL,from,prep,62.394250513347025,1
134000000001,VOL-from,take,VOL-from|take,VOL,from,prep,32.03285420944559,7
134000000001,VOL-in,blind,VOL-in|blind,VOL,in,prep,49.492813141683776,1
134000000001,VOL-in,blow,VOL-in|blow,VOL,in,prep,43.2299794661191,2
134000000001,VOL-in,bring,VOL-in|bring,VOL,in,prep,43.2299794661191,3
134000000001,VOL-in,buy,VOL-in|buy,VOL,in,prep,28.098562628336754,3
134000000001,VOL-in,catch,VOL-in|catch,VOL,in,prep,41.95277207392197,2
134000000001,VOL-in,check,VOL-in|check,VOL,in,prep,28.098562628336754,1
134000000001,VOL-in,chop,VOL-in|chop,VOL,in,prep,44.03285420944559,1
134000000001,VOL-in,close,VOL-in|close,VOL,in,prep,33.591375770020534,1
134000000001,VOL-in,come,VOL-in|come,VOL,in,prep,28.098562628336754,1
134000000001,VOL-in,cook,VOL-in|cook,VOL,in,prep,39.591375770020534,3
134000000001,VOL-in,cut,VOL-in|cut,VOL,in,prep,37.29568788501027,2
134000000001,VOL-in,deep,VOL-in|deep,VOL,in,prep,54.78850102669404,1
134000000001,VOL-in,dip,VOL-in|dip,VOL,in,prep,57.06570841889117,1
134000000001,VOL-in,drill,VOL-in|drill,VOL,in,prep,44.03285420944559,2
134000000001,VOL-in,drink,VOL-in|drink,VOL,in,prep,38.29568788501027,1
134000000001,VOL-in,drive,VOL-in|drive,VOL,in,prep,62.394250513347025,1
134000000001,VOL-in,drop,VOL-in|drop,VOL,in,prep,31.032854209445585,10
134000000001,VOL-in,dump,VOL-in|dump,VOL,in,prep,40.591375770020534,5
134000000001,VOL-in,fetch,VOL-in|fetch,VOL,in,prep,43.2299794661191,1
134000000001,VOL-in,fill,VOL-in|fill,VOL,in,prep,38.68993839835729,2
134000000001,VOL-in,find,VOL-in|find,VOL,in,prep,39.591375770020534,6
134000000001,VOL-in,fit,VOL-in|fit,VOL,in,prep,47.459958932238195,1
134000000001,VOL-in,fold,VOL-in|fold,VOL,in,prep,44.85420944558521,1
134000000001,VOL-in,follow,VOL-in|follow,VOL,in,prep,39.591375770020534,1
134000000001,VOL-in,get,VOL-in|get,VOL,in,prep,34.525667351129364,27
134000000001,VOL-in,give,VOL-in|give,VOL,in,prep,37.85420944558521,2
134000000001,VOL-in,go,VOL-in|go,VOL,in,prep,31.032854209445585,7
134000000001,VOL-in,have,VOL-in|have,VOL,in,prep,35.91991786447639,21
134000000001,VOL-in,hear,VOL-in|hear,VOL,in,prep,35.427104722792606,1
134000000001,VOL-in,help,VOL-in|help,VOL,in,prep,40.03285420944559,1
134000000001,VOL-in,hit,VOL-in|hit,VOL,in,prep,55.95277207392197,2
134000000001,VOL-in,hold,VOL-in|hold,VOL,in,prep,39.591375770020534,1
134000000001,VOL-in,keep,VOL-in|keep,VOL,in,prep,40.03285420944559,4
134000000001,VOL-in,knock,VOL-in|knock,VOL,in,prep,44.03285420944559,1
134000000001,VOL-in,leave,VOL-in|leave,VOL,in,prep,32.03285420944559,2
134000000001,VOL-in,let,VOL-in|let,VOL,in,prep,48.459958932238195,2
134000000001,VOL-in,like,VOL-in|like,VOL,in,prep,43.2299794661191,2
134000000001,VOL-in,lock,VOL-in|lock,VOL,in,prep,49.492813141683776,3
134000000001,VOL-in,look,VOL-in|look,VOL,in,prep,30.098562628336754,2
134000000001,VOL-in,make,VOL-in|make,VOL,in,prep,37.29568788501027,4
134000000001,VOL-in,mock,VOL-in|mock,VOL,in,prep,55.95277207392197,1
134000000001,VOL-in,need,VOL-in|need,VOL,in,prep,35.427104722792606,2
134000000001,VOL-in,pack,VOL-in|pack,VOL,in,prep,40.591375770020534,7
134000000001,VOL-in,park,VOL-in|park,VOL,in,prep,40.591375770020534,6
134000000001,VOL-in,play,VOL-in|play,VOL,in,prep,36.82135523613963,1
134000000001,VOL-in,pour,VOL-in|pour,VOL,in,prep,39.591375770020534,5
134000000001,VOL-in,pretend,VOL-in|pretend,VOL,in,prep,58.06570841889117,1
134000000001,VOL-in,pump,VOL-in|pump,VOL,in,prep,45.525667351129364,1
134000000001,VOL-in,punch,VOL-in|punch,VOL,in,prep,51.29568788501027,3
134000000001,VOL-in,push,VOL-in|push,VOL,in,prep,30.098562628336754,4
134000000001,VOL-in,put,VOL-in|put,VOL,in,prep,27.13141683778234,255
134000000001,VOL-in,screw,VOL-in|screw,VOL,in,prep,33.13141683778234,1
134000000001,VOL-in,see,VOL-in|see,VOL,in,prep,35.91991786447639,15
134000000001,VOL-in,shoot,VOL-in|shoot,VOL,in,prep,41.95277207392197,3
134000000001,VOL-in,shove,VOL-in|shove,VOL,in,prep,43.2299794661191,1
134000000001,VOL-in,stab,VOL-in|stab,VOL,in,prep,50.558521560574945,1
134000000001,VOL-in,stand,VOL-in|stand,VOL,in,prep,49.492813141683776,2
134000000001,VOL-in,stick,VOL-in|stick,VOL,in,prep,37.85420944558521,4
134000000001,VOL-in,take,VOL-in|take,VOL,in,prep,34.98562628336756,2
134000000001,VOL-in,throw,VOL-in|throw,VOL,in,prep,36.36139630390144,19
134000000001,VOL-in,trap,VOL-in|trap,VOL,in,prep,53.36139630390144,1
134000000001,VOL-in,tuck,VOL-in|tuck,VOL,in,prep,58.75564681724846,1
134000000001,VOL-in,want,VOL-in|want,VOL,in,prep,30.55852156057495,16
134000000001,VOL-in,watch,VOL-in|watch,VOL,in,prep,32.03285420944559,1
134000000001,VOL-in,wrap,VOL-in|wrap,VOL,in,prep,49.492813141683776,2
134000000001,VOL-into,grab,VOL-into|grab,VOL,into,prep,41.03285420944559,2
134000000001,VOL-into,make,VOL-into|make,VOL,into,prep,57.06570841889117,1
134000000001,VOL-into,roll,VOL-into|roll,VOL,into,prep,47.459958932238195,1
134000000001,VOL-into,stick,VOL-into|stick,VOL,into,prep,62.394250513347025,1
134000000001,VOL-into,turn,VOL-into|turn,VOL,into,prep,54.78850102669404,1
134000000001,VOL-off,blast,VOL-off|blast,VOL,off,prep,58.06570841889117,1
134000000001,VOL-off,break,VOL-off|break,VOL,off,prep,30.55852156057495,3
134000000001,VOL-off,choppe,VOL-off|choppe,VOL,off,prep,39.591375770020534,1
134000000001,VOL-off,crash,VOL-off|crash,VOL,off,prep,47.03285420944559,1
134000000001,VOL-off,cut,VOL-off|cut,VOL,off,prep,37.29568788501027,18
134000000001,VOL-off,dump,VOL-off|dump,VOL,off,prep,54.78850102669404,1
134000000001,VOL-off,fall,VOL-off|fall,VOL,off,prep,31.459958932238195,1
134000000001,VOL-off,get,VOL-off|get,VOL,off,prep,47.03285420944559,5
134000000001,VOL-off,go,VOL-off|go,VOL,off,prep,45.525667351129364,1
134000000001,VOL-off,have,VOL-off|have,VOL,off,prep,39.13141683778234,1
134000000001,VOL-off,knock,VOL-off|knock,VOL,off,prep,27.591375770020534,4
134000000001,VOL-off,mash,VOL-off|mash,VOL,off,prep,50.558521560574945,1
134000000001,VOL-off,need,VOL-off|need,VOL,off,prep,55.95277207392197,2
134000000001,VOL-off,punch,VOL-off|punch,VOL,off,prep,47.459958932238195,1
134000000001,VOL-off,roll,VOL-off|roll,VOL,off,prep,37.85420944558521,1
134000000001,VOL-off,see,VOL-off|see,VOL,off,prep,43.2299794661191,1
134000000001,VOL-off,shoot,VOL-off|shoot,VOL,off,prep,58.75564681724846,1
134000000001,VOL-off,shovel,VOL-off|shovel,VOL,off,prep,42.29568788501027,1
134000000001,VOL-off,spray,VOL-off|spray,VOL,off,prep,49.492813141683776,1
134000000001,VOL-off,switch,VOL-off|switch,VOL,off,prep,51.29568788501027,1
134000000001,VOL-off,take,VOL-off|take,VOL,off,prep,27.591375770020534,101
134000000001,VOL-off,tear,VOL-off|tear,VOL,off,prep,37.85420944558521,8
134000000001,VOL-off,turn,VOL-off|turn,VOL,off,prep,27.13141683778234,14
134000000001,VOL-off,want,VOL-off|want,VOL,off,prep,30.55852156057495,2
134000000001,VOL-off,wash,VOL-off|wash,VOL,off,prep,36.82135523613963,10
134000000001,VOL-off,wipe,VOL-off|wipe,VOL,off,prep,27.591375770020534,6
134000000001,VOL-on,bash,VOL-on|bash,VOL,on,prep,42.29568788501027,3
134000000001,VOL-on,carry,VOL-on|carry,VOL,on,prep,51.29568788501027,2
134000000001,VOL-on,catch,VOL-on|catch,VOL,on,prep,50.558521560574945,1
134000000001,VOL-on,change,VOL-on|change,VOL,on,prep,47.03285420944559,1
134000000001,VOL-on,come,VOL-on|come,VOL,on,prep,28.985626283367555,5
134000000001,VOL-on,cover,VOL-on|cover,VOL,on,prep,53.36139630390144,1
134000000001,VOL-on,cut,VOL-on|cut,VOL,on,prep,41.95277207392197,5
134000000001,VOL-on,do,VOL-on|do,VOL,on,prep,41.95277207392197,8
134000000001,VOL-on,draw,VOL-on|draw,VOL,on,prep,37.85420944558521,5
134000000001,VOL-on,drop,VOL-on|drop,VOL,on,prep,35.427104722792606,5
134000000001,VOL-on,dump,VOL-on|dump,VOL,on,prep,51.29568788501027,1
134000000001,VOL-on,eat,VOL-on|eat,VOL,on,prep,49.492813141683776,1
134000000001,VOL-on,feed,VOL-on|feed,VOL,on,prep,34.06570841889117,1
134000000001,VOL-on,follow,VOL-on|follow,VOL,on,prep,39.591375770020534,1
134000000001,VOL-on,get,VOL-on|get,VOL,on,prep,30.098562628336754,27
134000000001,VOL-on,go,VOL-on|go,VOL,on,prep,39.13141683778234,2
134000000001,VOL-on,hang,VOL-on|hang,VOL,on,prep,41.492813141683776,7
134000000001,VOL-on,have,VOL-on|have,VOL,on,prep,31.032854209445585,17
134000000001,VOL-on,hit,VOL-on|hit,VOL,on,prep,41.492813141683776,2
134000000001,VOL-on,hold,VOL-on|hold,VOL,on,prep,36.82135523613963,3
134000000001,VOL-on,keep,VOL-on|keep,VOL,on,prep,33.591375770020534,7
134000000001,VOL-on,knock,VOL-on|knock,VOL,on,prep,44.03285420944559,1
134000000001,VOL-on,leave,VOL-on|leave,VOL,on,prep,30.55852156057495,2
134000000001,VOL-on,look,VOL-on|look,VOL,on,prep,33.13141683778234,1
134000000001,VOL-on,make,VOL-on|make,VOL,on,prep,37.85420944558521,5
134000000001,VOL-on,need,VOL-on|need,VOL,on,prep,44.85420944558521,2
134000000001,VOL-on,paint,VOL-on|paint,VOL,on,prep,48.459958932238195,2
134000000001,VOL-on,paste,VOL-on|paste,VOL,on,prep,57.06570841889117,1
134000000001,VOL-on,play,VOL-on|play,VOL,on,prep,43.2299794661191,3
134000000001,VOL-on,pull,VOL-on|pull,VOL,on,prep,49.492813141683776,1
134000000001,VOL-on,punch,VOL-on|punch,VOL,on,prep,55.03285420944559,1
134000000001,VOL-on,push,VOL-on|push,VOL,on,prep,39.591375770020534,1
134000000001,VOL-on,put,VOL-on|put,VOL,on,prep,27.13141683778234,189
134000000001,VOL-on,roll,VOL-on|roll,VOL,on,prep,51.29568788501027,2
134000000001,VOL-on,screw,VOL-on|screw,VOL,on,prep,44.03285420944559,1
134000000001,VOL-on,see,VOL-on|see,VOL,on,prep,37.85420944558521,16
134000000001,VOL-on,shoot,VOL-on|shoot,VOL,on,prep,46.492813141683776,2
134000000001,VOL-on,snap,VOL-on|snap,VOL,on,prep,62.394250513347025,1
134000000001,VOL-on,spill,VOL-on|spill,VOL,on,prep,54.78850102669404,3
134000000001,VOL-on,stick,VOL-on|stick,VOL,on,prep,62.394250513347025,1
134000000001,VOL-on,take,VOL-on|take,VOL,on,prep,31.032854209445585,1
134000000001,VOL-on,tell,VOL-on|tell,VOL,on,prep,44.459958932238195,2
134000000001,VOL-on,throw,VOL-on|throw,VOL,on,prep,47.459958932238195,1
134000000001,VOL-on,tie,VOL-on|tie,VOL,on,prep,51.29568788501027,2
134000000001,VOL-on,turn,VOL-on|turn,VOL,on,prep,34.98562628336756,13
134000000001,VOL-on,type,VOL-on|type,VOL,on,prep,62.394250513347025,1
134000000001,VOL-on,use,VOL-on|use,VOL,on,prep,57.06570841889117,2
134000000001,VOL-on,want,VOL-on|want,VOL,on,prep,36.82135523613963,7
134000000001,VOL-on,wear,VOL-on|wear,VOL,on,prep,28.985626283367555,1
134000000001,VOL-on,write,VOL-on|write,VOL,on,prep,57.06570841889117,1
134000000001,VOL-onto,load,VOL-onto|load,VOL,onto,prep,40.591375770020534,1
134000000001,VOL-over,bring,VOL-over|bring,VOL,over,prep,42.29568788501027,2
134000000001,VOL-over,come,VOL-over|come,VOL,over,prep,34.98562628336756,1
134000000001,VOL-over,drive,VOL-over|drive,VOL,over,prep,27.591375770020534,1
134000000001,VOL-over,give,VOL-over|give,VOL,over,prep,36.36139630390144,1
134000000001,VOL-over,go,VOL-over|go,VOL,over,prep,35.91991786447639,2
134000000001,VOL-over,have,VOL-over|have,VOL,over,prep,55.03285420944559,1
134000000001,VOL-over,invite,VOL-over|invite,VOL,over,prep,52.03285420944559,1
134000000001,VOL-over,knock,VOL-over|knock,VOL,over,prep,28.985626283367555,3
134000000001,VOL-over,look,VOL-over|look,VOL,over,prep,33.13141683778234,1
134000000001,VOL-over,mail,VOL-over|mail,VOL,over,prep,39.13141683778234,1
134000000001,VOL-over,make,VOL-over|make,VOL,over,prep,36.36139630390144,3
134000000001,VOL-over,move,VOL-over|move,VOL,over,prep,27.591375770020534,3
134000000001,VOL-over,park,VOL-over|park,VOL,over,prep,49.492813141683776,1
134000000001,VOL-over,push,VOL-over|push,VOL,over,prep,30.098562628336754,4
134000000001,VOL-over,put,VOL-over|put,VOL,over,prep,27.591375770020534,6
134000000001,VOL-over,see,VOL-over|see,VOL,over,prep,48.459958932238195,1
134000000001,VOL-over,shoot,VOL-over|shoot,VOL,over,prep,44.459958932238195,2
134000000001,VOL-over,show,VOL-over|show,VOL,over,prep,36.82135523613963,1
134000000001,VOL-over,take,VOL-over|take,VOL,over,prep,55.95277207392197,1
134000000001,VOL-over,tip,VOL-over|tip,VOL,over,prep,36.82135523613963,2
134000000001,VOL-over,try,VOL-over|try,VOL,over,prep,62.394250513347025,1
134000000001,VOL-over,turn,VOL-over|turn,VOL,over,prep,30.55852156057495,6
134000000001,VOL-over,want,VOL-over|want,VOL,over,prep,34.06570841889117,2
134000000001,VOL-over,watch,VOL-over|watch,VOL,over,prep,62.394250513347025,1
134000000001,VOL-over,wipe,VOL-over|wipe,VOL,over,prep,57.06570841889117,1
134000000001,VOL-through,get,VOL-through|get,VOL,through,prep,55.03285420944559,5
134000000001,VOL-through,knock,VOL-through|knock,VOL,through,prep,51.29568788501027,1
134000000001,VOL-through,put,VOL-through|put,VOL,through,prep,40.591375770020534,9
134000000001,VOL-through,spill,VOL-through|spill,VOL,through,prep,54.78850102669404,1
134000000001,VOL-through,stick,VOL-through|stick,VOL,through,prep,41.492813141683776,1
134000000001,VOL-to,blow,VOL-to|blow,VOL,to,prep,36.82135523613963,1
134000000001,VOL-to,break,VOL-to|break,VOL,to,prep,37.29568788501027,2
134000000001,VOL-to,change,VOL-to|change,VOL,to,prep,52.427104722792606,1
134000000001,VOL-to,do,VOL-to|do,VOL,to,prep,39.591375770020534,4
134000000001,VOL-to,drive,VOL-to|drive,VOL,to,prep,52.03285420944559,1
134000000001,VOL-to,fall,VOL-to|fall,VOL,to,prep,43.2299794661191,1
134000000001,VOL-to,fix,VOL-to|fix,VOL,to,prep,40.03285420944559,1
134000000001,VOL-to,get,VOL-to|get,VOL,to,prep,39.13141683778234,5
134000000001,VOL-to,give,VOL-to|give,VOL,to,prep,35.91991786447639,16
134000000001,VOL-to,have,VOL-to|have,VOL,to,prep,36.82135523613963,1
134000000001,VOL-to,lose,VOL-to|lose,VOL,to,prep,51.29568788501027,1
134000000001,VOL-to,need,VOL-to|need,VOL,to,prep,38.68993839835729,2
134000000001,VOL-to,pump,VOL-to|pump,VOL,to,prep,39.591375770020534,1
134000000001,VOL-to,put,VOL-to|put,VOL,to,prep,37.85420944558521,3
134000000001,VOL-to,read,VOL-to|read,VOL,to,prep,38.29568788501027,3
134000000001,VOL-to,scotch,VOL-to|scotch,VOL,to,prep,53.36139630390144,1
134000000001,VOL-to,see,VOL-to|see,VOL,to,prep,35.91991786447639,2
134000000001,VOL-to,send,VOL-to|send,VOL,to,prep,39.13141683778234,6
134000000001,VOL-to,shoot,VOL-to|shoot,VOL,to,prep,43.2299794661191,2
134000000001,VOL-to,show,VOL-to|show,VOL,to,prep,35.427104722792606,6
134000000001,VOL-to,sock,VOL-to|sock,VOL,to,prep,46.492813141683776,1
134000000001,VOL-to,spank,VOL-to|spank,VOL,to,prep,39.591375770020534,1
134000000001,VOL-to,take,VOL-to|take,VOL,to,prep,36.36139630390144,15
134000000001,VOL-to,talk,VOL-to|talk,VOL,to,prep,38.29568788501027,1
134000000001,VOL-to,throw,VOL-to|throw,VOL,to,prep,35.91991786447639,4
134000000001,VOL-to,want,VOL-to|want,VOL,to,prep,37.85420944558521,1
134000000001,VOL-to,wave,VOL-to|wave,VOL,to,prep,44.85420944558521,1
134000000001,VOL-to,wear,VOL-to|wear,VOL,to,prep,35.91991786447639,1
134000000001,VOL-to,write,VOL-to|write,VOL,to,prep,39.13141683778234,1
134000000001,VOL-under,draw,VOL-under|draw,VOL,under,prep,58.06570841889117,1
134000000001,VOL-under,get,VOL-under|get,VOL,under,prep,43.2299794661191,3
134000000001,VOL-under,hurt,VOL-under|hurt,VOL,under,prep,37.29568788501027,1
134000000001,VOL-under,make,VOL-under|make,VOL,under,prep,36.36139630390144,1
134000000001,VOL-under,put,VOL-under|put,VOL,under,prep,36.82135523613963,1
134000000001,VOL-under,slip,VOL-under|slip,VOL,under,prep,52.427104722792606,1
134000000001,VOO,ask,VOO|ask,VOO,,schematic,62.394250513347025,2
134000000001,VOO,bake,VOO|bake,VOO,,schematic,31.459958932238195,1
134000000001,VOO,blow,VOO|blow,VOO,,schematic,34.525667351129364,2
134000000001,VOO,bring,VOO|bring,VOO,,schematic,35.91991786447639,3
134000000001,VOO,buy,VOO|buy,VOO,,schematic,36.82135523613963,7
134000000001,VOO,cut,VOO|cut,VOO,,schematic,28.49281314168378,6
134000000001,VOO,do,VOO|do,VOO,,schematic,31.032854209445585,16
134000000001,VOO,drop,VOO|drop,VOO,,schematic,29.39425051334702,24
134000000001,VOO,feed,VOO|feed,VOO,,schematic,53.36139630390144,2
134000000001,VOO,find,VOO|find,VOO,,schematic,36.82135523613963,2
134000000001,VOO,get,VOO|get,VOO,,schematic,27.13141683778234,40
134000000001,VOO,give,VOO|give,VOO,,schematic,27.13141683778234,139
134000000001,VOO,hand,VOO|hand,VOO,,schematic,30.098562628336754,5
134000000001,VOO,hit,VOO|hit,VOO,,schematic,27.591375770020534,4
134000000001,VOO,keep,VOO|keep,VOO,,schematic,31.032854209445585,2
134000000001,VOO,kick,VOO|kick,VOO,,schematic,31.459958932238195,1
134000000001,VOO,leave,VOO|leave,VOO,,schematic,40.591375770020534,1
134000000001,VOO,make,VOO|make,VOO,,schematic,27.591375770020534,21
134000000001,VOO,pay,VOO|pay,VOO,,schematic,54.78850102669404,1
134000000001,VOO,pick,VOO|pick,VOO,,schematic,31.459958932238195,5
134000000001,VOO,play,VOO|play,VOO,,schematic,28.985626283367555,4
134000000001,VOO,read,VOO|read,VOO,,schematic,27.13141683778234,5
134000000001,VOO,sell,VOO|sell,VOO,,schematic,41.492813141683776,1
134000000001,VOO,send,VOO|send,VOO,,schematic,32.03285420944559,1
134000000001,VOO,show,VOO|show,VOO,,schematic,33.13141683778234,38
134000000001,VOO,sing,VOO|sing,VOO,,schematic,36.36139630390144,1
134000000001,VOO,take,VOO|take,VOO,,schematic,33.591375770020534,8
134000000001,VOO,teach,VOO|teach,VOO,,schematic,38.68993839835729,1
134000000001,VOO,tell,VOO|tell,VOO,,schematic,34.98562628336756,22
134000000001,VOO,throw,VOO|throw,VOO,,schematic,41.95277207392197,2
134000000001,VOO,write,VOO|write,VOO,,schematic,30.098562628336754,3
134000000012,VL,bang,VL|bang,VL,,schematic,26.0,1
134000000012,VL,belong,VL|belong,VL,,schematic,23.0,6
134000000012,VL,bring,VL|bring,VL,,schematic,22.0,4
134000000012,VL,climb,VL|climb,VL,,schematic,19.0,5
134000000012,VL,come,VL|come,VL,,schematic,20.0,17
134000000012,VL,cool,VL|cool,VL,,schematic,27.0,1
134000000012,VL,do,VL|do,VL,,schematic,24.0,1
134000000012,VL,draw,VL|draw,VL,,schematic,26.0,1
134000000012,VL,drive,VL|drive,VL,,schematic,27.0,1
134000000012,VL,drool,VL|drool,VL,,schematic,27.0,2
134000000012,VL,eat,VL|eat,VL,,schematic,21.0,4
134000000012,VL,fall,VL|fall,VL,,schematic,18.0,27
134000000012,VL,fold,VL|fold,VL,,schematic,27.0,1
134000000012,VL,get,VL|get,VL,,schematic,20.0,13
134000000012,VL,go,VL|go,VL,,schematic,21.0,68
134000000012,VL,have,VL|have,VL,,schematic,23.0,3
134000000012,VL,head,VL|head,VL,,schematic,26.0,1
134000000012,VL,hold,VL|hold,VL,,schematic,21.0,1
134000000012,VL,jump,VL|jump,VL,,schematic,20.0,7
134000000012,VL,knot,VL|knot,VL,,schematic,25.0,2
134000000012,VL,lay,VL|lay,VL,,schematic,21.0,11
134000000012,VL,leave,VL|leave,VL,,schematic,22.0,2
134000000012,VL,lie,VL|lie,VL,,schematic,19.0,1
134000000012,VL,listen,VL|listen,VL,,schematic,25.0,2
134000000012,VL,live,VL|live,VL,,schematic,26.0,1
134000000012,VL,look,VL|look,VL,,schematic,19.0,16
134000000012,VL,move,VL|move,VL,,schematic,26.0,1
134000000012,VL,play,VL|play,VL,,schematic,24.0,8
134000000012,VL,put,VL|put,VL,,schematic,19.0,36
134000000012,VL,read,VL|read,VL,,schematic,26.0,3
134000000012,VL,roll,VL|roll,VL,,schematic,27.0,1
134000000012,VL,save,VL|save,VL,,schematic,25.0,1
134000000012,VL,say,VL|say,VL,,schematic,27.0,1
134000000012,VL,sit,VL|sit,VL,,schematic,18.0,56
134000000012,VL,sleep,VL|sleep,VL,,schematic,25.0,1
134000000012,VL,spill,VL|spill,VL,,schematic,25.0,1
134000000012,VL,spit,VL|spit,VL,,schematic,27.0,1
134000000012,VL,stand,VL|stand,VL,,schematic,26.0,2
134000000012,VL,stare,VL|stare,VL,,schematic,24.0,2
134000000012,VL,stay,VL|stay,VL,,schematic,24.0,4
134000000012,VL,step,VL|step,VL,,schematic,25.0,1
134000000012,VL,strumm,VL|strumm,VL,,schematic,27.0,1
134000000012,VL,take,VL|take,VL,,schematic,21.0,2
134000000012,VL,talk,VL|talk,VL,,schematic,22.0,4
134000000012,VL,think,VL|think,VL,,schematic,21.0,2
134000000012,VL,trip,VL|trip,VL,,schematic,25.0,1
134000000012,VL,turn,VL|turn,VL,,schematic,25.0,2
134000000012,VL,wake,VL|wake,VL,,schematic,26.0,7
134000000012,VL,want,VL|want,VL,,schematic,18.0,3
134000000012,VL,wear,VL|wear,VL,,schematic,23.0,1
134000000012,VL,wipe,VL|wipe,VL,,schematic,21.0,1
134000000012,VL,work,VL|work,VL,,schematic,26.0,9
134000000012,VL,write,VL|write,VL,,schematic,21.0,19
134000000012,VL-at,look,VL-at|look,VL,at,prep,19.0,15
134000000012,VL-at,move,VL-at|move,VL,at,prep,26.0,1
134000000012,VL-at,stare,VL-at|stare,VL,at,prep,24.0,2
134000000012,VL-down,climb,VL-down|climb,VL,down,prep,20.0,1
134000000012,VL-down,come,VL-down|come,VL,down,prep,21.0,3
134000000012,VL-down,fall,VL-down|fall,VL,down,prep,18.0,18
134000000012,VL-down,get,VL-down|get,VL,down,prep,20.0,3
134000000012,VL-down,go,VL-down|go,VL,down,prep,24.0,2
134000000012,VL-down,jump,VL-down|jump,VL,down,prep,20.0,1
134000000012,VL-down,lay,VL-down|lay,VL,down,prep,21.0,8
134000000012,VL-down,lie,VL-down|lie,VL,down,prep,19.0,1
134000000012,VL-down,put,VL-down|put,VL,down,prep,23.0,2
134000000012,VL-down,sit,VL-down|sit,VL,down,prep,18.0,18
134000000012,VL-down,stay,VL-down|stay,VL,down,prep,24.0,1
134000000012,VL-down,want,VL-down|want,VL,down,prep,18.0,2
134000000012,VL-down,write,VL-down|write,VL,down,prep,25.0,2
134000000012,VL-from,come,VL-from|come,VL,from,prep,26.0,2
134000000012,VL-from,wake,VL-from|wake,VL,from,prep,26.0,6
134000000012,VL-in,belong,VL-in|belong,VL,in,prep,26.0,2
134000000012,VL-in,climb,VL-in|climb,VL,in,prep,19.0,3
134000000012,VL-in,come,VL-in|come,VL,in,prep,23.0,3
134000000012,VL-in,fall,VL-in|fall,VL,in,prep,22.0,6
134000000012,VL-in,get,VL-in|get,VL,in,prep,25.0,3
134000000012,VL-in,go,VL-in|go,VL,in,prep,21.0,21
134000000012,VL-in,have,VL-in|have,VL,in,prep,23.0,1
134000000012,VL-in,head,VL-in|head,VL,in,prep,26.0,1
134000000012,VL-in,knot,VL-in|knot,VL,in,prep,25.0,2
134000000012,VL-in,live,VL-in|live,VL,in,prep,26.0,1
134000000012,VL-in,play,VL-in|play,VL,in,prep,24.0,8
134000000012,VL-in,put,VL-in|put,VL,in,prep,21.0,20
134000000012,VL-in,read,VL-in|read,VL,in,prep,27.0,2
134000000012,VL-in,roll,VL-in|roll,VL,in,prep,27.0,1
134000000012,VL-in,save,VL-in|save,VL,in,prep,25.0,1
134000000012,VL-in,sit,VL-in|sit,VL,in,prep,22.0,17
134000000012,VL-in,sleep,VL-in|sleep,VL,in,prep,25.0,1
134000000012,VL-in,stand,VL-in|stand,VL,in,prep,27.0,1
134000000012,VL-in,stay,VL-in|stay,VL,in,prep,24.0,3
134000000012,VL-in,think,VL-in|think,VL,in,prep,21.0,2
134000000012,VL-in,wake,VL-in|wake,VL,in,prep,27.0,1
134000000012,VL-in,write,VL-in|write,VL,in,prep,25.0,1
134000000012,VL-into,go,VL-into|go,VL,into,prep,23.0,1
134000000012,VL-off,come,VL-off|come,VL,off,prep,20.0,1
134000000012,VL-off,cool,VL-off|cool,VL,off,prep,27.0,1
134000000012,VL-off,fall,VL-off|fall,VL,off,prep,23.0,3
134000000012,VL-off,get,VL-off|get,VL,off,prep,27.0,2
134000000012,VL-off,go,VL-off|go,VL,off,prep,27.0,1
134000000012,VL-off,jump,VL-off|jump,VL,off,prep,21.0,3
134000000012,VL-off,take,VL-off|take,VL,off,prep,21.0,2
134000000012,VL-off,wipe,VL-off|wipe,VL,off,prep,21.0,1
134000000012,VL-on,bang,VL-on|bang,VL,on,prep,26.0,1
134000000012,VL-on,belong,VL-on|belong,VL,on,prep,23.0,3
134000000012,VL-on,bring,VL-on|bring,VL,on,prep,22.0,4
134000000012,VL-on,climb,VL-on|climb,VL,on,prep,21.0,1
134000000012,VL-on,come,VL-on|come,VL,on,prep,22.0,8
134000000012,VL-on,do,VL-on|do,VL,on,prep,24.0,1
134000000012,VL-on,draw,VL-on|draw,VL,on,prep,26.0,1
134000000012,VL-on,drool,VL-on|drool,VL,on,prep,27.0,2
134000000012,VL-on,eat,VL-on|eat,VL,on,prep,21.0,4
134000000012,VL-on,get,VL-on|get,VL,on,prep,25.0,4
134000000012,VL-on,go,VL-on|go,VL,on,prep,22.0,14
134000000012,VL-on,have,VL-on|have,VL,on,prep,25.0,2
134000000012,VL-on,hold,VL-on|hold,VL,on,prep,21.0,1
134000000012,VL-on,jump,VL-on|jump,VL,on,prep,20.0,3
134000000012,VL-on,lay,VL-on|lay,VL,on,prep,23.0,3
134000000012,VL-on,leave,VL-on|leave,VL,on,prep,22.0,2
134000000012,VL-on,put,VL-on|put,VL,on,prep,19.0,14
134000000012,VL-on,say,VL-on|say,VL,on,prep,27.0,1
134000000012,VL-on,sit,VL-on|sit,VL,on,prep,20.0,21
134000000012,VL-on,spill,VL-on|spill,VL,on,prep,25.0,1
134000000012,VL-on,spit,VL-on|spit,VL,on,prep,27.0,1
134000000012,VL-on,stand,VL-on|stand,VL,on,prep,26.0,1
134000000012,VL-on,step,VL-on|step,VL,on,prep,25.0,1
134000000012,VL-on,strumm,VL-on|strumm,VL,on,prep,27.0,1
134000000012,VL-on,talk,VL-on|talk,VL,on,prep,22.0,2
134000000012,VL-on,turn,VL-on|turn,VL,on,prep,25.0,2
134000000012,VL-on,wear,VL-on|wear,VL,on,prep,23.0,1
134000000012,VL-on,work,VL-on|work,VL,on,prep,26.0,9
134000000012,VL-on,write,VL-on|write,VL,on,prep,21.0,16
134000000012,VL-over,fold,VL-over|fold,VL,over,prep,27.0,1
134000000012,VL-over,go,VL-over|go,VL,over,prep,24.0,1
134000000012,VL-over,look,VL-over|look,VL,over,prep,21.0,1
134000000012,VL-over,read,VL-over|read,VL,over,prep,26.0,1
134000000012,VL-over,trip,VL-over|trip,VL,over,prep,25.0,1
134000000012,VL-to,belong,VL-to|belong,VL,to,prep,24.0,1
134000000012,VL-to,drive,VL-to|drive,VL,to,prep,27.0,1
134000000012,VL-to,go,VL-to|go,VL,to,prep,22.0,26
134000000012,VL-to,listen,VL-to|listen,VL,to,prep,25.0,2
134000000012,VL-to,talk,VL-to|talk,VL,to,prep,27.0,2
134000000012,VL-to,want,VL-to|want,VL,to,prep,27.0,1
134000000012,VL-under,get,VL-under|get,VL,under,prep,23.0,1
134000000012,VL-under,go,VL-under|go,VL,under,prep,26.0,2
134000000012,VO,arm,VO|arm,VO,,schematic,18.0,1
134000000012,VO,bang,VO|bang,VO,,schematic,19.0,4
134000000012,VO,bet,VO|bet,VO,,schematic,20.0,1
134000000012,VO,bite,VO|bite,VO,,schematic,23.0,5
134000000012,VO,blow,VO|blow,VO,,schematic,21.0,29
134000000012,VO,bounce,VO|bounce,VO,,schematic,26.0,1
134000000012,VO,break,VO|break,VO,,schematic,18.0,6
134000000012,VO,bring,VO|bring,VO,,schematic,18.0,21
134000000012,VO,brown,VO|brown,VO,,schematic,26.0,1
134000000012,VO,build,VO|build,VO,,schematic,25.0,1
134000000012,VO,buy,VO|buy,VO,,schematic,20.0,13
134000000012,VO,call,VO|call,VO,,schematic,24.0,1
134000000012,VO,carry,VO|carry,VO,,schematic,21.0,5
134000000012,VO,catch,VO|catch,VO,,schematic,25.0,2
134000000012,VO,change,VO|change,VO,,schematic,18.0,12
134000000012,VO,chew,VO|chew,VO,,schematic,25.0,3
134000000012,VO,choose,VO|choose,VO,,schematic,27.0,1
134000000012,VO,clam,VO|clam,VO,,schematic,21.0,6
134000000012,VO,clean,VO|clean,VO,,schematic,21.0,2
134000000012,VO,climb,VO|climb,VO,,schematic,25.0,1
134000000012,VO,close,VO|close,VO,,schematic,24.0,2
134000000012,VO,color,VO|color,VO,,schematic,24.0,1
134000000012,VO,come,VO|come,VO,,schematic,18.0,10
134000000012,VO,cook,VO|cook,VO,,schematic,27.0,4
134000000012,VO,cool,VO|cool,VO,,schematic,22.0,2
134000000012,VO,count,VO|count,VO,,schematic,21.0,2
134000000012,VO,cover,VO|cover,VO,,schematic,21.0,1
134000000012,VO,crack,VO|crack,VO,,schematic,19.0,19
134000000012,VO,cut,VO|cut,VO,,schematic,21.0,16
134000000012,VO,digg,VO|digg,VO,,schematic,20.0,1
134000000012,VO,do,VO|do,VO,,schematic,18.0,70
134000000012,VO,draw,VO|draw,VO,,schematic,21.0,14
134000000012,VO,drink,VO|drink,VO,,schematic,19.0,37
134000000012,VO,drool,VO|drool,VO,,schematic,27.0,1
134000000012,VO,drop,VO|drop,VO,,schematic,18.0,29
134000000012,VO,drum,VO|drum,VO,,schematic,21.0,1
134000000012,VO,dry,VO|dry,VO,,schematic,22.0,1
134000000012,VO,eat,VO|eat,VO,,schematic,18.0,89
134000000012,VO,eve,VO|eve,VO,,schematic,20.0,1
134000000012,VO,excuse,VO|excuse,VO,,schematic,20.0,1
134000000012,VO,fall,VO|fall,VO,,schematic,21.0,1
134000000012,VO,feed,VO|feed,VO,,schematic,21.0,2
134000000012,VO,find,VO|find,VO,,schematic,18.0,36
134000000012,VO,finish,VO|finish,VO,,schematic,21.0,4
134000000012,VO,fix,VO|fix,VO,,schematic,18.0,31
134000000012,VO,fly,VO|fly,VO,,schematic,26.0,1
134000000012,VO,fold,VO|fold,VO,,schematic,25.0,11
134000000012,VO,forget,VO|forget,VO,,schematic,20.0,9
134000000012,VO,get,VO|get,VO,,schematic,18.0,161
134000000012,VO,give,VO|give,VO,,schematic,21.0,7
134000000012,VO,go,VO|go,VO,,schematic,19.0,42
134000000012,VO,haft,VO|haft,VO,,schematic,24.0,1
134000000012,VO,hammer,VO|hammer,VO,,schematic,23.0,8
134000000012,VO,happen,VO|happen,VO,,schematic,19.0,2
134000000012,VO,have,VO|have,VO,,schematic,18.0,269
134000000012,VO,hear,VO|hear,VO,,schematic,25.0,10
134000000012,VO,heat,VO|heat,VO,,schematic,21.0,1
134000000012,VO,help,VO|help,VO,,schematic,19.0,14
134000000012,VO,hit,VO|hit,VO,,schematic,23.0,2
134000000012,VO,hold,VO|hold,VO,,schematic,19.0,13
134000000012,VO,hurt,VO|hurt,VO,,schematic,21.0,6
134000000012,VO,ice,VO|ice,VO,,schematic,20.0,1
134000000012,VO,jump,VO|jump,VO,,schematic,20.0,16
134000000012,VO,kick,VO|kick,VO,,schematic,18.0,2
134000000012,VO,kiss,VO|kiss,VO,,schematic,21.0,2
134000000012,VO,leave,VO|leave,VO,,schematic,21.0,1
134000000012,VO,let,VO|let,VO,,schematic,21.0,85
134000000012,VO,lick,VO|lick,VO,,schematic,19.0,2
134000000012,VO,lie,VO|lie,VO,,schematic,23.0,1
134000000012,VO,like,VO|like,VO,,schematic,21.0,14
134000000012,VO,live,VO|live,VO,,schematic,26.0,1
134000000012,VO,look,VO|look,VO,,schematic,18.0,57
134000000012,VO,lose,VO|lose,VO,,schematic,22.0,3
134000000012,VO,love,VO|love,VO,,schematic,21.0,1
134000000012,VO,make,VO|make,VO,,schematic,19.0,128
134000000012,VO,move,VO|move,VO,,schematic,19.0,22
134000000012,VO,need,VO|need,VO,,schematic,20.0,15
134000000012,VO,oop,VO|oop,VO,,schematic,25.0,1
134000000012,VO,open,VO|open,VO,,schematic,22.0,22
134000000012,VO,pardon,VO|pardon,VO,,schematic,18.0,4
134000000012,VO,pass,VO|pass,VO,,schematic,27.0,2
134000000012,VO,pee,VO|pee,VO,,schematic,24.0,2
134000000012,VO,peek,VO|peek,VO,,schematic,26.0,1
134000000012,VO,peel,VO|peel,VO,,schematic,19.0,9
134000000012,VO,pick,VO|pick,VO,,schematic,19.0,4
134000000012,VO,play,VO|play,VO,,schematic,18.0,23
134000000012,VO,pop,VO|pop,VO,,schematic,22.0,1
134000000012,VO,pour,VO|pour,VO,,schematic,21.0,1
134000000012,VO,present,VO|present,VO,,schematic,21.0,1
134000000012,VO,pull,VO|pull,VO,,schematic,20.0,8
134000000012,VO,push,VO|push,VO,,schematic,21.0,17
134000000012,VO,put,VO|put,VO,,schematic,19.0,106
134000000012,VO,read,VO|read,VO,,schematic,18.0,55
134000000012,VO,remember,VO|remember,VO,,schematic,21.0,2
134000000012,VO,ride,VO|ride,VO,,schematic,21.0,5
134000000012,VO,ring,VO|ring,VO,,schematic,21.0,2
134000000012,VO,rinse,VO|rinse,VO,,schematic,21.0,2
134000000012,VO,rock,VO|rock,VO,,schematic,21.0,2
134000000012,VO,roll,VO|roll,VO,,schematic,20.0,2
134000000012,VO,run,VO|run,VO,,schematic,20.0,3
134000000012,VO,say,VO|say,VO,,schematic,25.0,14
134000000012,VO,see,VO|see,VO,,schematic,18.0,169
134000000012,VO,sell,VO|sell,VO,,schematic,20.0,2
134000000012,VO,send,VO|send,VO,,schematic,23.0,2
134000000012,VO,share,VO|share,VO,,schematic,25.0,3
134000000012,VO,sharp,VO|sharp,VO,,schematic,22.0,1
134000000012,VO,sharpen,VO|sharpen,VO,,schematic,22.0,4
134000000012,VO,shoot,VO|shoot,VO,,schematic,26.0,1
134000000012,VO,show,VO|show,VO,,schematic,21.0,3
134000000012,VO,shut,VO|shut,VO,,schematic,18.0,3
134000000012,VO,sign,VO|sign,VO,,schematic,27.0,1
134000000012,VO,sing,VO|sing,VO,,schematic,25.0,11
134000000012,VO,sit,VO|sit,VO,,schematic,19.0,16
134000000012,VO,smell,VO|smell,VO,,schematic,20.0,1
134000000012,VO,smooth,VO|smooth,VO,,schematic,24.0,1
134000000012,VO,snap,VO|snap,VO,,schematic,23.0,3
134000000012,VO,sneeze,VO|sneeze,VO,,schematic,21.0,1
134000000012,VO,spill,VO|spill,VO,,schematic,18.0,13
134000000012,VO,splash,VO|splash,VO,,schematic,20.0,1
134000000012,VO,spoon,VO|spoon,VO,,schematic,19.0,1
134000000012,VO,squash,VO|squash,VO,,schematic,21.0,1
134000000012,VO,stand,VO|stand,VO,,schematic,18.0,6
134000000012,VO,stick,VO|stick,VO,,schematic,23.0,1
134000000012,VO,stir,VO|stir,VO,,schematic,19.0,3
134000000012,VO,stop,VO|stop,VO,,schematic,21.0,1
134000000012,VO,straighten,VO|straighten,VO,,schematic,21.0,1
134000000012,VO,suck,VO|suck,VO,,schematic,26.0,1
134000000012,VO,swim,VO|swim,VO,,schematic,26.0,1
134000000012,VO,take,VO|take,VO,,schematic,19.0,56
134000000012,VO,taste,VO|taste,VO,,schematic,18.0,5
134000000012,VO,tear,VO|tear,VO,,schematic,24.0,1
134000000012,VO,tell,VO|tell,VO,,schematic,25.0,1
134000000012,VO,thank,VO|thank,VO,,schematic,18.0,2
134000000012,VO,think,VO|think,VO,,schematic,23.0,3
134000000012,VO,throw,VO|throw,VO,,schematic,23.0,5
134000000012,VO,tie,VO|tie,VO,,schematic,23.0,5
134000000012,VO,tore,VO|tore,VO,,schematic,20.0,1
134000000012,VO,touch,VO|touch,VO,,schematic,18.0,1
134000000012,VO,try,VO|try,VO,,schematic,21.0,6
134000000012,VO,turn,VO|turn,VO,,schematic,18.0,31
134000000012,VO,undo,VO|undo,VO,,schematic,27.0,1
134000000012,VO,use,VO|use,VO,,schematic,19.0,11
134000000012,VO,wait,VO|wait,VO,,schematic,20.0,2
134000000012,VO,wake,VO|wake,VO,,schematic,23.0,5
134000000012,VO,want,VO|want,VO,,schematic,18.0,173
134000000012,VO,wash,VO|wash,VO,,schematic,22.0,7
134000000012,VO,watch,VO|watch,VO,,schematic,18.0,9
134000000012,VO,wear,VO|wear,VO,,schematic,19.0,13
134000000012,VO,wind,VO|wind,VO,,schematic,24.0,4
134000000012,VO,wipe,VO|wipe,VO,,schematic,18.0,16
134000000012,VO,write,VO|write,VO,,schematic,18.0,127
134000000012,VOL,bite,VOL|bite,VOL,,schematic,23.0,7
134000000012,VOL,blow,VOL|blow,VOL,,schematic,25.0,1
134000000012,VOL,bring,VOL|bring,VOL,,schematic,22.0,3
134000000012,VOL,clean,VOL|clean,VOL,,schematic,26.0,9
134000000012,VOL,come,VOL|come,VOL,,schematic,21.0,1
134000000012,VOL,cut,VOL|cut,VOL,,schematic,22.0,3
134000000012,VOL,do,VOL|do,VOL,,schematic,21.0,3
134000000012,VOL,drink,VOL|drink,VOL,,schematic,21.0,1
134000000012,VOL,eat,VOL|eat,VOL,,schematic,21.0,4
134000000012,VOL,fall,VOL|fall,VOL,,schematic,21.0,1
134000000012,VOL,find,VOL|find,VOL,,schematic,26.0,1
134000000012,VOL,fix,VOL|fix,VOL,,schematic,26.0,1
134000000012,VOL,get,VOL|get,VOL,,schematic,22.0,6
134000000012,VOL,give,VOL|give,VOL,,schematic,26.0,4
134000000012,VOL,go,VOL|go,VOL,,schematic,21.0,4
134000000012,VOL,have,VOL|have,VOL,,schematic,22.0,23
134000000012,VOL,hear,VOL|hear,VOL,,schematic,25.0,1
134000000012,VOL,hold,VOL|hold,VOL,,schematic,26.0,1
134000000012,VOL,jump,VOL|jump,VOL,,schematic,21.0,1
134000000012,VOL,lay,VOL|lay,VOL,,schematic,21.0,1
134000000012,VOL,lie,VOL|lie,VOL,,schematic,18.0,3
134000000012,VOL,look,VOL|look,VOL,,schematic,21.0,1
134000000012,VOL,make,VOL|make,VOL,,schematic,24.0,7
134000000012,VOL,need,VOL|need,VOL,,schematic,21.0,1
134000000012,VOL,pee,VOL|pee,VOL,,schematic,23.0,1
134000000012,VOL,play,VOL|play,VOL,,schematic,27.0,1
134000000012,VOL,pull,VOL|pull,VOL,,schematic,25.0,1
134000000012,VOL,push,VOL|push,VOL,,schematic,26.0,1
134000000012,VOL,put,VOL|put,VOL,,schematic,21.0,153
134000000012,VOL,read,VOL|read,VOL,,schematic,24.0,2
134000000012,VOL,roll,VOL|roll,VOL,,schematic,27.0,1
134000000012,VOL,run,VOL|run,VOL,,schematic,20.0,1
134000000012,VOL,see,VOL|see,VOL,,schematic,25.0,1
134000000012,VOL,send,VOL|send,VOL,,schematic,26.0,2
134000000012,VOL,show,VOL|show,VOL,,schematic,25.0,1
134000000012,VOL,sit,VOL|sit,VOL,,schematic,19.0,3
134000000012,VOL,spill,VOL|spill,VOL,,schematic,21.0,5
134000000012,VOL,stick,VOL|stick,VOL,,schematic,26.0,1
134000000012,VOL,take,VOL|take,VOL,,schematic,21.0,14
134000000012,VOL,throw,VOL|throw,VOL,,schematic,26.0,1
134000000012,VOL,want,VOL|want,VOL,,schematic,23.0,5
134000000012,VOL,wash,VOL|wash,VOL,,schematic,25.0,2
134000000012,VOL,watch,VOL|watch,VOL,,schematic,25.0,1
134000000012,VOL,wipe,VOL|wipe,VOL,,schematic,25.0,1
134000000012,VOL,write,VOL|write,VOL,,schematic,22.0,6
134000000012,VOL-down,come,VOL-down|come,VOL,down,prep,21.0,1
134000000012,VOL-down,fall,VOL-down|fall,VOL,down,prep,21.0,1
134000000012,VOL-down,lay,VOL-down|lay,VOL,down,prep,21.0,1
134000000012,VOL-down,lie,VOL-down|lie,VOL,down,prep,18.0,3
134000000012,VOL-down,look,VOL-down|look,VOL,down,prep,21.0,1
134000000012,VOL-down,play,VOL-down|play,VOL,down,prep,27.0,1
134000000012,VOL-down,pull,VOL-down|pull,VOL,down,prep,25.0,1
134000000012,VOL-down,put,VOL-down|put,VOL,down,prep,22.0,10
134000000012,VOL-down,run,VOL-down|run,VOL,down,prep,20.0,1
134000000012,VOL-down,sit,VOL-down|sit,VOL,down,prep,19.0,2
134000000012,VOL-down,write,VOL-down|write,VOL,down,prep,22.0,2
134000000012,VOL-from,drink,VOL-from|drink,VOL,from,prep,21.0,1
134000000012,VOL-from,spill,VOL-from|spill,VOL,from,prep,26.0,1
134000000012,VOL-in,bite,VOL-in|bite,VOL,in,prep,23.0,7
134000000012,VOL-in,blow,VOL-in|blow,VOL,in,prep,25.0,1
134000000012,VOL-in,bring,VOL-in|bring,VOL,in,prep,23.0,1
134000000012,VOL-in,cut,VOL-in|cut,VOL,in,prep,25.0,2
134000000012,VOL-in,do,VOL-in|do,VOL,in,prep,21.0,1
134000000012,VOL-in,eat,VOL-in|eat,VOL,in,prep,21.0,2
134000000012,VOL-in,find,VOL-in|find,VOL,in,prep,26.0,1
134000000012,VOL-in,get,VOL-in|get,VOL,in,prep,27.0,1
134000000012,VOL-in,go,VOL-in|go,VOL,in,prep,21.0,3
134000000012,VOL-in,have,VOL-in|have,VOL,in,prep,23.0,15
134000000012,VOL-in,make,VOL-in|make,VOL,in,prep,25.0,4
134000000012,VOL-in,need,VOL-in|need,VOL,in,prep,21.0,1
134000000012,VOL-in,pee,VOL-in|pee,VOL,in,prep,23.0,1
134000000012,VOL-in,put,VOL-in|put,VOL,in,prep,21.0,103
134000000012,VOL-in,see,VOL-in|see,VOL,in,prep,25.0,1
134000000012,VOL-in,stick,VOL-in|stick,VOL,in,prep,26.0,1
134000000012,VOL-in,throw,VOL-in|throw,VOL,in,prep,26.0,1
134000000012,VOL-in,want,VOL-in|want,VOL,in,prep,23.0,3
134000000012,VOL-off,clean,VOL-off|clean,VOL,off,prep,26.0,8
134000000012,VOL-off,cut,VOL-off|cut,VOL,off,prep,22.0,1
134000000012,VOL-off,eat,VOL-off|eat,VOL,off,prep,26.0,2
134000000012,VOL-off,get,VOL-off|get,VOL,off,prep,25.0,2
134000000012,VOL-off,jump,VOL-off|jump,VOL,off,prep,21.0,1
134000000012,VOL-off,take,VOL-off|take,VOL,off,prep,21.0,13
134000000012,VOL-off,want,VOL-off|want,VOL,off,prep,25.0,1
134000000012,VOL-off,wash,VOL-off|wash,VOL,off,prep,25.0,2
134000000012,VOL-off,wipe,VOL-off|wipe,VOL,off,prep,25.0,1
134000000012,VOL-off,write,VOL-off|write,VOL,off,prep,24.0,1
134000000012,VOL-on,clean,VOL-on|clean,VOL,on,prep,26.0,1
134000000012,VOL-on,do,VOL-on|do,VOL,on,prep,24.0,2
134000000012,VOL-on,fix,VOL-on|fix,VOL,on,prep,26.0,1
134000000012,VOL-on,get,VOL-on|get,VOL,on,prep,22.0,3
134000000012,VOL-on,go,VOL-on|go,VOL,on,prep,25.0,1
134000000012,VOL-on,have,VOL-on|have,VOL,on,prep,22.0,8
134000000012,VOL-on,hold,VOL-on|hold,VOL,on,prep,26.0,1
134000000012,VOL-on,make,VOL-on|make,VOL,on,prep,26.0,2
134000000012,VOL-on,put,VOL-on|put,VOL,on,prep,21.0,39
134000000012,VOL-on,sit,VOL-on|sit,VOL,on,prep,25.0,1
134000000012,VOL-on,spill,VOL-on|spill,VOL,on,prep,21.0,4
134000000012,VOL-on,want,VOL-on|want,VOL,on,prep,25.0,1
134000000012,VOL-on,watch,VOL-on|watch,VOL,on,prep,25.0,1
134000000012,VOL-on,write,VOL-on|write,VOL,on,prep,25.0,3
134000000012,VOL-over,bring,VOL-over|bring,VOL,over,prep,22.0,1
134000000012,VOL-over,make,VOL-over|make,VOL,over,prep,24.0,1
134000000012,VOL-over,put,VOL-over|put,VOL,over,prep,21.0,1
134000000012,VOL-over,roll,VOL-over|roll,VOL,over,prep,27.0,1
134000000012,VOL-to,bring,VOL-to|bring,VOL,to,prep,27.0,1
134000000012,VOL-to,give,VOL-to|give,VOL,to,prep,26.0,4
134000000012,VOL-to,hear,VOL-to|hear,VOL,to,prep,25.0,1
134000000012,VOL-to,push,VOL-to|push,VOL,to,prep,26.0,1
134000000012,VOL-to,read,VOL-to|read,VOL,to,prep,24.0,2
134000000012,VOL-to,send,VOL-to|send,VOL,to,prep,26.0,2
134000000012,VOL-to,show,VOL-to|show,VOL,to,prep,25.0,1
134000000012,VOL-to,take,VOL-to|take,VOL,to,prep,25.0,1
134000000012,VOO,ask,VOO|ask,VOO,,schematic,25.0,1
134000000012,VOO,blow,VOO|blow,VOO,,schematic,27.0,1
134000000012,VOO,bring,VOO|bring,VOO,,schematic,27.0,1
134000000012,VOO,buy,VOO|buy,VOO,,schematic,21.0,5
134000000012,VOO,do,VOO|do,VOO,,schematic,20.0,3
134000000012,VOO,draw,VOO|draw,VOO,,schematic,25.0,4
134000000012,VOO,get,VOO|get,VOO,,schematic,24.0,5
134000000012,VOO,give,VOO|give,VOO,,schematic,21.0,12
134000000012,VOO,make,VOO|make,VOO,,schematic,21.0,7
134000000012,VOO,paint,VOO|paint,VOO,,schematic,26.0,1
134000000012,VOO,play,VOO|play,VOO,,schematic,22.0,2
134000000012,VOO,read,VOO|read,VOO,,schematic,24.0,4
134000000012,VOO,send,VOO|send,VOO,,schematic,22.0,1
134000000012,VOO,show,VOO|show,VOO,,schematic,18.0,8
134000000012,VOO,take,VOO|take,VOO,,schematic,23.0,2
134000000012,VOO,tell,VOO|tell,VOO,,schematic,25.0,2
134000000012,VOO,write,VOO|write,VOO,,schematic,24.0,23
134000000019,VL,bang,VL|bang,VL,,schematic,42.98562628336756,2
134000000019,VL,be,VL|be,VL,,schematic,50.03285420944559,1
134000000019,VL,begin,VL|begin,VL,,schematic,50.75564681724846,1
134000000019,VL,belong,VL|belong,VL,,schematic,44.6570841889117,5
134000000019,VL,blow,VL|blow,VL,,schematic,53.459958932238195,2
134000000019,VL,bounce,VL|bounce,VL,,schematic,39.2299794661191,1
134000000019,VL,bow,VL|bow,VL,,schematic,58.19712525667351,1
134000000019,VL,bring,VL|bring,VL,,schematic,48.459958932238195,1
134000000019,VL,bump,VL|bump,VL,,schematic,60.328542094455855,1
134000000019,VL,burn,VL|burn,VL,,schematic,51.2299794661191,1
134000000019,VL,climb,VL|climb,VL,,schematic,44.394250513347025,3
134000000019,VL,color,VL|color,VL,,schematic,50.75564681724846,3
134000000019,VL,come,VL|come,VL,,schematic,31.39425051334702,66
134000000019,VL,cool,VL|cool,VL,,schematic,46.525667351129364,2
134000000019,VL,cross,VL|cross,VL,,schematic,55.0,2
134000000019,VL,cry,VL|cry,VL,,schematic,44.19712525667351,2
134000000019,VL,cut,VL|cut,VL,,schematic,31.164271047227928,2
134000000019,VL,dance,VL|dance,VL,,schematic,58.68993839835729,1
134000000019,VL,dig,VL|dig,VL,,schematic,35.98562628336756,1
134000000019,VL,do,VL|do,VL,,schematic,48.16427104722793,4
134000000019,VL,dream,VL|dream,VL,,schematic,55.36139630390144,1
134000000019,VL,dress,VL|dress,VL,,schematic,55.78850102669404,4
134000000019,VL,dry,VL|dry,VL,,schematic,43.29568788501027,5
134000000019,VL,drying,VL|drying,VL,,schematic,43.525667351129364,1
134000000019,VL,eat,VL|eat,VL,,schematic,52.03285420944559,1
134000000019,VL,erase,VL|erase,VL,,schematic,54.328542094455855,1
134000000019,VL,fall,VL|fall,VL,,schematic,28.32854209445585,53
134000000019,VL,fight,VL|fight,VL,,schematic,55.78850102669404,2
134000000019,VL,fit,VL|fit,VL,,schematic,32.82135523613963,6
134000000019,VL,fly,VL|fly,VL,,schematic,56.6570841889117,1
134000000019,VL,forget,VL|forget,VL,,schematic,55.36139630390144,5
134000000019,VL,get,VL|get,VL,,schematic,33.459958932238195,36
134000000019,VL,go,VL|go,VL,,schematic,30.657084188911703,195
134000000019,VL,grow,VL|grow,VL,,schematic,49.13141683778234,2
134000000019,VL,guess,VL|guess,VL,,schematic,53.13141683778234,1
134000000019,VL,have,VL|have,VL,,schematic,38.06570841889117,5
134000000019,VL,hide,VL|hide,VL,,schematic,55.0,1
134000000019,VL,hold,VL|hold,VL,,schematic,32.06570841889117,5
134000000019,VL,horsie,VL|horsie,VL,,schematic,36.591375770020534,1
134000000019,VL,hurt,VL|hurt,VL,,schematic,48.16427104722793,1
134000000019,VL,jump,VL|jump,VL,,schematic,39.2299794661191,4
134000000019,VL,knock,VL|knock,VL,,schematic,37.09856262833676,1
134000000019,VL,know,VL|know,VL,,schematic,42.98562628336756,5
134000000019,VL,land,VL|land,VL,,schematic,56.6570841889117,1
134000000019,VL,lay,VL|lay,VL,,schematic,37.78850102669404,14
134000000019,VL,leak,VL|leak,VL,,schematic,43.29568788501027,2
134000000019,VL,leave,VL|leave,VL,,schematic,31.591375770020534,1
134000000019,VL,lie,VL|lie,VL,,schematic,40.525667351129364,3
134000000019,VL,listen,VL|listen,VL,,schematic,39.6570841889117,2
134000000019,VL,live,VL|live,VL,,schematic,36.8870636550308,6
134000000019,VL,look,VL|look,VL,,schematic,36.8870636550308,78
134000000019,VL,love,VL|love,VL,,schematic,31.39425051334702,1
134000000019,VL,mean,VL|mean,VL,,schematic,43.29568788501027,1
134000000019,VL,move,VL|move,VL,,schematic,49.36139630390144,1
134000000019,VL,party,VL|party,VL,,schematic,38.328542094455855,1
134000000019,VL,peek,VL|peek,VL,,schematic,28.39425051334702,4
134000000019,VL,peel,VL|peel,VL,,schematic,48.91991786447639,1
134000000019,VL,pick,VL|pick,VL,,schematic,39.2299794661191,2
134000000019,VL,play,VL|play,VL,,schematic,45.85420944558521,4
134000000019,VL,point,VL|point,VL,,schematic,53.95277207392197,2
134000000019,VL,pop,VL|pop,VL,,schematic,57.13141683778234,1
134000000019,VL,pour,VL|pour,VL,,schematic,50.29568788501027,1
134000000019,VL,pow,VL|pow,VL,,schematic,52.591375770020534,1
134000000019,VL,pray,VL|pray,VL,,schematic,49.91991786447639,1
134000000019,VL,push,VL|push,VL,,schematic,56.2299794661191,2
134000000019,VL,put,VL|put,VL,,schematic,28.854209445585216,15
134000000019,VL,rain,VL|rain,VL,,schematic,47.29568788501027,1
134000000019,VL,remember,VL|remember,VL,,schematic,43.525667351129364,1
134000000019,VL,ride,VL|ride,VL,,schematic,36.591375770020534,4
134000000019,VL,ring,VL|ring,VL,,schematic,32.06570841889117,1
134000000019,VL,roll,VL|roll,VL,,schematic,51.427104722792606,5
134000000019,VL,run,VL|run,VL,,schematic,46.525667351129364,3
134000000019,VL,runn,VL|runn,VL,,schematic,49.91991786447639,1
134000000019,VL,salute,VL|salute,VL,,schematic,58.19712525667351,2
134000000019,VL,say,VL|say,VL,,schematic,31.164271047227928,9
134000000019,VL,scream,VL|scream,VL,,schematic,43.75564681724846,1
134000000019,VL,scribble,VL|scribble,VL,,schematic,54.16427104722793,1
134000000019,VL,see,VL|see,VL,,schematic,36.591375770020534,6
134000000019,VL,share,VL|share,VL,,schematic,60.525667351129364,1
134000000019,VL,show,VL|show,VL,,schematic,48.91991786447639,1
134000000019,VL,shrink,VL|shrink,VL,,schematic,58.68993839835729,1
134000000019,VL,shut,VL|shut,VL,,schematic,36.8870636550308,2
134000000019,VL,sing,VL|sing,VL,,schematic,46.525667351129364,1
134000000019,VL,sit,VL|sit,VL,,schematic,32.06570841889117,42
134000000019,VL,skip,VL|skip,VL,,schematic,40.85420944558521,1
134000000019,VL,sleep,VL|sleep,VL,,schematic,40.525667351129364,7
134000000019,VL,slide,VL|slide,VL,,schematic,38.328542094455855,5
134000000019,VL,speak,VL|speak,VL,,schematic,42.98562628336756,1
134000000019,VL,spend,VL|spend,VL,,schematic,50.91991786447639,1
134000000019,VL,splash,VL|splash,VL,,schematic,43.525667351129364,2
134000000019,VL,stand,VL|stand,VL,,schematic,42.75564681724846,11
134000000019,VL,start,VL|start,VL,,schematic,42.525667351129364,6
134000000019,VL,stay,VL|stay,VL,,schematic,28.55852156057495,14
134000000019,VL,step,VL|step,VL,,schematic,36.8870636550308,5
134000000019,VL,stick,VL|stick,VL,,schematic,49.13141683778234,9
134000000019,VL,study,VL|study,VL,,schematic,60.525667351129364,1
134000000019,VL,swim,VL|swim,VL,,schematic,34.78850102669404,2
134000000019,VL,take,VL|take,VL,,schematic,28.32854209445585,1
134000000019,VL,talk,VL|talk,VL,,schematic,38.06570841889117,12
134000000019,VL,think,VL|think,VL,,schematic,55.78850102669404,2
134000000019,VL,tie,VL|tie,VL,,schematic,50.75564681724846,1
134000000019,VL,tip,VL|tip,VL,,schematic,37.328542094455855,3
134000000019,VL,turn,VL|turn,VL,,schematic,33.19712525667351,5
134000000019,VL,upside,VL|upside,VL,,schematic,36.591375770020534,3
134000000019,VL,wake,VL|wake,VL,,schematic,53.26283367556468,1
134000000019,VL,walk,VL|walk,VL,,schematic,46.29568788501027,8
134000000019,VL,want,VL|want,VL,,schematic,32.82135523613963,5
134000000019,VL,watch,VL|watch,VL,,schematic,33.6570841889117,1
134000000019,VL,whip,VL|whip,VL,,schematic,37.328542094455855,1
134000000019,VL,whoop,VL|whoop,VL,,schematic,60.82135523613963,1
134000000019,VL,wipe,VL|wipe,VL,,schematic,37.09856262833676,1
134000000019,VL,write,VL|write,VL,,schematic,31.39425051334702,31
134000000019,VL,yell,VL|yell,VL,,schematic,43.75564681724846,2
134000000019,VL-about,do,VL-about|do,VL,about,prep,56.2299794661191,1
134000000019,VL-about,dream,VL-about|dream,VL,about,prep,55.36139630390144,1
134000000019,VL-about,forget,VL-about|forget,VL,about,prep,55.78850102669404,4
134000000019,VL-about,know,VL-about|know,VL,about,prep,42.98562628336756,4
134000000019,VL-about,sing,VL-about|sing,VL,about,prep,46.525667351129364,1
134000000019,VL-about,talk,VL-about|talk,VL,about,prep,48.16427104722793,2
134000000019,VL-about,think,VL-about|think,VL,about,prep,55.78850102669404,1
134000000019,VL-across,live,VL-across|live,VL,across,prep,59.13141683778234,1
134000000019,VL-across,run,VL-across|run,VL,across,prep,46.525667351129364,1
134000000019,VL-around,go,VL-around|go,VL,around,prep,55.0,2
134000000019,VL-at,cry,VL-at|cry,VL,at,prep,44.19712525667351,1
134000000019,VL-at,get,VL-at|get,VL,at,prep,33.6570841889117,1
134000000019,VL-at,go,VL-at|go,VL,at,prep,54.78850102669404,1
134000000019,VL-at,look,VL-at|look,VL,at,prep,37.78850102669404,61
134000000019,VL-at,party,VL-at|party,VL,at,prep,38.328542094455855,1
134000000019,VL-at,peek,VL-at|peek,VL,at,prep,53.95277207392197,1
134000000019,VL-at,scream,VL-at|scream,VL,at,prep,43.75564681724846,1
134000000019,VL-at,stand,VL-at|stand,VL,at,prep,55.78850102669404,1
134000000019,VL-at,study,VL-at|study,VL,at,prep,60.525667351129364,1
134000000019,VL-at,yell,VL-at|yell,VL,at,prep,43.75564681724846,2
134000000019,VL-down,burn,VL-down|burn,VL,down,prep,51.2299794661191,1
134000000019,VL-down,climb,VL-down|climb,VL,down,prep,44.394250513347025,2
134000000019,VL-down,come,VL-down|come,VL,down,prep,49.91991786447639,4
134000000019,VL-down,cool,VL-down|cool,VL,down,prep,57.13141683778234,1
134000000019,VL-down,cry,VL-down|cry,VL,down,prep,48.91991786447639,1
134000000019,VL-down,fall,VL-down|fall,VL,down,prep,30.657084188911703,38
134000000019,VL-down,get,VL-down|get,VL,down,prep,33.459958932238195,5
134000000019,VL-down,go,VL-down|go,VL,down,prep,30.657084188911703,17
134000000019,VL-down,land,VL-down|land,VL,down,prep,56.6570841889117,1
134000000019,VL-down,lay,VL-down|lay,VL,down,prep,37.78850102669404,10
134000000019,VL-down,lie,VL-down|lie,VL,down,prep,40.525667351129364,3
134000000019,VL-down,live,VL-down|live,VL,down,prep,36.8870636550308,2
134000000019,VL-down,mean,VL-down|mean,VL,down,prep,43.29568788501027,1
134000000019,VL-down,move,VL-down|move,VL,down,prep,49.36139630390144,1
134000000019,VL-down,put,VL-down|put,VL,down,prep,33.19712525667351,1
134000000019,VL-down,ride,VL-down|ride,VL,down,prep,36.591375770020534,1
134000000019,VL-down,run,VL-down|run,VL,down,prep,48.459958932238195,1
134000000019,VL-down,sit,VL-down|sit,VL,down,prep,32.06570841889117,24
134000000019,VL-down,slide,VL-down|slide,VL,down,prep,58.19712525667351,3
134000000019,VL-down,stay,VL-down|stay,VL,down,prep,52.03285420944559,2
134000000019,VL-down,stick,VL-down|stick,VL,down,prep,49.13141683778234,7
134000000019,VL-down,take,VL-down|take,VL,down,prep,28.32854209445585,1
134000000019,VL-down,upside,VL-down|upside,VL,down,prep,36.591375770020534,2
134000000019,VL-from,come,VL-from|come,VL,from,prep,40.03285420944559,3
134000000019,VL-from,get,VL-from|get,VL,from,prep,38.06570841889117,2
134000000019,VL-from,peel,VL-from|peel,VL,from,prep,48.91991786447639,1
134000000019,VL-from,share,VL-from|share,VL,from,prep,60.525667351129364,1
134000000019,VL-from,start,VL-from|start,VL,from,prep,60.328542094455855,3
134000000019,VL-in,be,VL-in|be,VL,in,prep,50.03285420944559,1
134000000019,VL-in,belong,VL-in|belong,VL,in,prep,48.91991786447639,4
134000000019,VL-in,blow,VL-in|blow,VL,in,prep,56.427104722792606,1
134000000019,VL-in,bounce,VL-in|bounce,VL,in,prep,39.2299794661191,1
134000000019,VL-in,bring,VL-in|bring,VL,in,prep,48.459958932238195,1
134000000019,VL-in,climb,VL-in|climb,VL,in,prep,53.459958932238195,1
134000000019,VL-in,color,VL-in|color,VL,in,prep,55.36139630390144,2
134000000019,VL-in,come,VL-in|come,VL,in,prep,38.75564681724846,5
134000000019,VL-in,dance,VL-in|dance,VL,in,prep,58.68993839835729,1
134000000019,VL-in,dig,VL-in|dig,VL,in,prep,35.98562628336756,1
134000000019,VL-in,do,VL-in|do,VL,in,prep,54.328542094455855,1
134000000019,VL-in,dress,VL-in|dress,VL,in,prep,55.78850102669404,4
134000000019,VL-in,fit,VL-in|fit,VL,in,prep,32.82135523613963,6
134000000019,VL-in,forget,VL-in|forget,VL,in,prep,55.36139630390144,1
134000000019,VL-in,get,VL-in|get,VL,in,prep,42.98562628336756,8
134000000019,VL-in,go,VL-in|go,VL,in,prep,35.558521560574945,44
134000000019,VL-in,guess,VL-in|guess,VL,in,prep,53.13141683778234,1
134000000019,VL-in,have,VL-in|have,VL,in,prep,54.328542094455855,3
134000000019,VL-in,hold,VL-in|hold,VL,in,prep,32.06570841889117,1
134000000019,VL-in,horsie,VL-in|horsie,VL,in,prep,36.591375770020534,1
134000000019,VL-in,hurt,VL-in|hurt,VL,in,prep,48.16427104722793,1
134000000019,VL-in,jump,VL-in|jump,VL,in,prep,45.591375770020534,1
134000000019,VL-in,know,VL-in|know,VL,in,prep,49.91991786447639,1
134000000019,VL-in,lay,VL-in|lay,VL,in,prep,49.591375770020534,2
134000000019,VL-in,live,VL-in|live,VL,in,prep,48.91991786447639,1
134000000019,VL-in,look,VL-in|look,VL,in,prep,41.2299794661191,8
134000000019,VL-in,peek,VL-in|peek,VL,in,prep,28.39425051334702,2
134000000019,VL-in,play,VL-in|play,VL,in,prep,45.85420944558521,4
134000000019,VL-in,pop,VL-in|pop,VL,in,prep,57.13141683778234,1
134000000019,VL-in,pour,VL-in|pour,VL,in,prep,50.29568788501027,1
134000000019,VL-in,pow,VL-in|pow,VL,in,prep,52.591375770020534,1
134000000019,VL-in,push,VL-in|push,VL,in,prep,56.2299794661191,2
134000000019,VL-in,put,VL-in|put,VL,in,prep,28.854209445585216,8
134000000019,VL-in,ride,VL-in|ride,VL,in,prep,53.26283367556468,1
134000000019,VL-in,ring,VL-in|ring,VL,in,prep,32.06570841889117,1
134000000019,VL-in,run,VL-in|run,VL,in,prep,57.85420944558521,1
134000000019,VL-in,say,VL-in|say,VL,in,prep,33.6570841889117,2
134000000019,VL-in,see,VL-in|see,VL,in,prep,36.591375770020534,4
134000000019,VL-in,show,VL-in|show,VL,in,prep,48.91991786447639,1
134000000019,VL-in,sit,VL-in|sit,VL,in,prep,56.427104722792606,1
134000000019,VL-in,sleep,VL-in|sleep,VL,in,prep,47.525667351129364,1
134000000019,VL-in,slide,VL-in|slide,VL,in,prep,53.459958932238195,1
134000000019,VL-in,stand,VL-in|stand,VL,in,prep,50.29568788501027,2
134000000019,VL-in,stay,VL-in|stay,VL,in,prep,28.55852156057495,11
134000000019,VL-in,step,VL-in|step,VL,in,prep,50.03285420944559,1
134000000019,VL-in,swim,VL-in|swim,VL,in,prep,34.78850102669404,2
134000000019,VL-in,talk,VL-in|talk,VL,in,prep,54.328542094455855,1
134000000019,VL-in,think,VL-in|think,VL,in,prep,57.394250513347025,1
134000000019,VL-in,turn,VL-in|turn,VL,in,prep,53.13141683778234,1
134000000019,VL-in,wake,VL-in|wake,VL,in,prep,53.26283367556468,1
134000000019,VL-in,want,VL-in|want,VL,in,prep,32.82135523613963,5
134000000019,VL-in,whoop,VL-in|whoop,VL,in,prep,60.82135523613963,1
134000000019,VL-in,write,VL-in|write,VL,in,prep,36.8870636550308,1
134000000019,VL-inside,say,VL-inside|say,VL,inside,prep,60.82135523613963,1
134000000019,VL-into,bump,VL-into|bump,VL,into,prep,60.328542094455855,1
134000000019,VL-into,fly,VL-into|fly,VL,into,prep,56.6570841889117,1
134000000019,VL-into,get,VL-into|get,VL,into,prep,54.78850102669404,1
134000000019,VL-into,go,VL-into|go,VL,into,prep,44.6570841889117,1
134000000019,VL-into,grow,VL-into|grow,VL,into,prep,56.6570841889117,1
134000000019,VL-into,look,VL-into|look,VL,into,prep,46.03285420944559,2
134000000019,VL-into,turn,VL-into|turn,VL,into,prep,59.13141683778234,1
134000000019,VL-into,walk,VL-into|walk,VL,into,prep,46.29568788501027,1
134000000019,VL-off,come,VL-off|come,VL,off,prep,34.78850102669404,25
134000000019,VL-off,cool,VL-off|cool,VL,off,prep,46.525667351129364,1
134000000019,VL-off,cut,VL-off|cut,VL,off,prep,31.164271047227928,2
134000000019,VL-off,do,VL-off|do,VL,off,prep,50.03285420944559,1
134000000019,VL-off,dry,VL-off|dry,VL,off,prep,43.29568788501027,4
134000000019,VL-off,drying,VL-off|drying,VL,off,prep,43.525667351129364,1
134000000019,VL-off,erase,VL-off|erase,VL,off,prep,54.328542094455855,1
134000000019,VL-off,fall,VL-off|fall,VL,off,prep,34.36139630390144,14
134000000019,VL-off,get,VL-off|get,VL,off,prep,37.09856262833676,9
134000000019,VL-off,go,VL-off|go,VL,off,prep,42.75564681724846,3
134000000019,VL-off,grow,VL-off|grow,VL,off,prep,49.13141683778234,1
134000000019,VL-off,shut,VL-off|shut,VL,off,prep,36.8870636550308,2
134000000019,VL-off,slide,VL-off|slide,VL,off,prep,38.328542094455855,1
134000000019,VL-off,turn,VL-off|turn,VL,off,prep,34.16427104722793,1
134000000019,VL-off,wipe,VL-off|wipe,VL,off,prep,37.09856262833676,1
134000000019,VL-on,bang,VL-on|bang,VL,on,prep,42.98562628336756,2
134000000019,VL-on,blow,VL-on|blow,VL,on,prep,53.459958932238195,1
134000000019,VL-on,come,VL-on|come,VL,on,prep,31.39425051334702,16
134000000019,VL-on,dry,VL-on|dry,VL,on,prep,57.85420944558521,1
134000000019,VL-on,fall,VL-on|fall,VL,on,prep,28.32854209445585,1
134000000019,VL-on,get,VL-on|get,VL,on,prep,41.03285420944559,7
134000000019,VL-on,go,VL-on|go,VL,on,prep,35.558521560574945,42
134000000019,VL-on,have,VL-on|have,VL,on,prep,38.06570841889117,2
134000000019,VL-on,hold,VL-on|hold,VL,on,prep,32.06570841889117,3
134000000019,VL-on,jump,VL-on|jump,VL,on,prep,39.2299794661191,1
134000000019,VL-on,knock,VL-on|knock,VL,on,prep,37.09856262833676,1
134000000019,VL-on,lay,VL-on|lay,VL,on,prep,40.85420944558521,2
134000000019,VL-on,leak,VL-on|leak,VL,on,prep,43.29568788501027,2
134000000019,VL-on,leave,VL-on|leave,VL,on,prep,31.591375770020534,1
134000000019,VL-on,live,VL-on|live,VL,on,prep,47.95277207392197,1
134000000019,VL-on,love,VL-on|love,VL,on,prep,31.39425051334702,1
134000000019,VL-on,peek,VL-on|peek,VL,on,prep,53.95277207392197,1
134000000019,VL-on,pick,VL-on|pick,VL,on,prep,39.2299794661191,2
134000000019,VL-on,put,VL-on|put,VL,on,prep,30.657084188911703,5
134000000019,VL-on,rain,VL-on|rain,VL,on,prep,47.29568788501027,1
134000000019,VL-on,ride,VL-on|ride,VL,on,prep,40.85420944558521,2
134000000019,VL-on,say,VL-on|say,VL,on,prep,43.98562628336756,3
134000000019,VL-on,scribble,VL-on|scribble,VL,on,prep,54.16427104722793,1
134000000019,VL-on,see,VL-on|see,VL,on,prep,41.6570841889117,2
134000000019,VL-on,sit,VL-on|sit,VL,on,prep,35.558521560574945,16
134000000019,VL-on,skip,VL-on|skip,VL,on,prep,40.85420944558521,1
134000000019,VL-on,sleep,VL-on|sleep,VL,on,prep,60.98562628336756,1
134000000019,VL-on,spend,VL-on|spend,VL,on,prep,50.91991786447639,1
134000000019,VL-on,splash,VL-on|splash,VL,on,prep,43.525667351129364,2
134000000019,VL-on,stand,VL-on|stand,VL,on,prep,42.75564681724846,8
134000000019,VL-on,start,VL-on|start,VL,on,prep,59.427104722792606,2
134000000019,VL-on,step,VL-on|step,VL,on,prep,36.8870636550308,4
134000000019,VL-on,tie,VL-on|tie,VL,on,prep,50.75564681724846,1
134000000019,VL-on,turn,VL-on|turn,VL,on,prep,33.19712525667351,1
134000000019,VL-on,upside,VL-on|upside,VL,on,prep,56.427104722792606,1
134000000019,VL-on,walk,VL-on|walk,VL,on,prep,49.91991786447639,5
134000000019,VL-on,whip,VL-on|whip,VL,on,prep,37.328542094455855,1
134000000019,VL-on,write,VL-on|write,VL,on,prep,31.39425051334702,26
134000000019,VL-over,begin,VL-over|begin,VL,over,prep,50.75564681724846,1
134000000019,VL-over,color,VL-over|color,VL,over,prep,50.75564681724846,1
134000000019,VL-over,come,VL-over|come,VL,over,prep,45.85420944558521,6
134000000019,VL-over,cross,VL-over|cross,VL,over,prep,55.0,2
134000000019,VL-over,eat,VL-over|eat,VL,over,prep,52.03285420944559,1
134000000019,VL-over,fight,VL-over|fight,VL,over,prep,55.78850102669404,2
134000000019,VL-over,go,VL-over|go,VL,over,prep,34.36139630390144,6
134000000019,VL-over,jump,VL-over|jump,VL,over,prep,58.8870636550308,1
134000000019,VL-over,look,VL-over|look,VL,over,prep,39.427104722792606,2
134000000019,VL-over,roll,VL-over|roll,VL,over,prep,56.427104722792606,2
134000000019,VL-over,runn,VL-over|runn,VL,over,prep,49.91991786447639,1
134000000019,VL-over,shrink,VL-over|shrink,VL,over,prep,58.68993839835729,1
134000000019,VL-over,sleep,VL-over|sleep,VL,over,prep,43.75564681724846,4
134000000019,VL-over,start,VL-over|start,VL,over,prep,42.525667351129364,1
134000000019,VL-over,stay,VL-over|stay,VL,over,prep,57.13141683778234,1
134000000019,VL-over,tip,VL-over|tip,VL,over,prep,37.328542094455855,3
134000000019,VL-over,watch,VL-over|watch,VL,over,prep,33.6570841889117,1
134000000019,VL-over,write,VL-over|write,VL,over,prep,36.8870636550308,4
134000000019,VL-through,get,VL-through|get,VL,through,prep,53.13141683778234,1
134000000019,VL-through,jump,VL-through|jump,VL,through,prep,58.19712525667351,1
134000000019,VL-through,look,VL-through|look,VL,through,prep,36.8870636550308,3
134000000019,VL-through,say,VL-through|say,VL,through,prep,58.8870636550308,1
134000000019,VL-to,belong,VL-to|belong,VL,to,prep,44.6570841889117,1
134000000019,VL-to,bow,VL-to|bow,VL,to,prep,58.19712525667351,1
134000000019,VL-to,come,VL-to|come,VL,to,prep,39.2299794661191,7
134000000019,VL-to,do,VL-to|do,VL,to,prep,48.16427104722793,1
134000000019,VL-to,get,VL-to|get,VL,to,prep,46.29568788501027,2
134000000019,VL-to,go,VL-to|go,VL,to,prep,36.591375770020534,77
134000000019,VL-to,hold,VL-to|hold,VL,to,prep,55.0,1
134000000019,VL-to,listen,VL-to|listen,VL,to,prep,39.6570841889117,2
134000000019,VL-to,live,VL-to|live,VL,to,prep,40.85420944558521,1
134000000019,VL-to,look,VL-to|look,VL,to,prep,51.427104722792606,2
134000000019,VL-to,point,VL-to|point,VL,to,prep,53.95277207392197,2
134000000019,VL-to,pray,VL-to|pray,VL,to,prep,49.91991786447639,1
134000000019,VL-to,put,VL-to|put,VL,to,prep,32.06570841889117,1
134000000019,VL-to,remember,VL-to|remember,VL,to,prep,43.525667351129364,1
134000000019,VL-to,roll,VL-to|roll,VL,to,prep,51.427104722792606,3
134000000019,VL-to,salute,VL-to|salute,VL,to,prep,58.19712525667351,2
134000000019,VL-to,say,VL-to|say,VL,to,prep,31.164271047227928,2
134000000019,VL-to,sit,VL-to|sit,VL,to,prep,42.75564681724846,1
134000000019,VL-to,speak,VL-to|speak,VL,to,prep,42.98562628336756,1
134000000019,VL-to,stick,VL-to|stick,VL,to,prep,52.36139630390144,2
134000000019,VL-to,talk,VL-to|talk,VL,to,prep,38.06570841889117,9
134000000019,VL-to,turn,VL-to|turn,VL,to,prep,57.85420944558521,1
134000000019,VL-to,walk,VL-to|walk,VL,to,prep,50.29568788501027,1
134000000019,VL-under,go,VL-under|go,VL,under,prep,49.13141683778234,2
134000000019,VL-under,hide,VL-under|hide,VL,under,prep,55.0,1
134000000019,VL-under,sleep,VL-under|sleep,VL,under,prep,40.525667351129364,1
134000000019,VL-under,walk,VL-under|walk,VL,under,prep,48.16427104722793,1
134000000019,VO,add,VO|add,VO,,schematic,56.427104722792606,3
134000000019,VO,answer,VO|answer,VO,,schematic,61.19712525667351,1
134000000019,VO,bag,VO|bag,VO,,schematic,36.8870636550308,1
134000000019,VO,bake,VO|bake,VO,,schematic,48.91991786447639,1
134000000019,VO,bang,VO|bang,VO,,schematic,37.328542094455855,4
134000000019,VO,bear,VO|bear,VO,,schematic,27.62422997946612,2
134000000019,VO,beat,VO|beat,VO,,schematic,34.6570841889117,7
134000000019,VO,believe,VO|believe,VO,,schematic,53.72279260780287,2
134000000019,VO,bend,VO|bend,VO,,schematic,50.75564681724846,1
134000000019,VO,bet,VO|bet,VO,,schematic,34.78850102669404,3
134000000019,VO,bite,VO|bite,VO,,schematic,28.32854209445585,55
134000000019,VO,ble,VO|ble,VO,,schematic,55.78850102669404,1
134000000019,VO,bless,VO|bless,VO,,schematic,34.16427104722793,3
134000000019,VO,blow,VO|blow,VO,,schematic,31.919917864476385,17
134000000019,VO,boo,VO|boo,VO,,schematic,31.39425051334702,1
134000000019,VO,bop,VO|bop,VO,,schematic,35.558521560574945,2
134000000019,VO,bother,VO|bother,VO,,schematic,44.6570841889117,4
134000000019,VO,bounce,VO|bounce,VO,,schematic,29.985626283367555,6
134000000019,VO,break,VO|break,VO,,schematic,27.164271047227928,94
134000000019,VO,bring,VO|bring,VO,,schematic,31.591375770020534,43
134000000019,VO,brush,VO|brush,VO,,schematic,37.09856262833676,3
134000000019,VO,build,VO|build,VO,,schematic,41.6570841889117,2
134000000019,VO,bump,VO|bump,VO,,schematic,30.657084188911703,10
134000000019,VO,burn,VO|burn,VO,,schematic,45.591375770020534,4
134000000019,VO,bury,VO|bury,VO,,schematic,54.16427104722793,2
134000000019,VO,bus,VO|bus,VO,,schematic,33.6570841889117,1
134000000019,VO,bust,VO|bust,VO,,schematic,34.78850102669404,2
134000000019,VO,buy,VO|buy,VO,,schematic,31.164271047227928,31
134000000019,VO,call,VO|call,VO,,schematic,30.427104722792606,17
134000000019,VO,carry,VO|carry,VO,,schematic,36.591375770020534,14
134000000019,VO,cat,VO|cat,VO,,schematic,45.85420944558521,1
134000000019,VO,catch,VO|catch,VO,,schematic,35.06570841889117,37
134000000019,VO,change,VO|change,VO,,schematic,45.85420944558521,3
134000000019,VO,chase,VO|chase,VO,,schematic,39.2299794661191,9
134000000019,VO,chew,VO|chew,VO,,schematic,36.591375770020534,12
134000000019,VO,choke,VO|choke,VO,,schematic,34.78850102669404,1
134000000019,VO,chop,VO|chop,VO,,schematic,60.328542094455855,1
134000000019,VO,clap,VO|clap,VO,,schematic,49.36139630390144,4
134000000019,VO,clean,VO|clean,VO,,schematic,32.82135523613963,7
134000000019,VO,climb,VO|climb,VO,,schematic,44.19712525667351,4
134000000019,VO,clobber,VO|clobber,VO,,schematic,58.19712525667351,1
134000000019,VO,close,VO|close,VO,,schematic,33.6570841889117,16
134000000019,VO,color,VO|color,VO,,schematic,37.558521560574945,20
134000000019,VO,colore,VO|colore,VO,,schematic,37.558521560574945,1
134000000019,VO,comb,VO|comb,VO,,schematic,34.78850102669404,17
134000000019,VO,come,VO|come,VO,,schematic,32.82135523613963,19
134000000019,VO,cook,VO|cook,VO,,schematic,35.558521560574945,5
134000000019,VO,copy,VO|copy,VO,,schematic,50.91991786447639,6
134000000019,VO,cost,VO|cost,VO,,schematic,39.427104722792606,1
134000000019,VO,count,VO|count,VO,,schematic,31.919917864476385,8
134000000019,VO,cover,VO|cover,VO,,schematic,32.82135523613963,6
134000000019,VO,crisscross,VO|crisscross,VO,,schematic,60.82135523613963,1
134000000019,VO,cross,VO|cross,VO,,schematic,33.0,3
134000000019,VO,crumble,VO|crumble,VO,,schematic,57.13141683778234,1
134000000019,VO,cuckoo,VO|cuckoo,VO,,schematic,32.06570841889117,4
134000000019,VO,cup,VO|cup,VO,,schematic,49.91991786447639,1
134000000019,VO,curl,VO|curl,VO,,schematic,33.95277207392197,3
134000000019,VO,cut,VO|cut,VO,,schematic,35.98562628336756,31
134000000019,VO,dip,VO|dip,VO,,schematic,28.62422997946612,1
134000000019,VO,do,VO|do,VO,,schematic,28.55852156057495,282
134000000019,VO,dope,VO|dope,VO,,schematic,45.09856262833676,1
134000000019,VO,drag,VO|drag,VO,,schematic,58.19712525667351,1
134000000019,VO,draw,VO|draw,VO,,schematic,38.75564681724846,24
134000000019,VO,dress,VO|dress,VO,,schematic,33.6570841889117,5
134000000019,VO,drink,VO|drink,VO,,schematic,33.6570841889117,24
134000000019,VO,drive,VO|drive,VO,,schematic,45.85420944558521,2
134000000019,VO,drop,VO|drop,VO,,schematic,38.75564681724846,8
134000000019,VO,dry,VO|dry,VO,,schematic,48.459958932238195,2
134000000019,VO,duck,VO|duck,VO,,schematic,49.591375770020534,1
134000000019,VO,dump,VO|dump,VO,,schematic,32.82135523613963,4
134000000019,VO,earring,VO|earring,VO,,schematic,35.558521560574945,1
134000000019,VO,eat,VO|eat,VO,,schematic,27.164271047227928,60
134000000019,VO,eee,VO|eee,VO,,schematic,27.919917864476385,3
134000000019,VO,erase,VO|erase,VO,,schematic,51.2299794661191,3
134000000019,VO,excuse,VO|excuse,VO,,schematic,34.16427104722793,2
134000000019,VO,eye,VO|eye,VO,,schematic,31.39425051334702,1
134000000019,VO,face,VO|face,VO,,schematic,53.13141683778234,1
134000000019,VO,fall,VO|fall,VO,,schematic,30.657084188911703,3
134000000019,VO,feed,VO|feed,VO,,schematic,38.525667351129364,4
134000000019,VO,feel,VO|feel,VO,,schematic,38.328542094455855,7
134000000019,VO,fight,VO|fight,VO,,schematic,55.78850102669404,1
134000000019,VO,file,VO|file,VO,,schematic,43.525667351129364,1
134000000019,VO,fill,VO|fill,VO,,schematic,38.525667351129364,1
134000000019,VO,find,VO|find,VO,,schematic,31.919917864476385,84
134000000019,VO,finish,VO|finish,VO,,schematic,47.95277207392197,1
134000000019,VO,fit,VO|fit,VO,,schematic,32.82135523613963,13
134000000019,VO,fix,VO|fix,VO,,schematic,29.82135523613963,57
134000000019,VO,fly,VO|fly,VO,,schematic,48.91991786447639,2
134000000019,VO,fold,VO|fold,VO,,schematic,55.558521560574945,5
134000000019,VO,follow,VO|follow,VO,,schematic,60.98562628336756,1
134000000019,VO,fool,VO|fool,VO,,schematic,58.8870636550308,3
134000000019,VO,forget,VO|forget,VO,,schematic,35.558521560574945,18
134000000019,VO,fox,VO|fox,VO,,schematic,48.91991786447639,1
134000000019,VO,freeze,VO|freeze,VO,,schematic,42.98562628336756,5
134000000019,VO,frize,VO|frize,VO,,schematic,33.459958932238195,1
134000000019,VO,get,VO|get,VO,,schematic,27.229979466119097,726
134000000019,VO,giddyup,VO|giddyup,VO,,schematic,58.8870636550308,4
134000000019,VO,give,VO|give,VO,,schematic,31.164271047227928,9
134000000019,VO,go,VO|go,VO,,schematic,28.32854209445585,126
134000000019,VO,grab,VO|grab,VO,,schematic,53.95277207392197,1
134000000019,VO,guess,VO|guess,VO,,schematic,50.03285420944559,6
134000000019,VO,guide,VO|guide,VO,,schematic,52.82135523613963,1
134000000019,VO,haft,VO|haft,VO,,schematic,60.525667351129364,1
134000000019,VO,hate,VO|hate,VO,,schematic,40.29568788501027,20
134000000019,VO,have,VO|have,VO,,schematic,29.985626283367555,366
134000000019,VO,head,VO|head,VO,,schematic,28.62422997946612,1
134000000019,VO,hear,VO|hear,VO,,schematic,28.55852156057495,27
134000000019,VO,help,VO|help,VO,,schematic,27.722792607802873,33
134000000019,VO,hide,VO|hide,VO,,schematic,27.854209445585216,7
134000000019,VO,hit,VO|hit,VO,,schematic,28.39425051334702,50
134000000019,VO,hold,VO|hold,VO,,schematic,28.854209445585216,59
134000000019,VO,holler,VO|holler,VO,,schematic,55.36139630390144,1
134000000019,VO,hop,VO|hop,VO,,schematic,45.85420944558521,1
134000000019,VO,hope,VO|hope,VO,,schematic,54.78850102669404,1
134000000019,VO,hug,VO|hug,VO,,schematic,35.558521560574945,2
134000000019,VO,hurt,VO|hurt,VO,,schematic,34.16427104722793,24
134000000019,VO,iron,VO|iron,VO,,schematic,30.657084188911703,1
134000000019,VO,jingle,VO|jingle,VO,,schematic,40.85420944558521,5
134000000019,VO,jump,VO|jump,VO,,schematic,30.427104722792606,4
134000000019,VO,keep,VO|keep,VO,,schematic,38.525667351129364,8
134000000019,VO,kick,VO|kick,VO,,schematic,34.78850102669404,14
134000000019,VO,kid,VO|kid,VO,,schematic,49.36139630390144,2
134000000019,VO,kill,VO|kill,VO,,schematic,54.16427104722793,1
134000000019,VO,kind,VO|kind,VO,,schematic,53.13141683778234,1
134000000019,VO,kiss,VO|kiss,VO,,schematic,49.91991786447639,4
134000000019,VO,knock,VO|knock,VO,,schematic,28.39425051334702,4
134000000019,VO,know,VO|know,VO,,schematic,29.229979466119097,184
134000000019,VO,land,VO|land,VO,,schematic,41.2299794661191,1
134000000019,VO,laugh,VO|laugh,VO,,schematic,33.6570841889117,1
134000000019,VO,leak,VO|leak,VO,,schematic,39.6570841889117,1
134000000019,VO,learn,VO|learn,VO,,schematic,54.328542094455855,2
134000000019,VO,leave,VO|leave,VO,,schematic,35.558521560574945,16
134000000019,VO,let,VO|let,VO,,schematic,34.16427104722793,129
134000000019,VO,lick,VO|lick,VO,,schematic,34.78850102669404,6
134000000019,VO,lift,VO|lift,VO,,schematic,33.6570841889117,8
134000000019,VO,light,VO|light,VO,,schematic,53.13141683778234,2
134000000019,VO,like,VO|like,VO,,schematic,27.919917864476385,137
134000000019,VO,link,VO|link,VO,,schematic,44.19712525667351,3
134000000019,VO,lock,VO|lock,VO,,schematic,39.2299794661191,3
134000000019,VO,look,VO|look,VO,,schematic,35.98562628336756,113
134000000019,VO,lose,VO|lose,VO,,schematic,30.657084188911703,21
134000000019,VO,love,VO|love,VO,,schematic,29.229979466119097,41
134000000019,VO,mad,VO|mad,VO,,schematic,38.75564681724846,1
134000000019,VO,make,VO|make,VO,,schematic,29.82135523613963,373
134000000019,VO,marry,VO|marry,VO,,schematic,55.78850102669404,9
134000000019,VO,match,VO|match,VO,,schematic,52.03285420944559,1
134000000019,VO,mean,VO|mean,VO,,schematic,42.19712525667351,15
134000000019,VO,meet,VO|meet,VO,,schematic,38.328542094455855,2
134000000019,VO,merry–go–ound,VO|merry–go–ound,VO,,schematic,48.91991786447639,4
134000000019,VO,mess,VO|mess,VO,,schematic,37.09856262833676,3
134000000019,VO,milk,VO|milk,VO,,schematic,28.39425051334702,1
134000000019,VO,mind,VO|mind,VO,,schematic,42.98562628336756,4
134000000019,VO,miss,VO|miss,VO,,schematic,39.427104722792606,9
134000000019,VO,mix,VO|mix,VO,,schematic,50.29568788501027,7
134000000019,VO,move,VO|move,VO,,schematic,38.525667351129364,7
134000000019,VO,murder,VO|murder,VO,,schematic,41.2299794661191,1
134000000019,VO,name,VO|name,VO,,schematic,33.6570841889117,2
134000000019,VO,need,VO|need,VO,,schematic,33.6570841889117,30
134000000019,VO,open,VO|open,VO,,schematic,33.6570841889117,40
134000000019,VO,own,VO|own,VO,,schematic,41.427104722792606,2
134000000019,VO,paint,VO|paint,VO,,schematic,37.09856262833676,5
134000000019,VO,paste,VO|paste,VO,,schematic,49.591375770020534,1
134000000019,VO,pat,VO|pat,VO,,schematic,32.82135523613963,3
134000000019,VO,pe,VO|pe,VO,,schematic,48.91991786447639,1
134000000019,VO,pick,VO|pick,VO,,schematic,36.591375770020534,24
134000000019,VO,pinch,VO|pinch,VO,,schematic,33.19712525667351,5
134000000019,VO,plant,VO|plant,VO,,schematic,57.394250513347025,1
134000000019,VO,play,VO|play,VO,,schematic,28.55852156057495,50
134000000019,VO,plug,VO|plug,VO,,schematic,53.26283367556468,1
134000000019,VO,poison,VO|poison,VO,,schematic,55.78850102669404,1
134000000019,VO,poke,VO|poke,VO,,schematic,31.39425051334702,1
134000000019,VO,polish,VO|polish,VO,,schematic,53.95277207392197,1
134000000019,VO,poodle,VO|poodle,VO,,schematic,36.8870636550308,1
134000000019,VO,pop,VO|pop,VO,,schematic,46.525667351129364,5
134000000019,VO,pour,VO|pour,VO,,schematic,32.82135523613963,13
134000000019,VO,press,VO|press,VO,,schematic,48.459958932238195,1
134000000019,VO,pretend,VO|pretend,VO,,schematic,53.26283367556468,2
134000000019,VO,pull,VO|pull,VO,,schematic,28.39425051334702,25
134000000019,VO,punch,VO|punch,VO,,schematic,49.591375770020534,5
134000000019,VO,punish,VO|punish,VO,,schematic,50.525667351129364,1
134000000019,VO,push,VO|push,VO,,schematic,33.6570841889117,12
134000000019,VO,put,VO|put,VO,,schematic,29.49281314168378,142
134000000019,VO,rake,VO|rake,VO,,schematic,57.394250513347025,1
134000000019,VO,reach,VO|reach,VO,,schematic,37.328542094455855,9
134000000019,VO,read,VO|read,VO,,schematic,27.229979466119097,22
134000000019,VO,remember,VO|remember,VO,,schematic,40.85420944558521,2
134000000019,VO,return,VO|return,VO,,schematic,30.657084188911703,1
134000000019,VO,ride,VO|ride,VO,,schematic,27.164271047227928,69
134000000019,VO,ring,VO|ring,VO,,schematic,32.06570841889117,1
134000000019,VO,rinse,VO|rinse,VO,,schematic,43.525667351129364,1
134000000019,VO,rip,VO|rip,VO,,schematic,38.06570841889117,21
134000000019,VO,rock,VO|rock,VO,,schematic,28.39425051334702,5
134000000019,VO,roll,VO|roll,VO,,schematic,57.394250513347025,1
134000000019,VO,row,VO|row,VO,,schematic,48.459958932238195,1
134000000019,VO,rub,VO|rub,VO,,schematic,34.78850102669404,2
134000000019,VO,ruin,VO|ruin,VO,,schematic,37.558521560574945,3
134000000019,VO,sail,VO|sail,VO,,schematic,41.6570841889117,1
134000000019,VO,save,VO|save,VO,,schematic,49.13141683778234,3
134000000019,VO,say,VO|say,VO,,schematic,31.164271047227928,54
134000000019,VO,scare,VO|scare,VO,,schematic,44.394250513347025,5
134000000019,VO,scratch,VO|scratch,VO,,schematic,40.525667351129364,3
134000000019,VO,scribble,VO|scribble,VO,,schematic,54.16427104722793,1
134000000019,VO,see,VO|see,VO,,schematic,27.164271047227928,306
134000000019,VO,seesaw,VO|seesaw,VO,,schematic,52.82135523613963,1
134000000019,VO,set,VO|set,VO,,schematic,38.525667351129364,2
134000000019,VO,shake,VO|shake,VO,,schematic,30.427104722792606,15
134000000019,VO,share,VO|share,VO,,schematic,46.525667351129364,2
134000000019,VO,sharp,VO|sharp,VO,,schematic,42.19712525667351,3
134000000019,VO,shoot,VO|shoot,VO,,schematic,32.82135523613963,2
134000000019,VO,show,VO|show,VO,,schematic,34.36139630390144,6
134000000019,VO,shrug,VO|shrug,VO,,schematic,55.0,1
134000000019,VO,shut,VO|shut,VO,,schematic,37.09856262833676,11
134000000019,VO,sing,VO|sing,VO,,schematic,33.6570841889117,12
134000000019,VO,sit,VO|sit,VO,,schematic,32.82135523613963,3
134000000019,VO,skip,VO|skip,VO,,schematic,55.0,2
134000000019,VO,slap,VO|slap,VO,,schematic,45.85420944558521,1
134000000019,VO,sleep,VO|sleep,VO,,schematic,41.2299794661191,1
134000000019,VO,slide,VO|slide,VO,,schematic,53.13141683778234,1
134000000019,VO,smack,VO|smack,VO,,schematic,59.62422997946612,1
134000000019,VO,smell,VO|smell,VO,,schematic,38.75564681724846,13
134000000019,VO,smoke,VO|smoke,VO,,schematic,39.91991786447639,1
134000000019,VO,snap,VO|snap,VO,,schematic,50.03285420944559,1
134000000019,VO,sneak,VO|sneak,VO,,schematic,46.03285420944559,1
134000000019,VO,soak,VO|soak,VO,,schematic,40.85420944558521,2
134000000019,VO,soap,VO|soap,VO,,schematic,35.06570841889117,1
134000000019,VO,spank,VO|spank,VO,,schematic,30.427104722792606,6
134000000019,VO,spell,VO|spell,VO,,schematic,42.525667351129364,22
134000000019,VO,spend,VO|spend,VO,,schematic,50.91991786447639,1
134000000019,VO,spill,VO|spill,VO,,schematic,33.95277207392197,8
134000000019,VO,split,VO|split,VO,,schematic,56.427104722792606,1
134000000019,VO,spoiled,VO|spoiled,VO,,schematic,60.82135523613963,1
134000000019,VO,spray,VO|spray,VO,,schematic,48.16427104722793,2
134000000019,VO,spread,VO|spread,VO,,schematic,55.558521560574945,1
134000000019,VO,squeeze,VO|squeeze,VO,,schematic,35.558521560574945,5
134000000019,VO,squirt,VO|squirt,VO,,schematic,52.591375770020534,2
134000000019,VO,squish,VO|squish,VO,,schematic,46.03285420944559,1
134000000019,VO,squoosh,VO|squoosh,VO,,schematic,55.558521560574945,2
134000000019,VO,stand,VO|stand,VO,,schematic,42.98562628336756,2
134000000019,VO,start,VO|start,VO,,schematic,44.6570841889117,4
134000000019,VO,stay,VO|stay,VO,,schematic,28.55852156057495,1
134000000019,VO,steal,VO|steal,VO,,schematic,55.78850102669404,2
134000000019,VO,stick,VO|stick,VO,,schematic,49.591375770020534,3
134000000019,VO,sting,VO|sting,VO,,schematic,60.82135523613963,1
134000000019,VO,stir,VO|stir,VO,,schematic,53.13141683778234,4
134000000019,VO,stop,VO|stop,VO,,schematic,28.854209445585216,10
134000000019,VO,strike,VO|strike,VO,,schematic,53.95277207392197,3
134000000019,VO,sweep,VO|sweep,VO,,schematic,28.39425051334702,3
134000000019,VO,swim,VO|swim,VO,,schematic,30.657084188911703,2
134000000019,VO,swing,VO|swing,VO,,schematic,49.13141683778234,5
134000000019,VO,take,VO|take,VO,,schematic,27.62422997946612,103
134000000019,VO,talk,VO|talk,VO,,schematic,29.985626283367555,5
134000000019,VO,tangle,VO|tangle,VO,,schematic,53.95277207392197,1
134000000019,VO,tap,VO|tap,VO,,schematic,31.919917864476385,5
134000000019,VO,taste,VO|taste,VO,,schematic,35.558521560574945,4
134000000019,VO,teach,VO|teach,VO,,schematic,49.91991786447639,4
134000000019,VO,tear,VO|tear,VO,,schematic,56.6570841889117,2
134000000019,VO,tell,VO|tell,VO,,schematic,37.09856262833676,4
134000000019,VO,thank,VO|thank,VO,,schematic,45.85420944558521,10
134000000019,VO,think,VO|think,VO,,schematic,43.75564681724846,8
134000000019,VO,thread,VO|thread,VO,,schematic,54.558521560574945,1
134000000019,VO,throw,VO|throw,VO,,schematic,28.62422997946612,17
134000000019,VO,tickle,VO|tickle,VO,,schematic,30.13141683778234,7
134000000019,VO,tie,VO|tie,VO,,schematic,28.62422997946612,6
134000000019,VO,tighten,VO|tighten,VO,,schematic,59.85420944558521,1
134000000019,VO,tip,VO|tip,VO,,schematic,43.75564681724846,1
134000000019,VO,touch,VO|touch,VO,,schematic,30.427104722792606,18
134000000019,VO,treat,VO|treat,VO,,schematic,51.2299794661191,5
134000000019,VO,trick,VO|trick,VO,,schematic,51.2299794661191,2
134000000019,VO,truck,VO|truck,VO,,schematic,46.98562628336756,1
134000000019,VO,try,VO|try,VO,,schematic,43.525667351129364,14
134000000019,VO,turn,VO|turn,VO,,schematic,27.62422997946612,26
134000000019,VO,twist,VO|twist,VO,,schematic,38.525667351129364,2
134000000019,VO,untie,VO|untie,VO,,schematic,59.85420944558521,2
134000000019,VO,use,VO|use,VO,,schematic,33.19712525667351,31
134000000019,VO,wag,VO|wag,VO,,schematic,50.03285420944559,3
134000000019,VO,wait,VO|wait,VO,,schematic,32.82135523613963,3
134000000019,VO,wake,VO|wake,VO,,schematic,40.85420944558521,3
134000000019,VO,want,VO|want,VO,,schematic,27.229979466119097,388
134000000019,VO,wash,VO|wash,VO,,schematic,31.919917864476385,40
134000000019,VO,watch,VO|watch,VO,,schematic,34.6570841889117,33
134000000019,VO,wear,VO|wear,VO,,schematic,35.558521560574945,10
134000000019,VO,wet,VO|wet,VO,,schematic,48.459958932238195,4
134000000019,VO,whale,VO|whale,VO,,schematic,49.91991786447639,1
134000000019,VO,whippy,VO|whippy,VO,,schematic,56.2299794661191,1
134000000019,VO,whoop,VO|whoop,VO,,schematic,33.459958932238195,3
134000000019,VO,win,VO|win,VO,,schematic,54.78850102669404,3
134000000019,VO,wind,VO|wind,VO,,schematic,43.98562628336756,2
134000000019,VO,wink,VO|wink,VO,,schematic,55.0,1
134000000019,VO,wipe,VO|wipe,VO,,schematic,37.09856262833676,3
134000000019,VO,woe,VO|woe,VO,,schematic,32.82135523613963,1
134000000019,VO,wonder,VO|wonder,VO,,schematic,40.525667351129364,1
134000000019,VO,work,VO|work,VO,,schematic,33.0,3
134000000019,VO,wrap,VO|wrap,VO,,schematic,43.29568788501027,4
134000000019,VO,wreck,VO|wreck,VO,,schematic,49.36139630390144,1
134000000019,VO,write,VO|write,VO,,schematic,28.32854209445585,61
134000000019,VOL,bang,VOL|bang,VOL,,schematic,42.98562628336756,1
134000000019,VOL,bite,VOL|bite,VOL,,schematic,53.72279260780287,1
134000000019,VOL,bop,VOL|bop,VOL,,schematic,43.98562628336756,1
134000000019,VOL,break,VOL|break,VOL,,schematic,43.525667351129364,2
134000000019,VOL,bring,VOL|bring,VOL,,schematic,36.591375770020534,10
134000000019,VOL,buy,VOL|buy,VOL,,schematic,36.591375770020534,2
134000000019,VOL,carry,VOL|carry,VOL,,schematic,50.525667351129364,1
134000000019,VOL,catch,VOL|catch,VOL,,schematic,49.91991786447639,1
134000000019,VOL,claw,VOL|claw,VOL,,schematic,45.85420944558521,1
134000000019,VOL,comb,VOL|comb,VOL,,schematic,58.68993839835729,1
134000000019,VOL,copy,VOL|copy,VOL,,schematic,50.91991786447639,1
134000000019,VOL,count,VOL|count,VOL,,schematic,32.82135523613963,1
134000000019,VOL,cradle,VOL|cradle,VOL,,schematic,39.6570841889117,1
134000000019,VOL,cross,VOL|cross,VOL,,schematic,53.95277207392197,2
134000000019,VOL,cut,VOL|cut,VOL,,schematic,45.85420944558521,9
134000000019,VOL,dance,VOL|dance,VOL,,schematic,46.525667351129364,1
134000000019,VOL,do,VOL|do,VOL,,schematic,42.75564681724846,8
134000000019,VOL,drag,VOL|drag,VOL,,schematic,49.13141683778234,1
134000000019,VOL,drive,VOL|drive,VOL,,schematic,45.85420944558521,1
134000000019,VOL,dry,VOL|dry,VOL,,schematic,60.98562628336756,1
134000000019,VOL,drying,VOL|drying,VOL,,schematic,43.29568788501027,1
134000000019,VOL,erase,VOL|erase,VOL,,schematic,51.427104722792606,13
134000000019,VOL,fall,VOL|fall,VOL,,schematic,31.39425051334702,1
134000000019,VOL,find,VOL|find,VOL,,schematic,38.328542094455855,8
134000000019,VOL,fit,VOL|fit,VOL,,schematic,32.82135523613963,1
134000000019,VOL,fly,VOL|fly,VOL,,schematic,56.6570841889117,2
134000000019,VOL,fold,VOL|fold,VOL,,schematic,60.82135523613963,2
134000000019,VOL,forget,VOL|forget,VOL,,schematic,54.328542094455855,1
134000000019,VOL,get,VOL|get,VOL,,schematic,31.919917864476385,92
134000000019,VOL,give,VOL|give,VOL,,schematic,31.164271047227928,8
134000000019,VOL,go,VOL|go,VOL,,schematic,33.6570841889117,4
134000000019,VOL,hand,VOL|hand,VOL,,schematic,53.72279260780287,1
134000000019,VOL,hang,VOL|hang,VOL,,schematic,42.98562628336756,3
134000000019,VOL,hate,VOL|hate,VOL,,schematic,56.2299794661191,1
134000000019,VOL,have,VOL|have,VOL,,schematic,32.82135523613963,16
134000000019,VOL,hear,VOL|hear,VOL,,schematic,41.427104722792606,1
134000000019,VOL,hit,VOL|hit,VOL,,schematic,38.328542094455855,4
134000000019,VOL,hold,VOL|hold,VOL,,schematic,34.36139630390144,1
134000000019,VOL,howcome,VOL|howcome,VOL,,schematic,42.98562628336756,1
134000000019,VOL,jump,VOL|jump,VOL,,schematic,57.394250513347025,1
134000000019,VOL,keep,VOL|keep,VOL,,schematic,40.85420944558521,4
134000000019,VOL,kick,VOL|kick,VOL,,schematic,45.85420944558521,2
134000000019,VOL,kiss,VOL|kiss,VOL,,schematic,57.62422997946612,1
134000000019,VOL,knock,VOL|knock,VOL,,schematic,38.75564681724846,2
134000000019,VOL,lay,VOL|lay,VOL,,schematic,44.8870636550308,2
134000000019,VOL,leave,VOL|leave,VOL,,schematic,35.558521560574945,5
134000000019,VOL,let,VOL|let,VOL,,schematic,33.6570841889117,3
134000000019,VOL,like,VOL|like,VOL,,schematic,46.525667351129364,6
134000000019,VOL,look,VOL|look,VOL,,schematic,39.427104722792606,1
134000000019,VOL,lose,VOL|lose,VOL,,schematic,32.82135523613963,3
134000000019,VOL,make,VOL|make,VOL,,schematic,34.16427104722793,15
134000000019,VOL,move,VOL|move,VOL,,schematic,61.19712525667351,1
134000000019,VOL,open,VOL|open,VOL,,schematic,50.03285420944559,1
134000000019,VOL,peel,VOL|peel,VOL,,schematic,42.75564681724846,2
134000000019,VOL,pick,VOL|pick,VOL,,schematic,43.525667351129364,1
134000000019,VOL,pin,VOL|pin,VOL,,schematic,59.85420944558521,1
134000000019,VOL,play,VOL|play,VOL,,schematic,38.06570841889117,1
134000000019,VOL,pour,VOL|pour,VOL,,schematic,35.06570841889117,10
134000000019,VOL,pull,VOL|pull,VOL,,schematic,33.6570841889117,4
134000000019,VOL,punch,VOL|punch,VOL,,schematic,57.394250513347025,3
134000000019,VOL,push,VOL|push,VOL,,schematic,41.2299794661191,12
134000000019,VOL,put,VOL|put,VOL,,schematic,28.854209445585216,191
134000000019,VOL,read,VOL|read,VOL,,schematic,35.06570841889117,4
134000000019,VOL,ride,VOL|ride,VOL,,schematic,29.985626283367555,1
134000000019,VOL,rip,VOL|rip,VOL,,schematic,40.03285420944559,3
134000000019,VOL,roll,VOL|roll,VOL,,schematic,49.13141683778234,1
134000000019,VOL,say,VOL|say,VOL,,schematic,44.8870636550308,2
134000000019,VOL,scare,VOL|scare,VOL,,schematic,43.525667351129364,1
134000000019,VOL,scribble,VOL|scribble,VOL,,schematic,57.85420944558521,1
134000000019,VOL,see,VOL|see,VOL,,schematic,34.36139630390144,22
134000000019,VOL,send,VOL|send,VOL,,schematic,57.394250513347025,1
134000000019,VOL,sew,VOL|sew,VOL,,schematic,54.16427104722793,1
134000000019,VOL,show,VOL|show,VOL,,schematic,40.29568788501027,5
134000000019,VOL,shut,VOL|shut,VOL,,schematic,42.98562628336756,4
134000000019,VOL,sing,VOL|sing,VOL,,schematic,41.03285420944559,1
134000000019,VOL,sit,VOL|sit,VOL,,schematic,36.591375770020534,2
134000000019,VOL,slide,VOL|slide,VOL,,schematic,30.427104722792606,1
134000000019,VOL,slip,VOL|slip,VOL,,schematic,38.525667351129364,2
134000000019,VOL,sneak,VOL|sneak,VOL,,schematic,45.85420944558521,1
134000000019,VOL,spank,VOL|spank,VOL,,schematic,46.29568788501027,1
134000000019,VOL,stand,VOL|stand,VOL,,schematic,55.0,3
134000000019,VOL,step,VOL|step,VOL,,schematic,55.36139630390144,1
134000000019,VOL,stick,VOL|stick,VOL,,schematic,43.525667351129364,2
134000000019,VOL,take,VOL|take,VOL,,schematic,33.459958932238195,36
134000000019,VOL,talk,VOL|talk,VOL,,schematic,41.03285420944559,1
134000000019,VOL,think,VOL|think,VOL,,schematic,39.427104722792606,1
134000000019,VOL,throw,VOL|throw,VOL,,schematic,34.78850102669404,9
134000000019,VOL,touch,VOL|touch,VOL,,schematic,49.13141683778234,1
134000000019,VOL,turn,VOL|turn,VOL,,schematic,37.78850102669404,5
134000000019,VOL,use,VOL|use,VOL,,schematic,41.2299794661191,2
134000000019,VOL,walk,VOL|walk,VOL,,schematic,55.0,1
134000000019,VOL,want,VOL|want,VOL,,schematic,32.82135523613963,11
134000000019,VOL,wash,VOL|wash,VOL,,schematic,58.8870636550308,1
134000000019,VOL,watch,VOL|watch,VOL,,schematic,43.29568788501027,2
134000000019,VOL,wear,VOL|wear,VOL,,schematic,38.75564681724846,1
134000000019,VOL,wipe,VOL|wipe,VOL,,schematic,35.06570841889117,6
134000000019,VOL,write,VOL|write,VOL,,schematic,50.03285420944559,5
134000000019,VOL-about,like,VOL-about|like,VOL,about,prep,46.525667351129364,1
134000000019,VOL-about,read,VOL-about|read,VOL,about,prep,35.06570841889117,2
134000000019,VOL-around,put,VOL-around|put,VOL,around,prep,55.558521560574945,1
134000000019,VOL-around,walk,VOL-around|walk,VOL,around,prep,55.0,1
134000000019,VOL-down,bring,VOL-down|bring,VOL,down,prep,36.591375770020534,5
134000000019,VOL-down,buy,VOL-down|buy,VOL,down,prep,36.591375770020534,1
134000000019,VOL-down,comb,VOL-down|comb,VOL,down,prep,58.68993839835729,1
134000000019,VOL-down,copy,VOL-down|copy,VOL,down,prep,50.91991786447639,1
134000000019,VOL-down,do,VOL-down|do,VOL,down,prep,51.427104722792606,1
134000000019,VOL-down,drive,VOL-down|drive,VOL,down,prep,45.85420944558521,1
134000000019,VOL-down,fall,VOL-down|fall,VOL,down,prep,31.39425051334702,1
134000000019,VOL-down,fly,VOL-down|fly,VOL,down,prep,56.6570841889117,2
134000000019,VOL-down,get,VOL-down|get,VOL,down,prep,37.328542094455855,11
134000000019,VOL-down,hand,VOL-down|hand,VOL,down,prep,53.72279260780287,1
134000000019,VOL-down,howcome,VOL-down|howcome,VOL,down,prep,42.98562628336756,1
134000000019,VOL-down,keep,VOL-down|keep,VOL,down,prep,40.85420944558521,1
134000000019,VOL-down,knock,VOL-down|knock,VOL,down,prep,41.6570841889117,1
134000000019,VOL-down,lay,VOL-down|lay,VOL,down,prep,44.8870636550308,2
134000000019,VOL-down,let,VOL-down|let,VOL,down,prep,33.6570841889117,1
134000000019,VOL-down,make,VOL-down|make,VOL,down,prep,52.591375770020534,2
134000000019,VOL-down,play,VOL-down|play,VOL,down,prep,38.06570841889117,1
134000000019,VOL-down,pull,VOL-down|pull,VOL,down,prep,34.6570841889117,2
134000000019,VOL-down,push,VOL-down|push,VOL,down,prep,48.459958932238195,6
134000000019,VOL-down,put,VOL-down|put,VOL,down,prep,41.427104722792606,14
134000000019,VOL-down,see,VOL-down|see,VOL,down,prep,40.85420944558521,2
134000000019,VOL-down,sit,VOL-down|sit,VOL,down,prep,36.591375770020534,1
134000000019,VOL-down,slide,VOL-down|slide,VOL,down,prep,30.427104722792606,1
134000000019,VOL-down,take,VOL-down|take,VOL,down,prep,35.558521560574945,4
134000000019,VOL-down,throw,VOL-down|throw,VOL,down,prep,55.78850102669404,2
134000000019,VOL-down,write,VOL-down|write,VOL,down,prep,57.62422997946612,2
134000000019,VOL-from,dance,VOL-from|dance,VOL,from,prep,46.525667351129364,1
134000000019,VOL-from,get,VOL-from|get,VOL,from,prep,38.06570841889117,2
134000000019,VOL-from,let,VOL-from|let,VOL,from,prep,56.6570841889117,1
134000000019,VOL-from,take,VOL-from|take,VOL,from,prep,61.19712525667351,1
134000000019,VOL-from,touch,VOL-from|touch,VOL,from,prep,49.13141683778234,1
134000000019,VOL-in,bang,VOL-in|bang,VOL,in,prep,42.98562628336756,1
134000000019,VOL-in,bite,VOL-in|bite,VOL,in,prep,53.72279260780287,1
134000000019,VOL-in,break,VOL-in|break,VOL,in,prep,53.95277207392197,1
134000000019,VOL-in,bring,VOL-in|bring,VOL,in,prep,55.558521560574945,2
134000000019,VOL-in,buy,VOL-in|buy,VOL,in,prep,38.75564681724846,1
134000000019,VOL-in,carry,VOL-in|carry,VOL,in,prep,50.525667351129364,1
134000000019,VOL-in,claw,VOL-in|claw,VOL,in,prep,45.85420944558521,1
134000000019,VOL-in,count,VOL-in|count,VOL,in,prep,32.82135523613963,1
134000000019,VOL-in,cradle,VOL-in|cradle,VOL,in,prep,39.6570841889117,1
134000000019,VOL-in,do,VOL-in|do,VOL,in,prep,50.525667351129364,1
134000000019,VOL-in,drag,VOL-in|drag,VOL,in,prep,49.13141683778234,1
134000000019,VOL-in,find,VOL-in|find,VOL,in,prep,38.328542094455855,8
134000000019,VOL-in,fit,VOL-in|fit,VOL,in,prep,32.82135523613963,1
134000000019,VOL-in,forget,VOL-in|forget,VOL,in,prep,54.328542094455855,1
134000000019,VOL-in,get,VOL-in|get,VOL,in,prep,31.919917864476385,35
134000000019,VOL-in,go,VOL-in|go,VOL,in,prep,43.29568788501027,1
134000000019,VOL-in,hang,VOL-in|hang,VOL,in,prep,50.75564681724846,1
134000000019,VOL-in,have,VOL-in|have,VOL,in,prep,32.82135523613963,7
134000000019,VOL-in,hear,VOL-in|hear,VOL,in,prep,41.427104722792606,1
134000000019,VOL-in,hit,VOL-in|hit,VOL,in,prep,49.36139630390144,1
134000000019,VOL-in,keep,VOL-in|keep,VOL,in,prep,59.62422997946612,1
134000000019,VOL-in,kick,VOL-in|kick,VOL,in,prep,45.85420944558521,1
134000000019,VOL-in,kiss,VOL-in|kiss,VOL,in,prep,57.62422997946612,1
134000000019,VOL-in,leave,VOL-in|leave,VOL,in,prep,55.558521560574945,1
134000000019,VOL-in,let,VOL-in|let,VOL,in,prep,36.8870636550308,1
134000000019,VOL-in,like,VOL-in|like,VOL,in,prep,54.78850102669404,1
134000000019,VOL-in,lose,VOL-in|lose,VOL,in,prep,32.82135523613963,3
134000000019,VOL-in,make,VOL-in|make,VOL,in,prep,41.6570841889117,3
134000000019,VOL-in,move,VOL-in|move,VOL,in,prep,61.19712525667351,1
134000000019,VOL-in,pour,VOL-in|pour,VOL,in,prep,35.06570841889117,9
134000000019,VOL-in,punch,VOL-in|punch,VOL,in,prep,57.394250513347025,3
134000000019,VOL-in,push,VOL-in|push,VOL,in,prep,41.2299794661191,4
134000000019,VOL-in,put,VOL-in|put,VOL,in,prep,28.854209445585216,88
134000000019,VOL-in,ride,VOL-in|ride,VOL,in,prep,29.985626283367555,1
134000000019,VOL-in,rip,VOL-in|rip,VOL,in,prep,40.03285420944559,1
134000000019,VOL-in,see,VOL-in|see,VOL,in,prep,34.36139630390144,12
134000000019,VOL-in,send,VOL-in|send,VOL,in,prep,57.394250513347025,1
134000000019,VOL-in,sing,VOL-in|sing,VOL,in,prep,41.03285420944559,1
134000000019,VOL-in,sit,VOL-in|sit,VOL,in,prep,37.328542094455855,1
134000000019,VOL-in,slip,VOL-in|slip,VOL,in,prep,53.72279260780287,1
134000000019,VOL-in,stand,VOL-in|stand,VOL,in,prep,60.525667351129364,2
134000000019,VOL-in,step,VOL-in|step,VOL,in,prep,55.36139630390144,1
134000000019,VOL-in,stick,VOL-in|stick,VOL,in,prep,43.525667351129364,2
134000000019,VOL-in,take,VOL-in|take,VOL,in,prep,41.2299794661191,3
134000000019,VOL-in,throw,VOL-in|throw,VOL,in,prep,34.78850102669404,5
134000000019,VOL-in,use,VOL-in|use,VOL,in,prep,41.2299794661191,1
134000000019,VOL-in,want,VOL-in|want,VOL,in,prep,32.82135523613963,3
134000000019,VOL-in,wear,VOL-in|wear,VOL,in,prep,38.75564681724846,1
134000000019,VOL-in,write,VOL-in|write,VOL,in,prep,50.03285420944559,1
134000000019,VOL-into,bring,VOL-into|bring,VOL,into,prep,44.6570841889117,1
134000000019,VOL-off,catch,VOL-off|catch,VOL,off,prep,49.91991786447639,1
134000000019,VOL-off,cut,VOL-off|cut,VOL,off,prep,45.85420944558521,7
134000000019,VOL-off,drying,VOL-off|drying,VOL,off,prep,43.29568788501027,1
134000000019,VOL-off,erase,VOL-off|erase,VOL,off,prep,51.427104722792606,13
134000000019,VOL-off,get,VOL-off|get,VOL,off,prep,34.78850102669404,14
134000000019,VOL-off,kick,VOL-off|kick,VOL,off,prep,60.98562628336756,1
134000000019,VOL-off,make,VOL-off|make,VOL,off,prep,41.6570841889117,1
134000000019,VOL-off,peel,VOL-off|peel,VOL,off,prep,42.75564681724846,2
134000000019,VOL-off,pick,VOL-off|pick,VOL,off,prep,43.525667351129364,1
134000000019,VOL-off,pull,VOL-off|pull,VOL,off,prep,41.2299794661191,1
134000000019,VOL-off,put,VOL-off|put,VOL,off,prep,43.75564681724846,1
134000000019,VOL-off,rip,VOL-off|rip,VOL,off,prep,56.2299794661191,2
134000000019,VOL-off,shut,VOL-off|shut,VOL,off,prep,42.98562628336756,3
134000000019,VOL-off,take,VOL-off|take,VOL,off,prep,33.459958932238195,27
134000000019,VOL-off,wash,VOL-off|wash,VOL,off,prep,58.8870636550308,1
134000000019,VOL-off,wipe,VOL-off|wipe,VOL,off,prep,35.06570841889117,6
134000000019,VOL-off,write,VOL-off|write,VOL,off,prep,50.91991786447639,1
134000000019,VOL-on,bop,VOL-on|bop,VOL,on,prep,43.98562628336756,1
134000000019,VOL-on,break,VOL-on|break,VOL,on,prep,43.525667351129364,1
134000000019,VOL-on,bring,VOL-on|bring,VOL,on,prep,58.8870636550308,2
134000000019,VOL-on,cut,VOL-on|cut,VOL,on,prep,58.8870636550308,2
134000000019,VOL-on,do,VOL-on|do,VOL,on,prep,42.75564681724846,3
134000000019,VOL-on,dry,VOL-on|dry,VOL,on,prep,60.98562628336756,1
134000000019,VOL-on,get,VOL-on|get,VOL,on,prep,33.95277207392197,21
134000000019,VOL-on,go,VOL-on|go,VOL,on,prep,38.328542094455855,2
134000000019,VOL-on,hang,VOL-on|hang,VOL,on,prep,42.98562628336756,2
134000000019,VOL-on,hate,VOL-on|hate,VOL,on,prep,56.2299794661191,1
134000000019,VOL-on,have,VOL-on|have,VOL,on,prep,44.19712525667351,6
134000000019,VOL-on,hit,VOL-on|hit,VOL,on,prep,38.328542094455855,3
134000000019,VOL-on,hold,VOL-on|hold,VOL,on,prep,34.36139630390144,1
134000000019,VOL-on,keep,VOL-on|keep,VOL,on,prep,40.85420944558521,1
134000000019,VOL-on,leave,VOL-on|leave,VOL,on,prep,35.558521560574945,1
134000000019,VOL-on,like,VOL-on|like,VOL,on,prep,54.16427104722793,4
134000000019,VOL-on,make,VOL-on|make,VOL,on,prep,34.16427104722793,7
134000000019,VOL-on,open,VOL-on|open,VOL,on,prep,50.03285420944559,1
134000000019,VOL-on,pin,VOL-on|pin,VOL,on,prep,59.85420944558521,1
134000000019,VOL-on,pour,VOL-on|pour,VOL,on,prep,35.75564681724846,1
134000000019,VOL-on,pull,VOL-on|pull,VOL,on,prep,33.6570841889117,1
134000000019,VOL-on,put,VOL-on|put,VOL,on,prep,34.16427104722793,79
134000000019,VOL-on,scare,VOL-on|scare,VOL,on,prep,43.525667351129364,1
134000000019,VOL-on,see,VOL-on|see,VOL,on,prep,38.75564681724846,8
134000000019,VOL-on,sew,VOL-on|sew,VOL,on,prep,54.16427104722793,1
134000000019,VOL-on,shut,VOL-on|shut,VOL,on,prep,55.36139630390144,1
134000000019,VOL-on,slip,VOL-on|slip,VOL,on,prep,38.525667351129364,1
134000000019,VOL-on,sneak,VOL-on|sneak,VOL,on,prep,45.85420944558521,1
134000000019,VOL-on,spank,VOL-on|spank,VOL,on,prep,46.29568788501027,1
134000000019,VOL-on,talk,VOL-on|talk,VOL,on,prep,41.03285420944559,1
134000000019,VOL-on,throw,VOL-on|throw,VOL,on,prep,60.82135523613963,1
134000000019,VOL-on,turn,VOL-on|turn,VOL,on,prep,37.78850102669404,4
134000000019,VOL-on,want,VOL-on|want,VOL,on,prep,33.19712525667351,7
134000000019,VOL-on,watch,VOL-on|watch,VOL,on,prep,43.29568788501027,2
134000000019,VOL-on,write,VOL-on|write,VOL,on,prep,57.394250513347025,1
134000000019,VOL-over,cross,VOL-over|cross,VOL,over,prep,53.95277207392197,2
134000000019,VOL-over,get,VOL-over|get,VOL,over,prep,38.328542094455855,6
134000000019,VOL-over,have,VOL-over|have,VOL,over,prep,50.03285420944559,1
134000000019,VOL-over,jump,VOL-over|jump,VOL,over,prep,57.394250513347025,1
134000000019,VOL-over,keep,VOL-over|keep,VOL,over,prep,44.8870636550308,1
134000000019,VOL-over,knock,VOL-over|knock,VOL,over,prep,38.75564681724846,1
134000000019,VOL-over,leave,VOL-over|leave,VOL,over,prep,47.525667351129364,2
134000000019,VOL-over,look,VOL-over|look,VOL,over,prep,39.427104722792606,1
134000000019,VOL-over,make,VOL-over|make,VOL,over,prep,58.19712525667351,2
134000000019,VOL-over,push,VOL-over|push,VOL,over,prep,43.75564681724846,1
134000000019,VOL-over,put,VOL-over|put,VOL,over,prep,53.26283367556468,4
134000000019,VOL-over,read,VOL-over|read,VOL,over,prep,60.98562628336756,1
134000000019,VOL-over,roll,VOL-over|roll,VOL,over,prep,49.13141683778234,1
134000000019,VOL-over,scribble,VOL-over|scribble,VOL,over,prep,57.85420944558521,1
134000000019,VOL-over,stand,VOL-over|stand,VOL,over,prep,55.0,1
134000000019,VOL-over,think,VOL-over|think,VOL,over,prep,39.427104722792606,1
134000000019,VOL-over,turn,VOL-over|turn,VOL,over,prep,42.525667351129364,1
134000000019,VOL-over,use,VOL-over|use,VOL,over,prep,55.558521560574945,1
134000000019,VOL-through,have,VOL-through|have,VOL,through,prep,42.98562628336756,1
134000000019,VOL-through,put,VOL-through|put,VOL,through,prep,60.82135523613963,1
134000000019,VOL-to,do,VOL-to|do,VOL,to,prep,46.03285420944559,3
134000000019,VOL-to,fold,VOL-to|fold,VOL,to,prep,60.82135523613963,2
134000000019,VOL-to,get,VOL-to|get,VOL,to,prep,38.06570841889117,2
134000000019,VOL-to,give,VOL-to|give,VOL,to,prep,31.164271047227928,8
134000000019,VOL-to,go,VOL-to|go,VOL,to,prep,33.6570841889117,1
134000000019,VOL-to,leave,VOL-to|leave,VOL,to,prep,47.525667351129364,1
134000000019,VOL-to,push,VOL-to|push,VOL,to,prep,55.78850102669404,1
134000000019,VOL-to,put,VOL-to|put,VOL,to,prep,55.78850102669404,1
134000000019,VOL-to,read,VOL-to|read,VOL,to,prep,60.98562628336756,1
134000000019,VOL-to,say,VOL-to|say,VOL,to,prep,44.8870636550308,2
134000000019,VOL-to,show,VOL-to|show,VOL,to,prep,40.29568788501027,5
134000000019,VOL-to,take,VOL-to|take,VOL,to,prep,40.85420944558521,1
134000000019,VOL-to,throw,VOL-to|throw,VOL,to,prep,41.2299794661191,1
134000000019,VOL-to,want,VOL-to|want,VOL,to,prep,46.98562628336756,1
134000000019,VOL-under,get,VOL-under|get,VOL,under,prep,55.0,1
134000000019,VOL-under,have,VOL-under|have,VOL,under,prep,55.0,1
134000000019,VOL-under,put,VOL-under|put,VOL,under,prep,41.2299794661191,2
134000000019,VOO,ask,VOO|ask,VOO,,schematic,53.72279260780287,2
134000000019,VOO,bake,VOO|bake,VOO,,schematic,44.8870636550308,1
134000000019,VOO,bring,VOO|bring,VOO,,schematic,36.591375770020534,6
134000000019,VOO,buy,VOO|buy,VOO,,schematic,32.82135523613963,10
134000000019,VOO,cut,VOO|cut,VOO,,schematic,45.85420944558521,1
134000000019,VOO,do,VOO|do,VOO,,schematic,34.6570841889117,9
134000000019,VOO,find,VOO|find,VOO,,schematic,36.8870636550308,2
134000000019,VOO,get,VOO|get,VOO,,schematic,31.39425051334702,32
134000000019,VOO,give,VOO|give,VOO,,schematic,27.164271047227928,80
134000000019,VOO,hit,VOO|hit,VOO,,schematic,34.6570841889117,2
134000000019,VOO,kick,VOO|kick,VOO,,schematic,48.16427104722793,1
134000000019,VOO,lend,VOO|lend,VOO,,schematic,60.82135523613963,1
134000000019,VOO,loan,VOO|loan,VOO,,schematic,52.591375770020534,2
134000000019,VOO,make,VOO|make,VOO,,schematic,44.19712525667351,10
134000000019,VOO,pick,VOO|pick,VOO,,schematic,44.8870636550308,1
134000000019,VOO,pour,VOO|pour,VOO,,schematic,35.06570841889117,1
134000000019,VOO,read,VOO|read,VOO,,schematic,35.06570841889117,5
134000000019,VOO,show,VOO|show,VOO,,schematic,38.75564681724846,20
134000000019,VOO,take,VOO|take,VOO,,schematic,40.03285420944559,3
134000000019,VOO,teach,VOO|teach,VOO,,schematic,40.85420944558521,4
134000000019,VOO,tell,VOO|tell,VOO,,schematic,35.06570841889117,13
134000000019,VOO,throw,VOO|throw,VOO,,schematic,60.82135523613963,1
134000000019,VOO,write,VOO|write,VOO,,schematic,43.98562628336756,3
184000000001,VL,be,VL|be,VL,,schematic,30.525667351129364,1
184000000001,VL,color,VL|color,VL,,schematic,38.62422997946612,2
184000000001,VL,come,VL|come,VL,,schematic,28.295687885010267,4
184000000001,VL,cut,VL|cut,VL,,schematic,47.16427104722793,1
184000000001,VL,fall,VL|fall,VL,,schematic,30.525667351129364,5
184000000001,VL,find,VL|find,VL,,schematic,40.6570841889117,1
184000000001,VL,fit,VL|fit,VL,,schematic,42.29568788501027,2
184000000001,VL,flie,VL|flie,VL,,schematic,39.09856262833676,1
184000000001,VL,get,VL|get,VL,,schematic,31.262833675564682,2
184000000001,VL,give,VL|give,VL,,schematic,47.16427104722793,1
184000000001,VL,go,VL|go,VL,,schematic,31.262833675564682,20
184000000001,VL,have,VL|have,VL,,schematic,31.262833675564682,1
184000000001,VL,hold,VL|hold,VL,,schematic,30.525667351129364,1
184000000001,VL,jump,VL|jump,VL,,schematic,30.525667351129364,2
184000000001,VL,keep,VL|keep,VL,,schematic,42.29568788501027,1
184000000001,VL,know,VL|know,VL,,schematic,49.591375770020534,1
184000000001,VL,lay,VL|lay,VL,,schematic,42.29568788501027,1
184000000001,VL,lie,VL|lie,VL,,schematic,43.427104722792606,1
184000000001,VL,listen,VL|listen,VL,,schematic,33.394250513347025,1
184000000001,VL,live,VL|live,VL,,schematic,31.262833675564682,1
184000000001,VL,look,VL|look,VL,,schematic,30.525667351129364,24
184000000001,VL,make,VL|make,VL,,schematic,42.29568788501027,1
184000000001,VL,play,VL|play,VL,,schematic,38.62422997946612,2
184000000001,VL,put,VL|put,VL,,schematic,30.525667351129364,5
184000000001,VL,roll,VL|roll,VL,,schematic,30.525667351129364,8
184000000001,VL,run,VL|run,VL,,schematic,34.91991786447639,2
184000000001,VL,runn,VL|runn,VL,,schematic,42.29568788501027,2
184000000001,VL,shout,VL|shout,VL,,schematic,31.262833675564682,1
184000000001,VL,sit,VL|sit,VL,,schematic,30.525667351129364,5
184000000001,VL,slide,VL|slide,VL,,schematic,38.62422997946612,1
184000000001,VL,stay,VL|stay,VL,,schematic,31.262833675564682,2
184000000001,VL,swing,VL|swing,VL,,schematic,39.09856262833676,1
184000000001,VL,talk,VL|talk,VL,,schematic,47.16427104722793,1
184000000001,VL,walk,VL|walk,VL,,schematic,41.16427104722793,1
184000000001,VL-about,know,VL-about|know,VL,about,prep,49.591375770020534,1
184000000001,VL-at,look,VL-at|look,VL,at,prep,30.525667351129364,23
184000000001,VL-at,shout,VL-at|shout,VL,at,prep,31.262833675564682,1
184000000001,VL-behind,sit,VL-behind|sit,VL,behind,prep,40.6570841889117,2
184000000001,VL-down,go,VL-down|go,VL,down,prep,43.427104722792606,1
184000000001,VL-down,lay,VL-down|lay,VL,down,prep,42.29568788501027,1
184000000001,VL-down,lie,VL-down|lie,VL,down,prep,43.427104722792606,1
184000000001,VL-down,roll,VL-down|roll,VL,down,prep,30.525667351129364,5
184000000001,VL-down,sit,VL-down|sit,VL,down,prep,42.29568788501027,1
184000000001,VL-down,slide,VL-down|slide,VL,down,prep,38.62422997946612,1
184000000001,VL-in,be,VL-in|be,VL,in,prep,30.525667351129364,1
184000000001,VL-in,color,VL-in|color,VL,in,prep,38.62422997946612,2
184000000001,VL-in,come,VL-in|come,VL,in,prep,45.328542094455855,1
184000000001,VL-in,fit,VL-in|fit,VL,in,prep,42.29568788501027,2
184000000001,VL-in,get,VL-in|get,VL,in,prep,31.262833675564682,2
184000000001,VL-in,go,VL-in|go,VL,in,prep,31.262833675564682,3
184000000001,VL-in,have,VL-in|have,VL,in,prep,31.262833675564682,1
184000000001,VL-in,live,VL-in|live,VL,in,prep,31.262833675564682,1
184000000001,VL-in,look,VL-in|look,VL,in,prep,39.09856262833676,1
184000000001,VL-in,put,VL-in|put,VL,in,prep,42.29568788501027,2
184000000001,VL-in,stay,VL-in|stay,VL,in,prep,31.262833675564682,2
184000000001,VL-in,walk,VL-in|walk,VL,in,prep,41.16427104722793,1
184000000001,VL-into,fall,VL-into|fall,VL,into,prep,42.29568788501027,1
184000000001,VL-into,make,VL-into|make,VL,into,prep,42.29568788501027,1
184000000001,VL-into,runn,VL-into|runn,VL,into,prep,47.16427104722793,1
184000000001,VL-off,come,VL-off|come,VL,off,prep,30.525667351129364,1
184000000001,VL-off,fall,VL-off|fall,VL,off,prep,30.525667351129364,4
184000000001,VL-off,go,VL-off|go,VL,off,prep,45.328542094455855,1
184000000001,VL-on,come,VL-on|come,VL,on,prep,28.295687885010267,2
184000000001,VL-on,cut,VL-on|cut,VL,on,prep,47.16427104722793,1
184000000001,VL-on,find,VL-on|find,VL,on,prep,40.6570841889117,1
184000000001,VL-on,hold,VL-on|hold,VL,on,prep,30.525667351129364,1
184000000001,VL-on,jump,VL-on|jump,VL,on,prep,30.525667351129364,2
184000000001,VL-on,keep,VL-on|keep,VL,on,prep,42.29568788501027,1
184000000001,VL-on,play,VL-on|play,VL,on,prep,38.62422997946612,2
184000000001,VL-on,put,VL-on|put,VL,on,prep,30.525667351129364,3
184000000001,VL-on,sit,VL-on|sit,VL,on,prep,30.525667351129364,2
184000000001,VL-on,swing,VL-on|swing,VL,on,prep,39.09856262833676,1
184000000001,VL-over,flie,VL-over|flie,VL,over,prep,39.09856262833676,1
184000000001,VL-over,roll,VL-over|roll,VL,over,prep,30.525667351129364,3
184000000001,VL-to,give,VL-to|give,VL,to,prep,47.16427104722793,1
184000000001,VL-to,go,VL-to|go,VL,to,prep,31.262833675564682,15
184000000001,VL-to,listen,VL-to|listen,VL,to,prep,33.394250513347025,1
184000000001,VL-to,run,VL-to|run,VL,to,prep,34.91991786447639,2
184000000001,VL-to,runn,VL-to|runn,VL,to,prep,42.29568788501027,1
184000000001,VL-to,talk,VL-to|talk,VL,to,prep,47.16427104722793,1
184000000001,VO,baby,VO|baby,VO,,schematic,28.295687885010267,1
184000000001,VO,bite,VO|bite,VO,,schematic,30.525667351129364,4
184000000001,VO,blow,VO|blow,VO,,schematic,31.262833675564682,2
184000000001,VO,break,VO|break,VO,,schematic,31.262833675564682,2
184000000001,VO,brush,VO|brush,VO,,schematic,30.525667351129364,2
184000000001,VO,build,VO|build,VO,,schematic,42.29568788501027,1
184000000001,VO,burn,VO|burn,VO,,schematic,45.328542094455855,2
184000000001,VO,buy,VO|buy,VO,,schematic,31.262833675564682,3
184000000001,VO,call,VO|call,VO,,schematic,31.262833675564682,2
184000000001,VO,change,VO|change,VO,,schematic,33.394250513347025,6
184000000001,VO,clap,VO|clap,VO,,schematic,30.525667351129364,3
184000000001,VO,clean,VO|clean,VO,,schematic,43.427104722792606,1
184000000001,VO,climb,VO|climb,VO,,schematic,38.62422997946612,1
184000000001,VO,color,VO|color,VO,,schematic,38.62422997946612,3
184000000001,VO,cook,VO|cook,VO,,schematic,31.262833675564682,2
184000000001,VO,cut,VO|cut,VO,,schematic,33.394250513347025,3
184000000001,VO,do,VO|do,VO,,schematic,28.295687885010267,54
184000000001,VO,dress,VO|dress,VO,,schematic,42.29568788501027,1
184000000001,VO,drink,VO|drink,VO,,schematic,28.295687885010267,7
184000000001,VO,eat,VO|eat,VO,,schematic,31.262833675564682,15
184000000001,VO,feed,VO|feed,VO,,schematic,38.62422997946612,2
184000000001,VO,feel,VO|feel,VO,,schematic,31.262833675564682,2
184000000001,VO,find,VO|find,VO,,schematic,43.427104722792606,6
184000000001,VO,finish,VO|finish,VO,,schematic,31.262833675564682,3
184000000001,VO,fix,VO|fix,VO,,schematic,31.262833675564682,1
184000000001,VO,flie,VO|flie,VO,,schematic,47.16427104722793,1
184000000001,VO,forget,VO|forget,VO,,schematic,45.328542094455855,1
184000000001,VO,get,VO|get,VO,,schematic,30.525667351129364,85
184000000001,VO,gimme,VO|gimme,VO,,schematic,41.16427104722793,1
184000000001,VO,go,VO|go,VO,,schematic,28.295687885010267,10
184000000001,VO,hate,VO|hate,VO,,schematic,42.29568788501027,1
184000000001,VO,have,VO|have,VO,,schematic,30.525667351129364,42
184000000001,VO,hear,VO|hear,VO,,schematic,30.525667351129364,6
184000000001,VO,help,VO|help,VO,,schematic,40.6570841889117,3
184000000001,VO,hit,VO|hit,VO,,schematic,31.262833675564682,6
184000000001,VO,hold,VO|hold,VO,,schematic,30.525667351129364,2
184000000001,VO,hop,VO|hop,VO,,schematic,45.328542094455855,1
184000000001,VO,hurt,VO|hurt,VO,,schematic,31.262833675564682,4
184000000001,VO,keep,VO|keep,VO,,schematic,31.262833675564682,4
184000000001,VO,kick,VO|kick,VO,,schematic,31.262833675564682,6
184000000001,VO,kill,VO|kill,VO,,schematic,43.427104722792606,1
184000000001,VO,knit,VO|knit,VO,,schematic,45.328542094455855,1
184000000001,VO,know,VO|know,VO,,schematic,30.525667351129364,8
184000000001,VO,learn,VO|learn,VO,,schematic,45.328542094455855,1
184000000001,VO,let,VO|let,VO,,schematic,30.525667351129364,9
184000000001,VO,light,VO|light,VO,,schematic,31.262833675564682,1
184000000001,VO,like,VO|like,VO,,schematic,31.262833675564682,18
184000000001,VO,look,VO|look,VO,,schematic,28.295687885010267,28
184000000001,VO,loose,VO|loose,VO,,schematic,31.262833675564682,1
184000000001,VO,lose,VO|lose,VO,,schematic,30.525667351129364,4
184000000001,VO,love,VO|love,VO,,schematic,31.262833675564682,1
184000000001,VO,make,VO|make,VO,,schematic,30.525667351129364,16
184000000001,VO,mark,VO|mark,VO,,schematic,30.525667351129364,5
184000000001,VO,mum,VO|mum,VO,,schematic,33.394250513347025,2
184000000001,VO,need,VO|need,VO,,schematic,30.525667351129364,10
184000000001,VO,nip,VO|nip,VO,,schematic,47.16427104722793,1
184000000001,VO,nope,VO|nope,VO,,schematic,33.394250513347025,1
184000000001,VO,open,VO|open,VO,,schematic,34.91991786447639,5
184000000001,VO,paint,VO|paint,VO,,schematic,42.29568788501027,1
184000000001,VO,pay,VO|pay,VO,,schematic,33.394250513347025,1
184000000001,VO,pinch,VO|pinch,VO,,schematic,40.6570841889117,2
184000000001,VO,play,VO|play,VO,,schematic,39.09856262833676,1
184000000001,VO,plump,VO|plump,VO,,schematic,43.427104722792606,1
184000000001,VO,pour,VO|pour,VO,,schematic,43.427104722792606,1
184000000001,VO,pull,VO|pull,VO,,schematic,47.16427104722793,2
184000000001,VO,push,VO|push,VO,,schematic,33.394250513347025,2
184000000001,VO,put,VO|put,VO,,schematic,30.525667351129364,9
184000000001,VO,quack,VO|quack,VO,,schematic,47.16427104722793,1
184000000001,VO,read,VO|read,VO,,schematic,40.6570841889117,5
184000000001,VO,roll,VO|roll,VO,,schematic,30.525667351129364,1
184000000001,VO,see,VO|see,VO,,schematic,30.525667351129364,23
184000000001,VO,show,VO|show,VO,,schematic,30.525667351129364,1
184000000001,VO,sing,VO|sing,VO,,schematic,31.262833675564682,2
184000000001,VO,smack,VO|smack,VO,,schematic,30.525667351129364,6
184000000001,VO,smell,VO|smell,VO,,schematic,30.525667351129364,1
184000000001,VO,snap,VO|snap,VO,,schematic,47.16427104722793,1
184000000001,VO,spill,VO|spill,VO,,schematic,43.427104722792606,1
184000000001,VO,spilt,VO|spilt,VO,,schematic,31.262833675564682,3
184000000001,VO,squeeze,VO|squeeze,VO,,schematic,43.427104722792606,1
184000000001,VO,ssh,VO|ssh,VO,,schematic,30.525667351129364,1
184000000001,VO,take,VO|take,VO,,schematic,30.525667351129364,22
184000000001,VO,taste,VO|taste,VO,,schematic,31.262833675564682,2
184000000001,VO,tell,VO|tell,VO,,schematic,30.525667351129364,1
184000000001,VO,throw,VO|throw,VO,,schematic,47.16427104722793,1
184000000001,VO,tie,VO|tie,VO,,schematic,39.09856262833676,2
184000000001,VO,touch,VO|touch,VO,,schematic,38.62422997946612,1
184000000001,VO,turn,VO|turn,VO,,schematic,38.62422997946612,3
184000000001,VO,wait,VO|wait,VO,,schematic,30.525667351129364,1
184000000001,VO,wake,VO|wake,VO,,schematic,30.525667351129364,1
184000000001,VO,walk,VO|walk,VO,,schematic,30.525667351129364,2
184000000001,VO,want,VO|want,VO,,schematic,28.295687885010267,27
184000000001,VO,wash,VO|wash,VO,,schematic,28.295687885010267,5
184000000001,VO,watch,VO|watch,VO,,schematic,47.16427104722793,2
184000000001,VO,wheel,VO|wheel,VO,,schematic,30.525667351129364,2
184000000001,VO,whistle,VO|whistle,VO,,schematic,43.427104722792606,1
184000000001,VOL,bring,VOL|bring,VOL,,schematic,33.394250513347025,1
184000000001,VOL,cool,VOL|cool,VOL,,schematic,31.262833675564682,1
184000000001,VOL,do,VOL|do,VOL,,schematic,28.295687885010267,6
184000000001,VOL,get,VOL|get,VOL,,schematic,33.394250513347025,5
184000000001,VOL,give,VOL|give,VOL,,schematic,31.262833675564682,3
184000000001,VOL,go,VOL|go,VOL,,schematic,39.09856262833676,1
184000000001,VOL,have,VOL|have,VOL,,schematic,31.262833675564682,2
184000000001,VOL,help,VOL|help,VOL,,schematic,47.16427104722793,1
184000000001,VOL,hit,VOL|hit,VOL,,schematic,31.262833675564682,1
184000000001,VOL,keep,VOL|keep,VOL,,schematic,41.16427104722793,1
184000000001,VOL,leave,VOL|leave,VOL,,schematic,34.91991786447639,3
184000000001,VOL,nip,VOL|nip,VOL,,schematic,47.16427104722793,1
184000000001,VOL,play,VOL|play,VOL,,schematic,33.394250513347025,1
184000000001,VOL,put,VOL|put,VOL,,schematic,28.295687885010267,21
184000000001,VOL,scratch,VOL|scratch,VOL,,schematic,47.16427104722793,1
184000000001,VOL,see,VOL|see,VOL,,schematic,47.16427104722793,1
184000000001,VOL,take,VOL|take,VOL,,schematic,33.394250513347025,6
184000000001,VOL,throw,VOL|throw,VOL,,schematic,31.262833675564682,2
184000000001,VOL,turn,VOL|turn,VOL,,schematic,34.91991786447639,1
184000000001,VOL-down,bring,VOL-down|bring,VOL,down,prep,33.394250513347025,1
184000000001,VOL-down,do,VOL-down|do,VOL,down,prep,28.295687885010267,1
184000000001,VOL-down,get,VOL-down|get,VOL,down,prep,33.394250513347025,1
184000000001,VOL-down,put,VOL-down|put,VOL,down,prep,28.295687885010267,2
184000000001,VOL-down,scratch,VOL-down|scratch,VOL,down,prep,47.16427104722793,1
184000000001,VOL-from,get,VOL-from|get,VOL,from,prep,42.29568788501027,1
184000000001,VOL-in,do,VOL-in|do,VOL,in,prep,38.62422997946612,3
184000000001,VOL-in,get,VOL-in|get,VOL,in,prep,41.16427104722793,2
184000000001,VOL-in,have,VOL-in|have,VOL,in,prep,47.16427104722793,1
184000000001,VOL-in,keep,VOL-in|keep,VOL,in,prep,41.16427104722793,1
184000000001,VOL-in,leave,VOL-in|leave,VOL,in,prep,34.91991786447639,2
184000000001,VOL-in,play,VOL-in|play,VOL,in,prep,33.394250513347025,1
184000000001,VOL-in,put,VOL-in|put,VOL,in,prep,31.262833675564682,7
184000000001,VOL-in,see,VOL-in|see,VOL,in,prep,47.16427104722793,1
184000000001,VOL-in,take,VOL-in|take,VOL,in,prep,42.29568788501027,1
184000000001,VOL-in,throw,VOL-in|throw,VOL,in,prep,31.262833675564682,1
184000000001,VOL-into,put,VOL-into|put,VOL,into,prep,28.295687885010267,1
184000000001,VOL-off,cool,VOL-off|cool,VOL,off,prep,31.262833675564682,1
184000000001,VOL-off,leave,VOL-off|leave,VOL,off,prep,45.328542094455855,1
184000000001,VOL-off,take,VOL-off|take,VOL,off,prep,33.394250513347025,5
184000000001,VOL-on,do,VOL-on|do,VOL,on,prep,30.525667351129364,2
184000000001,VOL-on,get,VOL-on|get,VOL,on,prep,47.16427104722793,1
184000000001,VOL-on,have,VOL-on|have,VOL,on,prep,31.262833675564682,1
184000000001,VOL-on,hit,VOL-on|hit,VOL,on,prep,31.262833675564682,1
184000000001,VOL-on,nip,VOL-on|nip,VOL,on,prep,47.16427104722793,1
184000000001,VOL-on,put,VOL-on|put,VOL,on,prep,28.295687885010267,9
184000000001,VOL-on,throw,VOL-on|throw,VOL,on,prep,43.427104722792606,1
184000000001,VOL-on,turn,VOL-on|turn,VOL,on,prep,34.91991786447639,1
184000000001,VOL-onto,help,VOL-onto|help,VOL,onto,prep,47.16427104722793,1
184000000001,VOL-over,put,VOL-over|put,VOL,over,prep,43.427104722792606,1
184000000001,VOL-to,give,VOL-to|give,VOL,to,prep,31.262833675564682,3
184000000001,VOL-to,go,VOL-to|go,VOL,to,prep,39.09856262833676,1
184000000001,VOL-to,put,VOL-to|put,VOL,to,prep,45.328542094455855,1
184000000001,VOO,bring,VOO|bring,VOO,,schematic,30.525667351129364,3
184000000001,VOO,buy,VOO|buy,VOO,,schematic,40.6570841889117,5
184000000001,VOO,get,VOO|get,VOO,,schematic,41.16427104722793,4
184000000001,VOO,give,VOO|give,VOO,,schematic,28.295687885010267,9
184000000001,VOO,hand,VOO|hand,VOO,,schematic,30.525667351129364,1
184000000001,VOO,make,VOO|make,VOO,,schematic,31.262833675564682,1
184000000001,VOO,read,VOO|read,VOO,,schematic,49.591375770020534,1
184000000001,VOO,save,VOO|save,VOO,,schematic,38.62422997946612,1
184000000001,VOO,show,VOO|show,VOO,,schematic,28.295687885010267,1
184000000001,VOO,take,VOO|take,VOO,,schematic,28.295687885010267,1
184000000008,VL,break,VL|break,VL,,schematic,45.13141683778234,1
184000000008,VL,bump,VL|bump,VL,,schematic,53.72279260780287,1
184000000008,VL,climb,VL|climb,VL,,schematic,51.558521560574945,1
184000000008,VL,come,VL|come,VL,,schematic,45.13141683778234,10
184000000008,VL,die,VL|die,VL,,schematic,49.68993839835729,1
184000000008,VL,fall,VL|fall,VL,,schematic,45.13141683778234,7
184000000008,VL,get,VL|get,VL,,schematic,44.459958932238195,24
184000000008,VL,go,VL|go,VL,,schematic,44.8870636550308,22
184000000008,VL,grow,VL|grow,VL,,schematic,48.78850102669404,1
184000000008,VL,hide,VL|hide,VL,,schematic,49.68993839835729,1
184000000008,VL,jump,VL|jump,VL,,schematic,48.78850102669404,4
184000000008,VL,lie,VL|lie,VL,,schematic,49.68993839835729,1
184000000008,VL,live,VL|live,VL,,schematic,48.78850102669404,4
184000000008,VL,look,VL|look,VL,,schematic,44.459958932238195,12
184000000008,VL,play,VL|play,VL,,schematic,49.68993839835729,1
184000000008,VL,put,VL|put,VL,,schematic,46.72279260780287,1
184000000008,VL,run,VL|run,VL,,schematic,45.13141683778234,3
184000000008,VL,seed,VL|seed,VL,,schematic,45.13141683778234,1
184000000008,VL,set,VL|set,VL,,schematic,46.72279260780287,1
184000000008,VL,sit,VL|sit,VL,,schematic,48.78850102669404,3
184000000008,VL,sleep,VL|sleep,VL,,schematic,44.8870636550308,3
184000000008,VL,slide,VL|slide,VL,,schematic,51.558521560574945,1
184000000008,VL,slip,VL|slip,VL,,schematic,51.558521560574945,3
184000000008,VL,stand,VL|stand,VL,,schematic,48.78850102669404,1
184000000008,VL,talk,VL|talk,VL,,schematic,48.78850102669404,2
184000000008,VL,tell,VL|tell,VL,,schematic,48.78850102669404,1
184000000008,VL,watch,VL|watch,VL,,schematic,49.68993839835729,1
184000000008,VL,weed,VL|weed,VL,,schematic,45.13141683778234,2
184000000008,VL,worry,VL|worry,VL,,schematic,45.13141683778234,1
184000000008,VL-about,talk,VL-about|talk,VL,about,prep,48.78850102669404,2
184000000008,VL-about,worry,VL-about|worry,VL,about,prep,45.13141683778234,1
184000000008,VL-at,look,VL-at|look,VL,at,prep,44.459958932238195,12
184000000008,VL-behind,run,VL-behind|run,VL,behind,prep,45.13141683778234,1
184000000008,VL-down,come,VL-down|come,VL,down,prep,51.558521560574945,2
184000000008,VL-down,jump,VL-down|jump,VL,down,prep,51.558521560574945,1
184000000008,VL-down,set,VL-down|set,VL,down,prep,46.72279260780287,1
184000000008,VL-in,come,VL-in|come,VL,in,prep,48.328542094455855,3
184000000008,VL-in,fall,VL-in|fall,VL,in,prep,51.558521560574945,1
184000000008,VL-in,get,VL-in|get,VL,in,prep,45.13141683778234,1
184000000008,VL-in,go,VL-in|go,VL,in,prep,44.8870636550308,8
184000000008,VL-in,grow,VL-in|grow,VL,in,prep,48.78850102669404,1
184000000008,VL-in,jump,VL-in|jump,VL,in,prep,48.78850102669404,2
184000000008,VL-in,live,VL-in|live,VL,in,prep,48.78850102669404,4
184000000008,VL-in,play,VL-in|play,VL,in,prep,49.68993839835729,1
184000000008,VL-in,put,VL-in|put,VL,in,prep,46.72279260780287,1
184000000008,VL-in,sleep,VL-in|sleep,VL,in,prep,44.8870636550308,1
184000000008,VL-in,slide,VL-in|slide,VL,in,prep,51.558521560574945,1
184000000008,VL-in,slip,VL-in|slip,VL,in,prep,51.558521560574945,3
184000000008,VL-into,bump,VL-into|bump,VL,into,prep,53.72279260780287,1
184000000008,VL-into,go,VL-into|go,VL,into,prep,51.558521560574945,2
184000000008,VL-near,come,VL-near|come,VL,near,prep,48.78850102669404,1
184000000008,VL-off,break,VL-off|break,VL,off,prep,45.13141683778234,1
184000000008,VL-off,fall,VL-off|fall,VL,off,prep,45.13141683778234,6
184000000008,VL-off,get,VL-off|get,VL,off,prep,48.78850102669404,2
184000000008,VL-off,tell,VL-off|tell,VL,off,prep,48.78850102669404,1
184000000008,VL-on,come,VL-on|come,VL,on,prep,45.13141683778234,3
184000000008,VL-on,die,VL-on|die,VL,on,prep,49.68993839835729,1
184000000008,VL-on,get,VL-on|get,VL,on,prep,44.459958932238195,3
184000000008,VL-on,go,VL-on|go,VL,on,prep,44.8870636550308,8
184000000008,VL-on,hide,VL-on|hide,VL,on,prep,49.68993839835729,1
184000000008,VL-on,jump,VL-on|jump,VL,on,prep,48.78850102669404,1
184000000008,VL-on,lie,VL-on|lie,VL,on,prep,49.68993839835729,1
184000000008,VL-on,run,VL-on|run,VL,on,prep,53.72279260780287,2
184000000008,VL-on,seed,VL-on|seed,VL,on,prep,45.13141683778234,1
184000000008,VL-on,sit,VL-on|sit,VL,on,prep,48.78850102669404,2
184000000008,VL-on,sleep,VL-on|sleep,VL,on,prep,48.78850102669404,2
184000000008,VL-on,stand,VL-on|stand,VL,on,prep,48.78850102669404,1
184000000008,VL-on,watch,VL-on|watch,VL,on,prep,49.68993839835729,1
184000000008,VL-over,climb,VL-over|climb,VL,over,prep,51.558521560574945,1
184000000008,VL-over,get,VL-over|get,VL,over,prep,48.78850102669404,9
184000000008,VL-over,weed,VL-over|weed,VL,over,prep,45.13141683778234,2
184000000008,VL-to,come,VL-to|come,VL,to,prep,49.68993839835729,1
184000000008,VL-to,go,VL-to|go,VL,to,prep,48.328542094455855,4
184000000008,VL-to,sit,VL-to|sit,VL,to,prep,49.68993839835729,1
184000000008,VL-under,get,VL-under|get,VL,under,prep,48.78850102669404,9
184000000008,VO,beat,VO|beat,VO,,schematic,48.78850102669404,1
184000000008,VO,behave,VO|behave,VO,,schematic,48.78850102669404,1
184000000008,VO,bite,VO|bite,VO,,schematic,48.78850102669404,1
184000000008,VO,borrow,VO|borrow,VO,,schematic,46.72279260780287,1
184000000008,VO,break,VO|break,VO,,schematic,44.8870636550308,3
184000000008,VO,bring,VO|bring,VO,,schematic,46.72279260780287,7
184000000008,VO,brush,VO|brush,VO,,schematic,50.6570841889117,1
184000000008,VO,build,VO|build,VO,,schematic,48.328542094455855,1
184000000008,VO,buy,VO|buy,VO,,schematic,46.72279260780287,2
184000000008,VO,call,VO|call,VO,,schematic,44.8870636550308,10
184000000008,VO,catch,VO|catch,VO,,schematic,44.8870636550308,4
184000000008,VO,change,VO|change,VO,,schematic,48.78850102669404,1
184000000008,VO,chug,VO|chug,VO,,schematic,46.72279260780287,2
184000000008,VO,close,VO|close,VO,,schematic,48.78850102669404,2
184000000008,VO,come,VO|come,VO,,schematic,48.328542094455855,1
184000000008,VO,count,VO|count,VO,,schematic,48.78850102669404,2
184000000008,VO,do,VO|do,VO,,schematic,44.8870636550308,25
184000000008,VO,dry,VO|dry,VO,,schematic,51.558521560574945,1
184000000008,VO,eat,VO|eat,VO,,schematic,44.459958932238195,19
184000000008,VO,excuse,VO|excuse,VO,,schematic,48.78850102669404,1
184000000008,VO,feel,VO|feel,VO,,schematic,49.68993839835729,4
184000000008,VO,find,VO|find,VO,,schematic,45.13141683778234,5
184000000008,VO,finish,VO|finish,VO,,schematic,44.8870636550308,1
184000000008,VO,fix,VO|fix,VO,,schematic,46.72279260780287,1
184000000008,VO,fly,VO|fly,VO,,schematic,50.6570841889117,2
184000000008,VO,forget,VO|forget,VO,,schematic,48.78850102669404,1
184000000008,VO,get,VO|get,VO,,schematic,44.8870636550308,70
184000000008,VO,go,VO|go,VO,,schematic,45.13141683778234,6
184000000008,VO,hate,VO|hate,VO,,schematic,48.78850102669404,1
184000000008,VO,have,VO|have,VO,,schematic,44.459958932238195,45
184000000008,VO,head,VO|head,VO,,schematic,48.78850102669404,1
184000000008,VO,hit,VO|hit,VO,,schematic,44.459958932238195,8
184000000008,VO,hold,VO|hold,VO,,schematic,48.78850102669404,2
184000000008,VO,hurt,VO|hurt,VO,,schematic,48.78850102669404,4
184000000008,VO,jingle,VO|jingle,VO,,schematic,48.78850102669404,1
184000000008,VO,keep,VO|keep,VO,,schematic,45.13141683778234,4
184000000008,VO,kick,VO|kick,VO,,schematic,51.558521560574945,2
184000000008,VO,kill,VO|kill,VO,,schematic,51.558521560574945,4
184000000008,VO,know,VO|know,VO,,schematic,44.8870636550308,11
184000000008,VO,leave,VO|leave,VO,,schematic,48.328542094455855,3
184000000008,VO,let,VO|let,VO,,schematic,46.72279260780287,3
184000000008,VO,lift,VO|lift,VO,,schematic,44.8870636550308,4
184000000008,VO,like,VO|like,VO,,schematic,44.8870636550308,26
184000000008,VO,lock,VO|lock,VO,,schematic,51.558521560574945,1
184000000008,VO,look,VO|look,VO,,schematic,44.8870636550308,12
184000000008,VO,lose,VO|lose,VO,,schematic,45.13141683778234,1
184000000008,VO,love,VO|love,VO,,schematic,48.328542094455855,7
184000000008,VO,make,VO|make,VO,,schematic,44.8870636550308,16
184000000008,VO,mean,VO|mean,VO,,schematic,48.78850102669404,1
184000000008,VO,meet,VO|meet,VO,,schematic,50.6570841889117,1
184000000008,VO,need,VO|need,VO,,schematic,48.78850102669404,3
184000000008,VO,open,VO|open,VO,,schematic,48.78850102669404,4
184000000008,VO,pardon,VO|pardon,VO,,schematic,54.16427104722793,1
184000000008,VO,play,VO|play,VO,,schematic,48.328542094455855,7
184000000008,VO,pretend,VO|pretend,VO,,schematic,48.78850102669404,1
184000000008,VO,pull,VO|pull,VO,,schematic,44.8870636550308,1
184000000008,VO,push,VO|push,VO,,schematic,50.6570841889117,2
184000000008,VO,put,VO|put,VO,,schematic,44.8870636550308,22
184000000008,VO,rock,VO|rock,VO,,schematic,48.328542094455855,1
184000000008,VO,say,VO|say,VO,,schematic,44.459958932238195,13
184000000008,VO,scare,VO|scare,VO,,schematic,50.6570841889117,1
184000000008,VO,scrape,VO|scrape,VO,,schematic,49.68993839835729,1
184000000008,VO,see,VO|see,VO,,schematic,44.8870636550308,26
184000000008,VO,shake,VO|shake,VO,,schematic,53.72279260780287,1
184000000008,VO,show,VO|show,VO,,schematic,48.78850102669404,1
184000000008,VO,smack,VO|smack,VO,,schematic,53.72279260780287,2
184000000008,VO,start,VO|start,VO,,schematic,44.8870636550308,2
184000000008,VO,stick,VO|stick,VO,,schematic,49.68993839835729,1
184000000008,VO,stop,VO|stop,VO,,schematic,49.68993839835729,2
184000000008,VO,stretch,VO|stretch,VO,,schematic,48.78850102669404,1
184000000008,VO,stroke,VO|stroke,VO,,schematic,48.78850102669404,1
184000000008,VO,swim,VO|swim,VO,,schematic,48.78850102669404,1
184000000008,VO,take,VO|take,VO,,schematic,44.459958932238195,6
184000000008,VO,think,VO|think,VO,,schematic,51.558521560574945,1
184000000008,VO,throw,VO|throw,VO,,schematic,48.328542094455855,3
184000000008,VO,tickle,VO|tickle,VO,,schematic,48.78850102669404,1
184000000008,VO,turn,VO|turn,VO,,schematic,50.6570841889117,1
184000000008,VO,want,VO|want,VO,,schematic,44.8870636550308,16
184000000008,VO,wash,VO|wash,VO,,schematic,53.72279260780287,1
184000000008,VO,watch,VO|watch,VO,,schematic,44.8870636550308,16
184000000008,VO,wear,VO|wear,VO,,schematic,48.78850102669404,1
184000000008,VO,wee,VO|wee,VO,,schematic,44.8870636550308,3
184000000008,VOL,bite,VOL|bite,VOL,,schematic,48.78850102669404,1
184000000008,VOL,break,VOL|break,VOL,,schematic,51.558521560574945,1
184000000008,VOL,bump,VOL|bump,VOL,,schematic,45.13141683778234,1
184000000008,VOL,come,VOL|come,VOL,,schematic,49.68993839835729,1
184000000008,VOL,eat,VOL|eat,VOL,,schematic,51.558521560574945,1
184000000008,VOL,get,VOL|get,VOL,,schematic,48.78850102669404,8
184000000008,VOL,have,VOL|have,VOL,,schematic,44.8870636550308,4
184000000008,VOL,hear,VOL|hear,VOL,,schematic,48.78850102669404,1
184000000008,VOL,keep,VOL|keep,VOL,,schematic,53.72279260780287,2
184000000008,VOL,kick,VOL|kick,VOL,,schematic,48.78850102669404,1
184000000008,VOL,know,VOL|know,VOL,,schematic,44.8870636550308,1
184000000008,VOL,play,VOL|play,VOL,,schematic,50.6570841889117,2
184000000008,VOL,pull,VOL|pull,VOL,,schematic,44.459958932238195,2
184000000008,VOL,put,VOL|put,VOL,,schematic,44.8870636550308,24
184000000008,VOL,read,VOL|read,VOL,,schematic,48.78850102669404,1
184000000008,VOL,say,VOL|say,VOL,,schematic,45.13141683778234,1
184000000008,VOL,scare,VOL|scare,VOL,,schematic,48.328542094455855,2
184000000008,VOL,see,VOL|see,VOL,,schematic,44.8870636550308,5
184000000008,VOL,sit,VOL|sit,VOL,,schematic,48.328542094455855,1
184000000008,VOL,sort,VOL|sort,VOL,,schematic,50.6570841889117,1
184000000008,VOL,stick,VOL|stick,VOL,,schematic,53.72279260780287,1
184000000008,VOL,take,VOL|take,VOL,,schematic,50.6570841889117,3
184000000008,VOL,throw,VOL|throw,VOL,,schematic,49.68993839835729,4
184000000008,VOL,trip,VOL|trip,VOL,,schematic,50.6570841889117,1
184000000008,VOL,want,VOL|want,VOL,,schematic,48.78850102669404,1
184000000008,VOL-down,keep,VOL-down|keep,VOL,down,prep,53.72279260780287,2
184000000008,VOL-down,put,VOL-down|put,VOL,down,prep,45.13141683778234,2
184000000008,VOL-down,sit,VOL-down|sit,VOL,down,prep,48.328542094455855,1
184000000008,VOL-from,get,VOL-from|get,VOL,from,prep,49.68993839835729,4
184000000008,VOL-from,know,VOL-from|know,VOL,from,prep,44.8870636550308,1
184000000008,VOL-in,get,VOL-in|get,VOL,in,prep,51.558521560574945,2
184000000008,VOL-in,have,VOL-in|have,VOL,in,prep,48.78850102669404,2
184000000008,VOL-in,hear,VOL-in|hear,VOL,in,prep,48.78850102669404,1
184000000008,VOL-in,play,VOL-in|play,VOL,in,prep,50.6570841889117,1
184000000008,VOL-in,put,VOL-in|put,VOL,in,prep,44.8870636550308,11
184000000008,VOL-in,see,VOL-in|see,VOL,in,prep,48.78850102669404,2
184000000008,VOL-in,throw,VOL-in|throw,VOL,in,prep,49.68993839835729,2
184000000008,VOL-into,say,VOL-into|say,VOL,into,prep,45.13141683778234,1
184000000008,VOL-off,bite,VOL-off|bite,VOL,off,prep,48.78850102669404,1
184000000008,VOL-off,break,VOL-off|break,VOL,off,prep,51.558521560574945,1
184000000008,VOL-off,eat,VOL-off|eat,VOL,off,prep,51.558521560574945,1
184000000008,VOL-off,pull,VOL-off|pull,VOL,off,prep,44.459958932238195,2
184000000008,VOL-off,scare,VOL-off|scare,VOL,off,prep,48.78850102669404,1
184000000008,VOL-off,take,VOL-off|take,VOL,off,prep,50.6570841889117,3
184000000008,VOL-off,trip,VOL-off|trip,VOL,off,prep,50.6570841889117,1
184000000008,VOL-on,bump,VOL-on|bump,VOL,on,prep,45.13141683778234,1
184000000008,VOL-on,get,VOL-on|get,VOL,on,prep,48.78850102669404,2
184000000008,VOL-on,have,VOL-on|have,VOL,on,prep,44.8870636550308,2
184000000008,VOL-on,play,VOL-on|play,VOL,on,prep,53.72279260780287,1
184000000008,VOL-on,put,VOL-on|put,VOL,on,prep,44.8870636550308,8
184000000008,VOL-on,see,VOL-on|see,VOL,on,prep,44.8870636550308,3
184000000008,VOL-on,stick,VOL-on|stick,VOL,on,prep,53.72279260780287,1
184000000008,VOL-on,want,VOL-on|want,VOL,on,prep,48.78850102669404,1
184000000008,VOL-over,put,VOL-over|put,VOL,over,prep,48.78850102669404,2
184000000008,VOL-over,scare,VOL-over|scare,VOL,over,prep,48.328542094455855,1
184000000008,VOL-over,throw,VOL-over|throw,VOL,over,prep,53.72279260780287,2
184000000008,VOL-through,put,VOL-through|put,VOL,through,prep,53.72279260780287,1
184000000008,VOL-to,come,VOL-to|come,VOL,to,prep,49.68993839835729,1
184000000008,VOL-to,kick,VOL-to|kick,VOL,to,prep,48.78850102669404,1
184000000008,VOL-to,read,VOL-to|read,VOL,to,prep,48.78850102669404,1
184000000008,VOL-to,sort,VOL-to|sort,VOL,to,prep,50.6570841889117,1
184000000008,VOO,bring,VOO|bring,VOO,,schematic,50.6570841889117,1
184000000008,VOO,buy,VOO|buy,VOO,,schematic,44.8870636550308,7
184000000008,VOO,get,VOO|get,VOO,,schematic,48.78850102669404,3
184000000008,VOO,give,VOO|give,VOO,,schematic,44.8870636550308,4
184000000008,VOO,make,VOO|make,VOO,,schematic,48.78850102669404,1
184000000008,VOO,pick,VOO|pick,VOO,,schematic,54.16427104722793,1
184000000008,VOO,show,VOO|show,VOO,,schematic,44.8870636550308,4
184000000008,VOO,tell,VOO|tell,VOO,,schematic,44.459958932238195,3
184000000008,VOO,throw,VOO|throw,VOO,,schematic,53.72279260780287,1
184000000016,VL,change,VL|change,VL,,schematic,52.492813141683776,2
184000000016,VL,come,VL|come,VL,,schematic,52.492813141683776,1
184000000016,VL,fly,VL|fly,VL,,schematic,52.492813141683776,1
184000000016,VL,get,VL|get,VL,,schematic,52.492813141683776,1
184000000016,VL,go,VL|go,VL,,schematic,52.492813141683776,2
184000000016,VL,live,VL|live,VL,,schematic,52.492813141683776,1
184000000016,VL,look,VL|look,VL,,schematic,52.492813141683776,1
184000000016,VL-at,look,VL-at|look,VL,at,prep,52.492813141683776,1
184000000016,VL-behind,get,VL-behind|get,VL,behind,prep,52.492813141683776,1
184000000016,VL-in,change,VL-in|change,VL,in,prep,52.492813141683776,2
184000000016,VL-in,fly,VL-in|fly,VL,in,prep,52.492813141683776,1
184000000016,VL-in,live,VL-in|live,VL,in,prep,52.492813141683776,1
184000000016,VL-near,come,VL-near|come,VL,near,prep,52.492813141683776,1
184000000016,VL-to,go,VL-to|go,VL,to,prep,52.492813141683776,2
184000000016,VO,behave,VO|behave,VO,,schematic,52.492813141683776,1
184000000016,VO,break,VO|break,VO,,schematic,52.492813141683776,1
184000000016,VO,bring,VO|bring,VO,,schematic,52.492813141683776,1
184000000016,VO,call,VO|call,VO,,schematic,52.492813141683776,1
184000000016,VO,do,VO|do,VO,,schematic,52.492813141683776,3
184000000016,VO,eat,VO|eat,VO,,schematic,52.492813141683776,9
184000000016,VO,find,VO|find,VO,,schematic,52.492813141683776,1
184000000016,VO,get,VO|get,VO,,schematic,52.492813141683776,15
184000000016,VO,guess,VO|guess,VO,,schematic,52.492813141683776,2
184000000016,VO,have,VO|have,VO,,schematic,52.492813141683776,8
184000000016,VO,kill,VO|kill,VO,,schematic,52.492813141683776,2
184000000016,VO,let,VO|let,VO,,schematic,52.492813141683776,2
184000000016,VO,like,VO|like,VO,,schematic,52.492813141683776,7
184000000016,VO,make,VO|make,VO,,schematic,52.492813141683776,2
184000000016,VO,mix,VO|mix,VO,,schematic,52.492813141683776,1
184000000016,VO,play,VO|play,VO,,schematic,52.492813141683776,2
184000000016,VO,put,VO|put,VO,,schematic,52.492813141683776,2
184000000016,VO,see,VO|see,VO,,schematic,52.492813141683776,7
184000000016,VO,sleep,VO|sleep,VO,,schematic,52.492813141683776,1
184000000016,VO,smash,VO|smash,VO,,schematic,52.492813141683776,1
184000000016,VO,stop,VO|stop,VO,,schematic,52.492813141683776,1
184000000016,VO,think,VO|think,VO,,schematic,52.492813141683776,1
184000000016,VO,want,VO|want,VO,,schematic,52.492813141683776,9
184000000016,VO,watch,VO|watch,VO,,schematic,52.492813141683776,3
184000000016,VOL,get,VOL|get,VOL,,schematic,52.492813141683776,1
184000000016,VOL,knock,VOL|knock,VOL,,schematic,52.492813141683776,1
184000000016,VOL,lock,VOL|lock,VOL,,schematic,52.492813141683776,2
184000000016,VOL,put,VOL|put,VOL,,schematic,52.492813141683776,1
184000000016,VOL-down,get,VOL-down|get,VOL,down,prep,52.492813141683776,1
184000000016,VOL-down,knock,VOL-down|knock,VOL,down,prep,52.492813141683776,1
184000000016,VOL-in,lock,VOL-in|lock,VOL,in,prep,52.492813141683776,2
184000000016,VOL-in,put,VOL-in|put,VOL,in,prep,52.492813141683776,1
184000000019,VL,be,VL|be,VL,,schematic,45.13141683778234,1
184000000019,VL,bring,VL|bring,VL,,schematic,41.82135523613963,1
184000000019,VL,climb,VL|climb,VL,,schematic,42.591375770020534,1
184000000019,VL,come,VL|come,VL,,schematic,40.0,11
184000000019,VL,dip,VL|dip,VL,,schematic,42.591375770020534,1
184000000019,VL,fall,VL|fall,VL,,schematic,41.82135523613963,10
184000000019,VL,fit,VL|fit,VL,,schematic,41.82135523613963,7
184000000019,VL,get,VL|get,VL,,schematic,41.82135523613963,3
184000000019,VL,go,VL|go,VL,,schematic,40.0,37
184000000019,VL,jump,VL|jump,VL,,schematic,45.13141683778234,1
184000000019,VL,lie,VL|lie,VL,,schematic,45.13141683778234,1
184000000019,VL,listen,VL|listen,VL,,schematic,41.82135523613963,2
184000000019,VL,live,VL|live,VL,,schematic,41.82135523613963,2
184000000019,VL,look,VL|look,VL,,schematic,41.82135523613963,8
184000000019,VL,make,VL|make,VL,,schematic,42.591375770020534,1
184000000019,VL,put,VL|put,VL,,schematic,45.13141683778234,6
184000000019,VL,ride,VL|ride,VL,,schematic,43.78850102669404,1
184000000019,VL,run,VL|run,VL,,schematic,45.13141683778234,1
184000000019,VL,sit,VL|sit,VL,,schematic,40.0,1
184000000019,VL,sleep,VL|sleep,VL,,schematic,41.82135523613963,4
184000000019,VL,splash,VL|splash,VL,,schematic,42.591375770020534,1
184000000019,VL,stand,VL|stand,VL,,schematic,41.82135523613963,4
184000000019,VL,stay,VL|stay,VL,,schematic,48.36139630390144,1
184000000019,VL-at,go,VL-at|go,VL,at,prep,42.591375770020534,1
184000000019,VL-at,look,VL-at|look,VL,at,prep,41.82135523613963,6
184000000019,VL-down,come,VL-down|come,VL,down,prep,42.591375770020534,1
184000000019,VL-down,fall,VL-down|fall,VL,down,prep,41.82135523613963,1
184000000019,VL-down,lie,VL-down|lie,VL,down,prep,45.13141683778234,1
184000000019,VL-down,look,VL-down|look,VL,down,prep,45.13141683778234,1
184000000019,VL-from,come,VL-from|come,VL,from,prep,41.82135523613963,3
184000000019,VL-from,go,VL-from|go,VL,from,prep,40.0,1
184000000019,VL-in,be,VL-in|be,VL,in,prep,45.13141683778234,1
184000000019,VL-in,come,VL-in|come,VL,in,prep,40.0,1
184000000019,VL-in,dip,VL-in|dip,VL,in,prep,42.591375770020534,1
184000000019,VL-in,fall,VL-in|fall,VL,in,prep,41.82135523613963,5
184000000019,VL-in,fit,VL-in|fit,VL,in,prep,41.82135523613963,6
184000000019,VL-in,get,VL-in|get,VL,in,prep,41.82135523613963,2
184000000019,VL-in,go,VL-in|go,VL,in,prep,41.82135523613963,8
184000000019,VL-in,live,VL-in|live,VL,in,prep,41.82135523613963,2
184000000019,VL-in,look,VL-in|look,VL,in,prep,48.36139630390144,1
184000000019,VL-in,make,VL-in|make,VL,in,prep,42.591375770020534,1
184000000019,VL-in,put,VL-in|put,VL,in,prep,45.13141683778234,6
184000000019,VL-in,sit,VL-in|sit,VL,in,prep,40.0,1
184000000019,VL-in,sleep,VL-in|sleep,VL,in,prep,41.82135523613963,3
184000000019,VL-in,splash,VL-in|splash,VL,in,prep,42.591375770020534,1
184000000019,VL-in,stand,VL-in|stand,VL,in,prep,45.13141683778234,1
184000000019,VL-into,go,VL-into|go,VL,into,prep,40.0,4
184000000019,VL-off,come,VL-off|come,VL,off,prep,48.36139630390144,1
184000000019,VL-off,fall,VL-off|fall,VL,off,prep,45.13141683778234,3
184000000019,VL-off,get,VL-off|get,VL,off,prep,45.13141683778234,1
184000000019,VL-off,jump,VL-off|jump,VL,off,prep,45.13141683778234,1
184000000019,VL-on,climb,VL-on|climb,VL,on,prep,42.591375770020534,1
184000000019,VL-on,come,VL-on|come,VL,on,prep,41.82135523613963,2
184000000019,VL-on,fit,VL-on|fit,VL,on,prep,48.36139630390144,1
184000000019,VL-on,go,VL-on|go,VL,on,prep,42.591375770020534,6
184000000019,VL-on,ride,VL-on|ride,VL,on,prep,43.78850102669404,1
184000000019,VL-on,sleep,VL-on|sleep,VL,on,prep,45.13141683778234,1
184000000019,VL-on,stand,VL-on|stand,VL,on,prep,41.82135523613963,3
184000000019,VL-on,stay,VL-on|stay,VL,on,prep,48.36139630390144,1
184000000019,VL-over,come,VL-over|come,VL,over,prep,43.78850102669404,1
184000000019,VL-over,fall,VL-over|fall,VL,over,prep,45.13141683778234,1
184000000019,VL-through,go,VL-through|go,VL,through,prep,43.78850102669404,1
184000000019,VL-to,bring,VL-to|bring,VL,to,prep,41.82135523613963,1
184000000019,VL-to,come,VL-to|come,VL,to,prep,40.0,2
184000000019,VL-to,go,VL-to|go,VL,to,prep,40.0,16
184000000019,VL-to,listen,VL-to|listen,VL,to,prep,41.82135523613963,2
184000000019,VL-to,run,VL-to|run,VL,to,prep,45.13141683778234,1
184000000019,VO,bake,VO|bake,VO,,schematic,43.78850102669404,1
184000000019,VO,bang,VO|bang,VO,,schematic,40.0,4
184000000019,VO,bite,VO|bite,VO,,schematic,42.591375770020534,1
184000000019,VO,blow,VO|blow,VO,,schematic,47.0,1
184000000019,VO,break,VO|break,VO,,schematic,41.82135523613963,2
184000000019,VO,bring,VO|bring,VO,,schematic,40.0,2
184000000019,VO,build,VO|build,VO,,schematic,41.82135523613963,1
184000000019,VO,bump,VO|bump,VO,,schematic,45.13141683778234,1
184000000019,VO,buy,VO|buy,VO,,schematic,41.82135523613963,1
184000000019,VO,catch,VO|catch,VO,,schematic,42.591375770020534,28
184000000019,VO,change,VO|change,VO,,schematic,41.82135523613963,1
184000000019,VO,chase,VO|chase,VO,,schematic,45.13141683778234,1
184000000019,VO,close,VO|close,VO,,schematic,45.13141683778234,5
184000000019,VO,come,VO|come,VO,,schematic,40.0,1
184000000019,VO,cut,VO|cut,VO,,schematic,45.13141683778234,2
184000000019,VO,dead,VO|dead,VO,,schematic,48.36139630390144,1
184000000019,VO,do,VO|do,VO,,schematic,40.0,33
184000000019,VO,drink,VO|drink,VO,,schematic,41.82135523613963,1
184000000019,VO,dry,VO|dry,VO,,schematic,47.0,2
184000000019,VO,eat,VO|eat,VO,,schematic,40.0,17
184000000019,VO,feed,VO|feed,VO,,schematic,41.82135523613963,4
184000000019,VO,feel,VO|feel,VO,,schematic,48.36139630390144,1
184000000019,VO,find,VO|find,VO,,schematic,41.82135523613963,15
184000000019,VO,fishing,VO|fishing,VO,,schematic,42.591375770020534,1
184000000019,VO,flip,VO|flip,VO,,schematic,42.591375770020534,1
184000000019,VO,flop,VO|flop,VO,,schematic,42.591375770020534,1
184000000019,VO,get,VO|get,VO,,schematic,40.0,134
184000000019,VO,go,VO|go,VO,,schematic,42.591375770020534,4
184000000019,VO,haft,VO|haft,VO,,schematic,48.36139630390144,1
184000000019,VO,have,VO|have,VO,,schematic,40.0,37
184000000019,VO,hear,VO|hear,VO,,schematic,45.13141683778234,3
184000000019,VO,help,VO|help,VO,,schematic,40.0,2
184000000019,VO,hit,VO|hit,VO,,schematic,41.82135523613963,5
184000000019,VO,hold,VO|hold,VO,,schematic,41.82135523613963,9
184000000019,VO,hurt,VO|hurt,VO,,schematic,40.0,4
184000000019,VO,keep,VO|keep,VO,,schematic,40.0,9
184000000019,VO,kick,VO|kick,VO,,schematic,41.82135523613963,1
184000000019,VO,know,VO|know,VO,,schematic,41.82135523613963,7
184000000019,VO,leave,VO|leave,VO,,schematic,43.78850102669404,1
184000000019,VO,let,VO|let,VO,,schematic,41.82135523613963,7
184000000019,VO,lift,VO|lift,VO,,schematic,45.13141683778234,3
184000000019,VO,like,VO|like,VO,,schematic,41.82135523613963,9
184000000019,VO,look,VO|look,VO,,schematic,40.0,10
184000000019,VO,lose,VO|lose,VO,,schematic,48.36139630390144,1
184000000019,VO,make,VO|make,VO,,schematic,41.82135523613963,5
184000000019,VO,measure,VO|measure,VO,,schematic,42.591375770020534,1
184000000019,VO,mend,VO|mend,VO,,schematic,48.36139630390144,1
184000000019,VO,mind,VO|mind,VO,,schematic,43.78850102669404,1
184000000019,VO,miss,VO|miss,VO,,schematic,47.0,1
184000000019,VO,move,VO|move,VO,,schematic,41.82135523613963,1
184000000019,VO,need,VO|need,VO,,schematic,40.0,10
184000000019,VO,open,VO|open,VO,,schematic,45.13141683778234,3
184000000019,VO,pick,VO|pick,VO,,schematic,41.82135523613963,3
184000000019,VO,play,VO|play,VO,,schematic,40.0,6
184000000019,VO,press,VO|press,VO,,schematic,43.78850102669404,1
184000000019,VO,pull,VO|pull,VO,,schematic,45.13141683778234,2
184000000019,VO,push,VO|push,VO,,schematic,40.0,2
184000000019,VO,put,VO|put,VO,,schematic,41.82135523613963,18
184000000019,VO,read,VO|read,VO,,schematic,41.82135523613963,7
184000000019,VO,ride,VO|ride,VO,,schematic,43.78850102669404,2
184000000019,VO,rock,VO|rock,VO,,schematic,48.36139630390144,1
184000000019,VO,say,VO|say,VO,,schematic,45.13141683778234,2
184000000019,VO,scrape,VO|scrape,VO,,schematic,45.13141683778234,1
184000000019,VO,see,VO|see,VO,,schematic,40.0,20
184000000019,VO,sing,VO|sing,VO,,schematic,42.591375770020534,2
184000000019,VO,skinned,VO|skinned,VO,,schematic,48.36139630390144,1
184000000019,VO,slip,VO|slip,VO,,schematic,41.82135523613963,1
184000000019,VO,stick,VO|stick,VO,,schematic,47.0,1
184000000019,VO,stop,VO|stop,VO,,schematic,42.591375770020534,2
184000000019,VO,swing,VO|swing,VO,,schematic,40.0,1
184000000019,VO,take,VO|take,VO,,schematic,40.0,9
184000000019,VO,taste,VO|taste,VO,,schematic,45.13141683778234,1
184000000019,VO,tickle,VO|tickle,VO,,schematic,48.36139630390144,1
184000000019,VO,tie,VO|tie,VO,,schematic,48.36139630390144,1
184000000019,VO,try,VO|try,VO,,schematic,42.591375770020534,3
184000000019,VO,use,VO|use,VO,,schematic,47.0,1
184000000019,VO,want,VO|want,VO,,schematic,41.82135523613963,34
184000000019,VO,wash,VO|wash,VO,,schematic,40.0,6
184000000019,VO,watch,VO|watch,VO,,schematic,41.82135523613963,3
184000000019,VO,wee,VO|wee,VO,,schematic,47.0,1
184000000019,VO,whoop,VO|whoop,VO,,schematic,42.591375770020534,2
184000000019,VO,wreck,VO|wreck,VO,,schematic,43.78850102669404,2
184000000019,VO,write,VO|write,VO,,schematic,48.36139630390144,2
184000000019,VOL,bring,VOL|bring,VOL,,schematic,48.36139630390144,1
184000000019,VOL,brush,VOL|brush,VOL,,schematic,47.0,1
184000000019,VOL,buy,VOL|buy,VOL,,schematic,48.36139630390144,1
184000000019,VOL,close,VOL|close,VOL,,schematic,48.36139630390144,1
184000000019,VOL,fit,VOL|fit,VOL,,schematic,47.0,1
184000000019,VOL,get,VOL|get,VOL,,schematic,40.0,13
184000000019,VOL,have,VOL|have,VOL,,schematic,45.13141683778234,2
184000000019,VOL,keep,VOL|keep,VOL,,schematic,42.591375770020534,5
184000000019,VOL,let,VOL|let,VOL,,schematic,42.591375770020534,5
184000000019,VOL,need,VOL|need,VOL,,schematic,41.82135523613963,4
184000000019,VOL,pull,VOL|pull,VOL,,schematic,48.36139630390144,1
184000000019,VOL,push,VOL|push,VOL,,schematic,47.0,1
184000000019,VOL,put,VOL|put,VOL,,schematic,40.0,38
184000000019,VOL,see,VOL|see,VOL,,schematic,48.36139630390144,1
184000000019,VOL,stick,VOL|stick,VOL,,schematic,47.0,1
184000000019,VOL,take,VOL|take,VOL,,schematic,45.13141683778234,4
184000000019,VOL,turn,VOL|turn,VOL,,schematic,45.13141683778234,5
184000000019,VOL,wake,VOL|wake,VOL,,schematic,41.82135523613963,1
184000000019,VOL,want,VOL|want,VOL,,schematic,40.0,3
184000000019,VOL,wear,VOL|wear,VOL,,schematic,45.13141683778234,1
184000000019,VOL-down,let,VOL-down|let,VOL,down,prep,42.591375770020534,1
184000000019,VOL-down,pull,VOL-down|pull,VOL,down,prep,48.36139630390144,1
184000000019,VOL-down,put,VOL-down|put,VOL,down,prep,43.78850102669404,1
184000000019,VOL-down,take,VOL-down|take,VOL,down,prep,45.13141683778234,1
184000000019,VOL-from,get,VOL-from|get,VOL,from,prep,47.0,1
184000000019,VOL-in,bring,VOL-in|bring,VOL,in,prep,48.36139630390144,1
184000000019,VOL-in,buy,VOL-in|buy,VOL,in,prep,48.36139630390144,1
184000000019,VOL-in,fit,VOL-in|fit,VOL,in,prep,47.0,1
184000000019,VOL-in,get,VOL-in|get,VOL,in,prep,40.0,6
184000000019,VOL-in,have,VOL-in|have,VOL,in,prep,45.13141683778234,1
184000000019,VOL-in,keep,VOL-in|keep,VOL,in,prep,43.78850102669404,2
184000000019,VOL-in,let,VOL-in|let,VOL,in,prep,43.78850102669404,4
184000000019,VOL-in,need,VOL-in|need,VOL,in,prep,43.78850102669404,3
184000000019,VOL-in,push,VOL-in|push,VOL,in,prep,47.0,1
184000000019,VOL-in,put,VOL-in|put,VOL,in,prep,40.0,23
184000000019,VOL-in,see,VOL-in|see,VOL,in,prep,48.36139630390144,1
184000000019,VOL-in,stick,VOL-in|stick,VOL,in,prep,47.0,1
184000000019,VOL-in,wake,VOL-in|wake,VOL,in,prep,41.82135523613963,1
184000000019,VOL-into,get,VOL-into|get,VOL,into,prep,40.0,1
184000000019,VOL-off,get,VOL-off|get,VOL,off,prep,43.78850102669404,1
184000000019,VOL-off,keep,VOL-off|keep,VOL,off,prep,48.36139630390144,1
184000000019,VOL-off,take,VOL-off|take,VOL,off,prep,45.13141683778234,3
184000000019,VOL-on,brush,VOL-on|brush,VOL,on,prep,47.0,1
184000000019,VOL-on,close,VOL-on|close,VOL,on,prep,48.36139630390144,1
184000000019,VOL-on,get,VOL-on|get,VOL,on,prep,41.82135523613963,3
184000000019,VOL-on,keep,VOL-on|keep,VOL,on,prep,42.591375770020534,2
184000000019,VOL-on,need,VOL-on|need,VOL,on,prep,41.82135523613963,1
184000000019,VOL-on,put,VOL-on|put,VOL,on,prep,40.0,13
184000000019,VOL-on,turn,VOL-on|turn,VOL,on,prep,45.13141683778234,5
184000000019,VOL-on,want,VOL-on|want,VOL,on,prep,43.78850102669404,1
184000000019,VOL-over,have,VOL-over|have,VOL,over,prep,45.13141683778234,1
184000000019,VOL-over,put,VOL-over|put,VOL,over,prep,40.0,1
184000000019,VOL-to,get,VOL-to|get,VOL,to,prep,42.591375770020534,1
184000000019,VOL-to,want,VOL-to|want,VOL,to,prep,40.0,2
184000000019,VOL-to,wear,VOL-to|wear,VOL,to,prep,45.13141683778234,1
184000000019,VOO,blow,VOO|blow,VOO,,schematic,43.78850102669404,1
184000000019,VOO,bring,VOO|bring,VOO,,schematic,41.82135523613963,1
184000000019,VOO,draw,VOO|draw,VOO,,schematic,41.82135523613963,1
184000000019,VOO,find,VOO|find,VOO,,schematic,45.13141683778234,1
184000000019,VOO,get,VOO|get,VOO,,schematic,40.0,5
184000000019,VOO,give,VOO|give,VOO,,schematic,40.0,15
184000000019,VOO,make,VOO|make,VOO,,schematic,43.78850102669404,1
184000000019,VOO,read,VOO|read,VOO,,schematic,45.13141683778234,3
184000000023,VL,belong,VL|belong,VL,,schematic,44.36139630390144,3
184000000023,VL,break,VL|break,VL,,schematic,25.032854209445585,5
184000000023,VL,bump,VL|bump,VL,,schematic,48.91991786447639,1
184000000023,VL,click,VL|click,VL,,schematic,47.36139630390144,1
184000000023,VL,color,VL|color,VL,,schematic,39.82135523613963,1
184000000023,VL,come,VL|come,VL,,schematic,24.32854209445585,11
184000000023,VL,count,VL|count,VL,,schematic,47.36139630390144,1
184000000023,VL,drop,VL|drop,VL,,schematic,48.91991786447639,1
184000000023,VL,fall,VL|fall,VL,,schematic,25.032854209445585,13
184000000023,VL,fly,VL|fly,VL,,schematic,25.722792607802873,1
184000000023,VL,get,VL|get,VL,,schematic,48.91991786447639,3
184000000023,VL,give,VL|give,VL,,schematic,47.36139630390144,1
184000000023,VL,go,VL|go,VL,,schematic,24.32854209445585,19
184000000023,VL,happen,VL|happen,VL,,schematic,47.36139630390144,1
184000000023,VL,lie,VL|lie,VL,,schematic,32.78850102669404,2
184000000023,VL,like,VL|like,VL,,schematic,50.09856262833676,1
184000000023,VL,live,VL|live,VL,,schematic,48.91991786447639,4
184000000023,VL,look,VL|look,VL,,schematic,24.32854209445585,12
184000000023,VL,play,VL|play,VL,,schematic,24.32854209445585,4
184000000023,VL,poing,VL|poing,VL,,schematic,47.36139630390144,1
184000000023,VL,point,VL|point,VL,,schematic,39.82135523613963,1
184000000023,VL,roll,VL|roll,VL,,schematic,32.78850102669404,1
184000000023,VL,run,VL|run,VL,,schematic,48.91991786447639,2
184000000023,VL,see,VL|see,VL,,schematic,47.36139630390144,1
184000000023,VL,shouting,VL|shouting,VL,,schematic,50.09856262833676,1
184000000023,VL,sit,VL|sit,VL,,schematic,25.722792607802873,10
184000000023,VL,stay,VL|stay,VL,,schematic,48.91991786447639,1
184000000023,VL,talk,VL|talk,VL,,schematic,50.09856262833676,1
184000000023,VL,tidy,VL|tidy,VL,,schematic,48.91991786447639,1
184000000023,VL,walk,VL|walk,VL,,schematic,32.78850102669404,1
184000000023,VL-at,look,VL-at|look,VL,at,prep,24.32854209445585,10
184000000023,VL-at,shouting,VL-at|shouting,VL,at,prep,50.09856262833676,1
184000000023,VL-behind,look,VL-behind|look,VL,behind,prep,47.36139630390144,1
184000000023,VL-down,drop,VL-down|drop,VL,down,prep,48.91991786447639,1
184000000023,VL-down,fall,VL-down|fall,VL,down,prep,25.032854209445585,6
184000000023,VL-down,lie,VL-down|lie,VL,down,prep,32.78850102669404,2
184000000023,VL-down,sit,VL-down|sit,VL,down,prep,31.689938398357288,4
184000000023,VL-from,come,VL-from|come,VL,from,prep,47.36139630390144,1
184000000023,VL-in,belong,VL-in|belong,VL,in,prep,50.09856262833676,1
184000000023,VL-in,color,VL-in|color,VL,in,prep,39.82135523613963,1
184000000023,VL-in,come,VL-in|come,VL,in,prep,47.36139630390144,2
184000000023,VL-in,fly,VL-in|fly,VL,in,prep,25.722792607802873,1
184000000023,VL-in,get,VL-in|get,VL,in,prep,50.09856262833676,1
184000000023,VL-in,go,VL-in|go,VL,in,prep,47.36139630390144,2
184000000023,VL-in,like,VL-in|like,VL,in,prep,50.09856262833676,1
184000000023,VL-in,live,VL-in|live,VL,in,prep,48.91991786447639,4
184000000023,VL-in,play,VL-in|play,VL,in,prep,24.32854209445585,4
184000000023,VL-in,poing,VL-in|poing,VL,in,prep,47.36139630390144,1
184000000023,VL-in,roll,VL-in|roll,VL,in,prep,32.78850102669404,1
184000000023,VL-in,sit,VL-in|sit,VL,in,prep,48.91991786447639,4
184000000023,VL-in,stay,VL-in|stay,VL,in,prep,48.91991786447639,1
184000000023,VL-inside,tidy,VL-inside|tidy,VL,inside,prep,48.91991786447639,1
184000000023,VL-into,bump,VL-into|bump,VL,into,prep,48.91991786447639,1
184000000023,VL-into,fall,VL-into|fall,VL,into,prep,47.36139630390144,1
184000000023,VL-into,go,VL-into|go,VL,into,prep,50.09856262833676,1
184000000023,VL-into,run,VL-into|run,VL,into,prep,48.91991786447639,2
184000000023,VL-off,break,VL-off|break,VL,off,prep,25.032854209445585,5
184000000023,VL-off,come,VL-off|come,VL,off,prep,39.82135523613963,1
184000000023,VL-off,fall,VL-off|fall,VL,off,prep,31.689938398357288,5
184000000023,VL-on,click,VL-on|click,VL,on,prep,47.36139630390144,1
184000000023,VL-on,come,VL-on|come,VL,on,prep,24.32854209445585,5
184000000023,VL-on,fall,VL-on|fall,VL,on,prep,47.36139630390144,1
184000000023,VL-on,get,VL-on|get,VL,on,prep,48.91991786447639,1
184000000023,VL-on,go,VL-on|go,VL,on,prep,24.32854209445585,1
184000000023,VL-on,see,VL-on|see,VL,on,prep,47.36139630390144,1
184000000023,VL-on,sit,VL-on|sit,VL,on,prep,25.722792607802873,2
184000000023,VL-on,walk,VL-on|walk,VL,on,prep,32.78850102669404,1
184000000023,VL-outside,look,VL-outside|look,VL,outside,prep,50.09856262833676,1
184000000023,VL-over,go,VL-over|go,VL,over,prep,47.36139630390144,1
184000000023,VL-through,come,VL-through|come,VL,through,prep,47.36139630390144,1
184000000023,VL-to,belong,VL-to|belong,VL,to,prep,44.36139630390144,2
184000000023,VL-to,come,VL-to|come,VL,to,prep,47.36139630390144,1
184000000023,VL-to,count,VL-to|count,VL,to,prep,47.36139630390144,1
184000000023,VL-to,give,VL-to|give,VL,to,prep,47.36139630390144,1
184000000023,VL-to,go,VL-to|go,VL,to,prep,32.78850102669404,14
184000000023,VL-to,happen,VL-to|happen,VL,to,prep,47.36139630390144,1
184000000023,VL-to,point,VL-to|point,VL,to,prep,39.82135523613963,1
184000000023,VL-to,talk,VL-to|talk,VL,to,prep,50.09856262833676,1
184000000023,VL-under,get,VL-under|get,VL,under,prep,50.09856262833676,1
184000000023,VO,bite,VO|bite,VO,,schematic,24.32854209445585,9
184000000023,VO,bounce,VO|bounce,VO,,schematic,25.032854209445585,1
184000000023,VO,break,VO|break,VO,,schematic,48.91991786447639,6
184000000023,VO,bring,VO|bring,VO,,schematic,50.09856262833676,1
184000000023,VO,build,VO|build,VO,,schematic,48.91991786447639,2
184000000023,VO,bump,VO|bump,VO,,schematic,48.91991786447639,1
184000000023,VO,buy,VO|buy,VO,,schematic,48.91991786447639,2
184000000023,VO,call,VO|call,VO,,schematic,48.91991786447639,1
184000000023,VO,catch,VO|catch,VO,,schematic,32.78850102669404,2
184000000023,VO,clean,VO|clean,VO,,schematic,47.36139630390144,1
184000000023,VO,close,VO|close,VO,,schematic,32.78850102669404,4
184000000023,VO,color,VO|color,VO,,schematic,48.91991786447639,1
184000000023,VO,cut,VO|cut,VO,,schematic,48.91991786447639,1
184000000023,VO,do,VO|do,VO,,schematic,26.62422997946612,36
184000000023,VO,draw,VO|draw,VO,,schematic,50.09856262833676,3
184000000023,VO,drink,VO|drink,VO,,schematic,47.36139630390144,4
184000000023,VO,eat,VO|eat,VO,,schematic,26.62422997946612,8
184000000023,VO,feed,VO|feed,VO,,schematic,25.032854209445585,1
184000000023,VO,find,VO|find,VO,,schematic,32.78850102669404,13
184000000023,VO,finish,VO|finish,VO,,schematic,31.689938398357288,2
184000000023,VO,fix,VO|fix,VO,,schematic,25.032854209445585,2
184000000023,VO,forget,VO|forget,VO,,schematic,44.36139630390144,2
184000000023,VO,get,VO|get,VO,,schematic,24.098562628336754,74
184000000023,VO,gimme,VO|gimme,VO,,schematic,32.78850102669404,4
184000000023,VO,give,VO|give,VO,,schematic,26.62422997946612,2
184000000023,VO,go,VO|go,VO,,schematic,25.722792607802873,4
184000000023,VO,have,VO|have,VO,,schematic,32.78850102669404,22
184000000023,VO,hear,VO|hear,VO,,schematic,47.36139630390144,2
184000000023,VO,help,VO|help,VO,,schematic,32.78850102669404,2
184000000023,VO,hit,VO|hit,VO,,schematic,48.91991786447639,2
184000000023,VO,hold,VO|hold,VO,,schematic,47.36139630390144,4
184000000023,VO,hurt,VO|hurt,VO,,schematic,32.78850102669404,2
184000000023,VO,keep,VO|keep,VO,,schematic,48.91991786447639,4
184000000023,VO,kick,VO|kick,VO,,schematic,24.32854209445585,3
184000000023,VO,know,VO|know,VO,,schematic,39.82135523613963,15
184000000023,VO,leave,VO|leave,VO,,schematic,47.36139630390144,2
184000000023,VO,let,VO|let,VO,,schematic,26.62422997946612,9
184000000023,VO,lift,VO|lift,VO,,schematic,48.91991786447639,1
184000000023,VO,like,VO|like,VO,,schematic,24.098562628336754,11
184000000023,VO,look,VO|look,VO,,schematic,48.91991786447639,3
184000000023,VO,lose,VO|lose,VO,,schematic,48.91991786447639,2
184000000023,VO,love,VO|love,VO,,schematic,25.722792607802873,2
184000000023,VO,make,VO|make,VO,,schematic,25.722792607802873,23
184000000023,VO,mix,VO|mix,VO,,schematic,31.689938398357288,1
184000000023,VO,mummie,VO|mummie,VO,,schematic,47.36139630390144,1
184000000023,VO,need,VO|need,VO,,schematic,25.722792607802873,10
184000000023,VO,open,VO|open,VO,,schematic,26.62422997946612,1
184000000023,VO,paint,VO|paint,VO,,schematic,32.78850102669404,2
184000000023,VO,paper,VO|paper,VO,,schematic,39.82135523613963,1
184000000023,VO,play,VO|play,VO,,schematic,24.098562628336754,16
184000000023,VO,pull,VO|pull,VO,,schematic,32.78850102669404,1
184000000023,VO,put,VO|put,VO,,schematic,25.032854209445585,13
184000000023,VO,reach,VO|reach,VO,,schematic,32.78850102669404,4
184000000023,VO,read,VO|read,VO,,schematic,25.032854209445585,33
184000000023,VO,remember,VO|remember,VO,,schematic,39.82135523613963,1
184000000023,VO,say,VO|say,VO,,schematic,47.36139630390144,3
184000000023,VO,see,VO|see,VO,,schematic,32.78850102669404,27
184000000023,VO,smack,VO|smack,VO,,schematic,50.09856262833676,2
184000000023,VO,spell,VO|spell,VO,,schematic,39.82135523613963,1
184000000023,VO,spitting,VO|spitting,VO,,schematic,47.36139630390144,1
184000000023,VO,st,VO|st,VO,,schematic,47.36139630390144,1
184000000023,VO,stack,VO|stack,VO,,schematic,39.82135523613963,1
184000000023,VO,steal,VO|steal,VO,,schematic,50.09856262833676,6
184000000023,VO,stroke,VO|stroke,VO,,schematic,48.91991786447639,2
184000000023,VO,take,VO|take,VO,,schematic,48.91991786447639,6
184000000023,VO,think,VO|think,VO,,schematic,36.06570841889117,1
184000000023,VO,tidy,VO|tidy,VO,,schematic,48.91991786447639,1
184000000023,VO,tie,VO|tie,VO,,schematic,31.689938398357288,5
184000000023,VO,turn,VO|turn,VO,,schematic,50.09856262833676,1
184000000023,VO,use,VO|use,VO,,schematic,48.91991786447639,2
184000000023,VO,visit,VO|visit,VO,,schematic,50.09856262833676,1
184000000023,VO,wake,VO|wake,VO,,schematic,50.09856262833676,1
184000000023,VO,want,VO|want,VO,,schematic,24.098562628336754,27
184000000023,VO,watch,VO|watch,VO,,schematic,32.78850102669404,11
184000000023,VO,whatabout,VO|whatabout,VO,,schematic,25.722792607802873,1
184000000023,VO,whoop,VO|whoop,VO,,schematic,31.689938398357288,2
184000000023,VO,wreck,VO|wreck,VO,,schematic,36.06570841889117,2
184000000023,VO,write,VO|write,VO,,schematic,48.91991786447639,2
184000000023,VOL,bite,VOL|bite,VOL,,schematic,24.32854209445585,1
184000000023,VOL,burn,VOL|burn,VOL,,schematic,31.689938398357288,1
184000000023,VOL,cut,VOL|cut,VOL,,schematic,50.09856262833676,1
184000000023,VOL,do,VOL|do,VOL,,schematic,32.78850102669404,4
184000000023,VOL,get,VOL|get,VOL,,schematic,32.78850102669404,7
184000000023,VOL,give,VOL|give,VOL,,schematic,50.09856262833676,1
184000000023,VOL,keep,VOL|keep,VOL,,schematic,48.91991786447639,3
184000000023,VOL,lift,VOL|lift,VOL,,schematic,32.78850102669404,1
184000000023,VOL,need,VOL|need,VOL,,schematic,39.82135523613963,1
184000000023,VOL,pass,VOL|pass,VOL,,schematic,50.09856262833676,1
184000000023,VOL,pick,VOL|pick,VOL,,schematic,39.82135523613963,1
184000000023,VOL,put,VOL|put,VOL,,schematic,25.722792607802873,25
184000000023,VOL,see,VOL|see,VOL,,schematic,48.91991786447639,2
184000000023,VOL,show,VOL|show,VOL,,schematic,24.32854209445585,1
184000000023,VOL,throw,VOL|throw,VOL,,schematic,41.78850102669404,3
184000000023,VOL,turn,VOL|turn,VOL,,schematic,32.78850102669404,1
184000000023,VOL,use,VOL|use,VOL,,schematic,47.36139630390144,1
184000000023,VOL,want,VOL|want,VOL,,schematic,25.032854209445585,1
184000000023,VOL-down,put,VOL-down|put,VOL,down,prep,50.09856262833676,1
184000000023,VOL-down,see,VOL-down|see,VOL,down,prep,48.91991786447639,1
184000000023,VOL-down,use,VOL-down|use,VOL,down,prep,47.36139630390144,1
184000000023,VOL-from,pick,VOL-from|pick,VOL,from,prep,39.82135523613963,1
184000000023,VOL-in,cut,VOL-in|cut,VOL,in,prep,50.09856262833676,1
184000000023,VOL-in,do,VOL-in|do,VOL,in,prep,32.78850102669404,2
184000000023,VOL-in,get,VOL-in|get,VOL,in,prep,32.78850102669404,5
184000000023,VOL-in,keep,VOL-in|keep,VOL,in,prep,50.09856262833676,1
184000000023,VOL-in,lift,VOL-in|lift,VOL,in,prep,32.78850102669404,1
184000000023,VOL-in,need,VOL-in|need,VOL,in,prep,39.82135523613963,1
184000000023,VOL-in,put,VOL-in|put,VOL,in,prep,32.78850102669404,17
184000000023,VOL-in,see,VOL-in|see,VOL,in,prep,48.91991786447639,1
184000000023,VOL-in,throw,VOL-in|throw,VOL,in,prep,41.78850102669404,3
184000000023,VOL-in,want,VOL-in|want,VOL,in,prep,25.032854209445585,1
184000000023,VOL-off,bite,VOL-off|bite,VOL,off,prep,24.32854209445585,1
184000000023,VOL-off,turn,VOL-off|turn,VOL,off,prep,32.78850102669404,1
184000000023,VOL-on,burn,VOL-on|burn,VOL,on,prep,31.689938398357288,1
184000000023,VOL-on,get,VOL-on|get,VOL,on,prep,48.91991786447639,1
184000000023,VOL-on,keep,VOL-on|keep,VOL,on,prep,48.91991786447639,2
184000000023,VOL-on,put,VOL-on|put,VOL,on,prep,25.722792607802873,7
184000000023,VOL-onto,get,VOL-onto|get,VOL,onto,prep,48.91991786447639,1
184000000023,VOL-to,do,VOL-to|do,VOL,to,prep,50.09856262833676,2
184000000023,VOL-to,give,VOL-to|give,VOL,to,prep,50.09856262833676,1
184000000023,VOL-to,pass,VOL-to|pass,VOL,to,prep,50.09856262833676,1
184000000023,VOL-to,show,VOL-to|show,VOL,to,prep,24.32854209445585,1
184000000023,VOO,bring,VOO|bring,VOO,,schematic,48.91991786447639,3
184000000023,VOO,buy,VOO|buy,VOO,,schematic,48.91991786447639,1
184000000023,VOO,do,VOO|do,VOO,,schematic,50.09856262833676,1
184000000023,VOO,give,VOO|give,VOO,,schematic,25.032854209445585,9
184000000023,VOO,make,VOO|make,VOO,,schematic,32.78850102669404,2
184000000023,VOO,teach,VOO|teach,VOO,,schematic,39.82135523613963,1
184000000033,VL,break,VL|break,VL,,schematic,46.78850102669404,3
184000000033,VL,come,VL|come,VL,,schematic,45.36139630390144,5
184000000033,VL,fall,VL|fall,VL,,schematic,46.78850102669404,3
184000000033,VL,go,VL|go,VL,,schematic,45.36139630390144,10
184000000033,VL,have,VL|have,VL,,schematic,46.78850102669404,1
184000000033,VL,hold,VL|hold,VL,,schematic,52.03285420944559,1
184000000033,VL,look,VL|look,VL,,schematic,52.03285420944559,2
184000000033,VL,move,VL|move,VL,,schematic,52.03285420944559,1
184000000033,VL,put,VL|put,VL,,schematic,48.394250513347025,1
184000000033,VL,say,VL|say,VL,,schematic,41.95277207392197,2
184000000033,VL,see,VL|see,VL,,schematic,46.78850102669404,1
184000000033,VL,sit,VL|sit,VL,,schematic,48.394250513347025,3
184000000033,VL,sleep,VL|sleep,VL,,schematic,46.78850102669404,1
184000000033,VL,stay,VL|stay,VL,,schematic,48.394250513347025,6
184000000033,VL,think,VL|think,VL,,schematic,52.03285420944559,2
184000000033,VL,walk,VL|walk,VL,,schematic,41.95277207392197,1
184000000033,VL-at,look,VL-at|look,VL,at,prep,52.03285420944559,2
184000000033,VL-at,think,VL-at|think,VL,at,prep,52.03285420944559,2
184000000033,VL-down,break,VL-down|break,VL,down,prep,52.03285420944559,2
184000000033,VL-down,fall,VL-down|fall,VL,down,prep,46.78850102669404,3
184000000033,VL-down,have,VL-down|have,VL,down,prep,46.78850102669404,1
184000000033,VL-down,sit,VL-down|sit,VL,down,prep,48.394250513347025,2
184000000033,VL-down,walk,VL-down|walk,VL,down,prep,41.95277207392197,1
184000000033,VL-in,go,VL-in|go,VL,in,prep,52.03285420944559,1
184000000033,VL-in,see,VL-in|see,VL,in,prep,46.78850102669404,1
184000000033,VL-in,sleep,VL-in|sleep,VL,in,prep,46.78850102669404,1
184000000033,VL-in,stay,VL-in|stay,VL,in,prep,48.394250513347025,6
184000000033,VL-off,break,VL-off|break,VL,off,prep,46.78850102669404,1
184000000033,VL-off,come,VL-off|come,VL,off,prep,45.36139630390144,3
184000000033,VL-on,come,VL-on|come,VL,on,prep,52.03285420944559,1
184000000033,VL-on,go,VL-on|go,VL,on,prep,45.36139630390144,4
184000000033,VL-on,hold,VL-on|hold,VL,on,prep,52.03285420944559,1
184000000033,VL-on,put,VL-on|put,VL,on,prep,48.394250513347025,1
184000000033,VL-over,move,VL-over|move,VL,over,prep,52.03285420944559,1
184000000033,VL-over,sit,VL-over|sit,VL,over,prep,48.394250513347025,1
184000000033,VL-to,come,VL-to|come,VL,to,prep,45.36139630390144,1
184000000033,VL-to,go,VL-to|go,VL,to,prep,45.36139630390144,5
184000000033,VL-to,say,VL-to|say,VL,to,prep,41.95277207392197,2
184000000033,VO,beat,VO|beat,VO,,schematic,45.36139630390144,2
184000000033,VO,bite,VO|bite,VO,,schematic,45.36139630390144,1
184000000033,VO,break,VO|break,VO,,schematic,41.95277207392197,4
184000000033,VO,bring,VO|bring,VO,,schematic,52.03285420944559,1
184000000033,VO,build,VO|build,VO,,schematic,45.36139630390144,1
184000000033,VO,buy,VO|buy,VO,,schematic,52.03285420944559,1
184000000033,VO,climb,VO|climb,VO,,schematic,41.95277207392197,1
184000000033,VO,close,VO|close,VO,,schematic,52.03285420944559,1
184000000033,VO,come,VO|come,VO,,schematic,45.36139630390144,1
184000000033,VO,dig,VO|dig,VO,,schematic,42.36139630390144,2
184000000033,VO,do,VO|do,VO,,schematic,46.78850102669404,17
184000000033,VO,drink,VO|drink,VO,,schematic,45.36139630390144,1
184000000033,VO,drive,VO|drive,VO,,schematic,45.36139630390144,2
184000000033,VO,eat,VO|eat,VO,,schematic,45.36139630390144,2
184000000033,VO,find,VO|find,VO,,schematic,45.36139630390144,4
184000000033,VO,finish,VO|finish,VO,,schematic,52.03285420944559,1
184000000033,VO,fix,VO|fix,VO,,schematic,41.95277207392197,4
184000000033,VO,forget,VO|forget,VO,,schematic,41.95277207392197,2
184000000033,VO,get,VO|get,VO,,schematic,41.95277207392197,36
184000000033,VO,gimme,VO|gimme,VO,,schematic,42.36139630390144,4
184000000033,VO,give,VO|give,VO,,schematic,45.36139630390144,2
184000000033,VO,go,VO|go,VO,,schematic,46.78850102669404,1
184000000033,VO,hammer,VO|hammer,VO,,schematic,41.95277207392197,2
184000000033,VO,have,VO|have,VO,,schematic,45.36139630390144,19
184000000033,VO,help,VO|help,VO,,schematic,46.78850102669404,2
184000000033,VO,hide,VO|hide,VO,,schematic,52.03285420944559,1
184000000033,VO,hold,VO|hold,VO,,schematic,41.95277207392197,3
184000000033,VO,jingle,VO|jingle,VO,,schematic,41.95277207392197,1
184000000033,VO,know,VO|know,VO,,schematic,41.95277207392197,14
184000000033,VO,leave,VO|leave,VO,,schematic,46.78850102669404,1
184000000033,VO,let,VO|let,VO,,schematic,42.36139630390144,5
184000000033,VO,like,VO|like,VO,,schematic,45.36139630390144,6
184000000033,VO,look,VO|look,VO,,schematic,41.95277207392197,9
184000000033,VO,love,VO|love,VO,,schematic,41.95277207392197,2
184000000033,VO,make,VO|make,VO,,schematic,42.36139630390144,5
184000000033,VO,need,VO|need,VO,,schematic,45.36139630390144,11
184000000033,VO,open,VO|open,VO,,schematic,41.95277207392197,5
184000000033,VO,phone,VO|phone,VO,,schematic,41.95277207392197,1
184000000033,VO,play,VO|play,VO,,schematic,41.95277207392197,3
184000000033,VO,press,VO|press,VO,,schematic,41.95277207392197,3
184000000033,VO,push,VO|push,VO,,schematic,41.95277207392197,1
184000000033,VO,put,VO|put,VO,,schematic,41.95277207392197,5
184000000033,VO,read,VO|read,VO,,schematic,52.03285420944559,3
184000000033,VO,save,VO|save,VO,,schematic,45.36139630390144,1
184000000033,VO,see,VO|see,VO,,schematic,42.36139630390144,15
184000000033,VO,sit,VO|sit,VO,,schematic,48.394250513347025,2
184000000033,VO,smell,VO|smell,VO,,schematic,45.36139630390144,2
184000000033,VO,take,VO|take,VO,,schematic,46.78850102669404,1
184000000033,VO,throw,VO|throw,VO,,schematic,41.95277207392197,1
184000000033,VO,tie,VO|tie,VO,,schematic,46.78850102669404,1
184000000033,VO,tighten,VO|tighten,VO,,schematic,48.394250513347025,4
184000000033,VO,use,VO|use,VO,,schematic,48.394250513347025,2
184000000033,VO,want,VO|want,VO,,schematic,45.36139630390144,4
184000000033,VO,wash,VO|wash,VO,,schematic,41.95277207392197,2
184000000033,VO,watch,VO|watch,VO,,schematic,48.394250513347025,2
184000000033,VOL,break,VOL|break,VOL,,schematic,45.36139630390144,1
184000000033,VOL,bring,VOL|bring,VOL,,schematic,48.394250513347025,1
184000000033,VOL,buy,VOL|buy,VOL,,schematic,45.36139630390144,1
184000000033,VOL,do,VOL|do,VOL,,schematic,41.95277207392197,2
184000000033,VOL,get,VOL|get,VOL,,schematic,42.36139630390144,4
184000000033,VOL,hold,VOL|hold,VOL,,schematic,52.03285420944559,1
184000000033,VOL,knock,VOL|knock,VOL,,schematic,46.78850102669404,1
184000000033,VOL,leave,VOL|leave,VOL,,schematic,41.95277207392197,1
184000000033,VOL,need,VOL|need,VOL,,schematic,45.36139630390144,1
184000000033,VOL,put,VOL|put,VOL,,schematic,45.36139630390144,6
184000000033,VOL,sand,VOL|sand,VOL,,schematic,48.394250513347025,1
184000000033,VOL,say,VOL|say,VOL,,schematic,41.95277207392197,1
184000000033,VOL,see,VOL|see,VOL,,schematic,45.36139630390144,1
184000000033,VOL,sing,VOL|sing,VOL,,schematic,46.78850102669404,1
184000000033,VOL,sit,VOL|sit,VOL,,schematic,48.394250513347025,1
184000000033,VOL,take,VOL|take,VOL,,schematic,45.36139630390144,4
184000000033,VOL,turn,VOL|turn,VOL,,schematic,46.78850102669404,1
184000000033,VOL,want,VOL|want,VOL,,schematic,45.36139630390144,1
184000000033,VOL-down,break,VOL-down|break,VOL,down,prep,45.36139630390144,1
184000000033,VOL-down,do,VOL-down|do,VOL,down,prep,41.95277207392197,1
184000000033,VOL-down,knock,VOL-down|knock,VOL,down,prep,46.78850102669404,1
184000000033,VOL-down,put,VOL-down|put,VOL,down,prep,46.78850102669404,1
184000000033,VOL-down,sit,VOL-down|sit,VOL,down,prep,48.394250513347025,1
184000000033,VOL-in,bring,VOL-in|bring,VOL,in,prep,48.394250513347025,1
184000000033,VOL-in,buy,VOL-in|buy,VOL,in,prep,45.36139630390144,1
184000000033,VOL-in,get,VOL-in|get,VOL,in,prep,42.36139630390144,2
184000000033,VOL-in,need,VOL-in|need,VOL,in,prep,45.36139630390144,1
184000000033,VOL-in,put,VOL-in|put,VOL,in,prep,45.36139630390144,3
184000000033,VOL-in,sand,VOL-in|sand,VOL,in,prep,48.394250513347025,1
184000000033,VOL-in,see,VOL-in|see,VOL,in,prep,45.36139630390144,1
184000000033,VOL-in,sing,VOL-in|sing,VOL,in,prep,46.78850102669404,1
184000000033,VOL-off,get,VOL-off|get,VOL,off,prep,48.394250513347025,2
184000000033,VOL-off,take,VOL-off|take,VOL,off,prep,45.36139630390144,4
184000000033,VOL-off,want,VOL-off|want,VOL,off,prep,45.36139630390144,1
184000000033,VOL-on,hold,VOL-on|hold,VOL,on,prep,52.03285420944559,1
184000000033,VOL-on,leave,VOL-on|leave,VOL,on,prep,41.95277207392197,1
184000000033,VOL-on,put,VOL-on|put,VOL,on,prep,46.78850102669404,1
184000000033,VOL-on,turn,VOL-on|turn,VOL,on,prep,46.78850102669404,1
184000000033,VOL-over,do,VOL-over|do,VOL,over,prep,52.03285420944559,1
184000000033,VOL-through,put,VOL-through|put,VOL,through,prep,48.394250513347025,1
184000000033,VOL-to,say,VOL-to|say,VOL,to,prep,41.95277207392197,1
184000000033,VOO,buy,VOO|buy,VOO,,schematic,45.36139630390144,1
184000000033,VOO,get,VOO|get,VOO,,schematic,45.36139630390144,1
184000000033,VOO,give,VOO|give,VOO,,schematic,45.36139630390144,1
184000000033,VOO,teach,VOO|teach,VOO,,schematic,52.03285420944559,1
184000000033,VOO,tell,VOO|tell,VOO,,schematic,48.394250513347025,1
184000000037,VL,climb,VL|climb,VL,,schematic,43.98562628336756,1
184000000037,VL,come,VL|come,VL,,schematic,43.98562628336756,2
184000000037,VL,get,VL|get,VL,,schematic,43.98562628336756,1
184000000037,VL,go,VL|go,VL,,schematic,43.98562628336756,2
184000000037,VL,lie,VL|lie,VL,,schematic,43.98562628336756,1
184000000037,VL,look,VL|look,VL,,schematic,43.98562628336756,1
184000000037,VL,play,VL|play,VL,,schematic,43.98562628336756,1
184000000037,VL,see,VL|see,VL,,schematic,43.98562628336756,1
184000000037,VL-at,look,VL-at|look,VL,at,prep,43.98562628336756,1
184000000037,VL-down,climb,VL-down|climb,VL,down,prep,43.98562628336756,1
184000000037,VL-down,come,VL-down|come,VL,down,prep,43.98562628336756,1
184000000037,VL-in,come,VL-in|come,VL,in,prep,43.98562628336756,1
184000000037,VL-in,lie,VL-in|lie,VL,in,prep,43.98562628336756,1
184000000037,VL-in,play,VL-in|play,VL,in,prep,43.98562628336756,1
184000000037,VL-in,see,VL-in|see,VL,in,prep,43.98562628336756,1
184000000037,VL-on,get,VL-on|get,VL,on,prep,43.98562628336756,1
184000000037,VL-on,go,VL-on|go,VL,on,prep,43.98562628336756,2
184000000037,VO,bang,VO|bang,VO,,schematic,43.98562628336756,1
184000000037,VO,bring,VO|bring,VO,,schematic,43.98562628336756,1
184000000037,VO,catch,VO|catch,VO,,schematic,43.98562628336756,1
184000000037,VO,catching,VO|catching,VO,,schematic,43.98562628336756,1
184000000037,VO,click,VO|click,VO,,schematic,43.98562628336756,1
184000000037,VO,climb,VO|climb,VO,,schematic,43.98562628336756,3
184000000037,VO,come,VO|come,VO,,schematic,43.98562628336756,1
184000000037,VO,cut,VO|cut,VO,,schematic,43.98562628336756,4
184000000037,VO,drive,VO|drive,VO,,schematic,43.98562628336756,1
184000000037,VO,eat,VO|eat,VO,,schematic,43.98562628336756,2
184000000037,VO,feed,VO|feed,VO,,schematic,43.98562628336756,1
184000000037,VO,forget,VO|forget,VO,,schematic,43.98562628336756,3
184000000037,VO,get,VO|get,VO,,schematic,43.98562628336756,11
184000000037,VO,go,VO|go,VO,,schematic,43.98562628336756,1
184000000037,VO,have,VO|have,VO,,schematic,43.98562628336756,2
184000000037,VO,hold,VO|hold,VO,,schematic,43.98562628336756,1
184000000037,VO,keep,VO|keep,VO,,schematic,43.98562628336756,1
184000000037,VO,look,VO|look,VO,,schematic,43.98562628336756,2
184000000037,VO,lose,VO|lose,VO,,schematic,43.98562628336756,1
184000000037,VO,love,VO|love,VO,,schematic,43.98562628336756,1
184000000037,VO,make,VO|make,VO,,schematic,43.98562628336756,5
184000000037,VO,open,VO|open,VO,,schematic,43.98562628336756,1
184000000037,VO,put,VO|put,VO,,schematic,43.98562628336756,1
184000000037,VO,read,VO|read,VO,,schematic,43.98562628336756,2
184000000037,VO,say,VO|say,VO,,schematic,43.98562628336756,1
184000000037,VO,see,VO|see,VO,,schematic,43.98562628336756,5
184000000037,VO,tie,VO|tie,VO,,schematic,43.98562628336756,1
184000000037,VO,want,VO|want,VO,,schematic,43.98562628336756,1
184000000037,VO,zoom,VO|zoom,VO,,schematic,43.98562628336756,1
184000000037,VOL,forget,VOL|forget,VOL,,schematic,43.98562628336756,1
184000000037,VOL,get,VOL|get,VOL,,schematic,43.98562628336756,1
184000000037,VOL,knock,VOL|knock,VOL,,schematic,43.98562628336756,1
184000000037,VOL,like,VOL|like,VOL,,schematic,43.98562628336756,1
184000000037,VOL,put,VOL|put,VOL,,schematic,43.98562628336756,1
184000000037,VOL,see,VOL|see,VOL,,schematic,43.98562628336756,1
184000000037,VOL,waken,VOL|waken,VOL,,schematic,43.98562628336756,1
184000000037,VOL-down,knock,VOL-down|knock,VOL,down,prep,43.98562628336756,1
184000000037,VOL-in,forget,VOL-in|forget,VOL,in,prep,43.98562628336756,1
184000000037,VOL-in,get,VOL-in|get,VOL,in,prep,43.98562628336756,1
184000000037,VOL-in,like,VOL-in|like,VOL,in,prep,43.98562628336756,1
184000000037,VOL-in,see,VOL-in|see,VOL,in,prep,43.98562628336756,1
184000000037,VOL-in,waken,VOL-in|waken,VOL,in,prep,43.98562628336756,1
184000000037,VOL-on,put,VOL-on|put,VOL,on,prep,43.98562628336756,1
184000000037,VOO,bring,VOO|bring,VOO,,schematic,43.98562628336756,1
184000000037,VOO,show,VOO|show,VOO,,schematic,43.98562628336756,1
184000000040,VL,blow,VL|blow,VL,,schematic,50.82135523613963,1
184000000040,VL,bring,VL|bring,VL,,schematic,50.82135523613963,3
184000000040,VL,climb,VL|climb,VL,,schematic,47.328542094455855,1
184000000040,VL,come,VL|come,VL,,schematic,39.82135523613963,18
184000000040,VL,count,VL|count,VL,,schematic,52.62422997946612,1
184000000040,VL,dress,VL|dress,VL,,schematic,46.68993839835729,2
184000000040,VL,drying,VL|drying,VL,,schematic,47.328542094455855,1
184000000040,VL,fall,VL|fall,VL,,schematic,42.68993839835729,11
184000000040,VL,find,VL|find,VL,,schematic,50.82135523613963,1
184000000040,VL,fit,VL|fit,VL,,schematic,50.82135523613963,2
184000000040,VL,get,VL|get,VL,,schematic,31.854209445585216,8
184000000040,VL,give,VL|give,VL,,schematic,52.62422997946612,2
184000000040,VL,go,VL|go,VL,,schematic,31.657084188911703,56
184000000040,VL,grab,VL|grab,VL,,schematic,50.82135523613963,1
184000000040,VL,grow,VL|grow,VL,,schematic,50.82135523613963,1
184000000040,VL,hang,VL|hang,VL,,schematic,50.82135523613963,1
184000000040,VL,have,VL|have,VL,,schematic,52.62422997946612,1
184000000040,VL,hide,VL|hide,VL,,schematic,47.328542094455855,2
184000000040,VL,hold,VL|hold,VL,,schematic,50.82135523613963,1
184000000040,VL,jump,VL|jump,VL,,schematic,31.854209445585216,7
184000000040,VL,know,VL|know,VL,,schematic,52.62422997946612,1
184000000040,VL,lie,VL|lie,VL,,schematic,46.72279260780287,3
184000000040,VL,look,VL|look,VL,,schematic,31.657084188911703,14
184000000040,VL,lose,VL|lose,VL,,schematic,42.68993839835729,2
184000000040,VL,miss,VL|miss,VL,,schematic,42.68993839835729,1
184000000040,VL,play,VL|play,VL,,schematic,46.72279260780287,4
184000000040,VL,press,VL|press,VL,,schematic,52.62422997946612,1
184000000040,VL,put,VL|put,VL,,schematic,42.68993839835729,4
184000000040,VL,run,VL|run,VL,,schematic,52.62422997946612,1
184000000040,VL,see,VL|see,VL,,schematic,50.82135523613963,2
184000000040,VL,shop,VL|shop,VL,,schematic,50.82135523613963,1
184000000040,VL,show,VL|show,VL,,schematic,42.68993839835729,2
184000000040,VL,sit,VL|sit,VL,,schematic,34.459958932238195,7
184000000040,VL,sleep,VL|sleep,VL,,schematic,31.854209445585216,5
184000000040,VL,slide,VL|slide,VL,,schematic,47.328542094455855,1
184000000040,VL,slipper,VL|slipper,VL,,schematic,34.85420944558521,1
184000000040,VL,slow,VL|slow,VL,,schematic,34.85420944558521,1
184000000040,VL,sock,VL|sock,VL,,schematic,34.85420944558521,2
184000000040,VL,stay,VL|stay,VL,,schematic,50.82135523613963,4
184000000040,VL,swim,VL|swim,VL,,schematic,52.62422997946612,1
184000000040,VL,swimm,VL|swimm,VL,,schematic,50.82135523613963,1
184000000040,VL,talk,VL|talk,VL,,schematic,34.85420944558521,1
184000000040,VL,tell,VL|tell,VL,,schematic,34.85420944558521,1
184000000040,VL,turn,VL|turn,VL,,schematic,31.657084188911703,3
184000000040,VL,walk,VL|walk,VL,,schematic,34.85420944558521,3
184000000040,VL-about,know,VL-about|know,VL,about,prep,52.62422997946612,1
184000000040,VL-about,tell,VL-about|tell,VL,about,prep,34.85420944558521,1
184000000040,VL-at,look,VL-at|look,VL,at,prep,31.657084188911703,12
184000000040,VL-at,show,VL-at|show,VL,at,prep,52.62422997946612,1
184000000040,VL-at,sit,VL-at|sit,VL,at,prep,34.459958932238195,1
184000000040,VL-at,stay,VL-at|stay,VL,at,prep,50.82135523613963,2
184000000040,VL-down,come,VL-down|come,VL,down,prep,42.68993839835729,2
184000000040,VL-down,fall,VL-down|fall,VL,down,prep,42.68993839835729,7
184000000040,VL-down,get,VL-down|get,VL,down,prep,52.62422997946612,1
184000000040,VL-down,go,VL-down|go,VL,down,prep,31.854209445585216,2
184000000040,VL-down,hang,VL-down|hang,VL,down,prep,50.82135523613963,1
184000000040,VL-down,sit,VL-down|sit,VL,down,prep,47.328542094455855,1
184000000040,VL-down,sleep,VL-down|sleep,VL,down,prep,47.328542094455855,1
184000000040,VL-down,slide,VL-down|slide,VL,down,prep,47.328542094455855,1
184000000040,VL-down,walk,VL-down|walk,VL,down,prep,50.82135523613963,2
184000000040,VL-from,get,VL-from|get,VL,from,prep,50.82135523613963,1
184000000040,VL-from,hide,VL-from|hide,VL,from,prep,47.328542094455855,1
184000000040,VL-from,jump,VL-from|jump,VL,from,prep,50.82135523613963,2
184000000040,VL-from,lose,VL-from|lose,VL,from,prep,42.68993839835729,1
184000000040,VL-from,miss,VL-from|miss,VL,from,prep,42.68993839835729,1
184000000040,VL-in,blow,VL-in|blow,VL,in,prep,50.82135523613963,1
184000000040,VL-in,bring,VL-in|bring,VL,in,prep,50.82135523613963,2
184000000040,VL-in,come,VL-in|come,VL,in,prep,47.328542094455855,5
184000000040,VL-in,dress,VL-in|dress,VL,in,prep,46.68993839835729,2
184000000040,VL-in,drying,VL-in|drying,VL,in,prep,47.328542094455855,1
184000000040,VL-in,fall,VL-in|fall,VL,in,prep,50.82135523613963,1
184000000040,VL-in,find,VL-in|find,VL,in,prep,50.82135523613963,1
184000000040,VL-in,fit,VL-in|fit,VL,in,prep,50.82135523613963,2
184000000040,VL-in,get,VL-in|get,VL,in,prep,50.82135523613963,4
184000000040,VL-in,go,VL-in|go,VL,in,prep,31.657084188911703,16
184000000040,VL-in,hide,VL-in|hide,VL,in,prep,50.82135523613963,1
184000000040,VL-in,jump,VL-in|jump,VL,in,prep,31.854209445585216,1
184000000040,VL-in,lie,VL-in|lie,VL,in,prep,52.62422997946612,1
184000000040,VL-in,look,VL-in|look,VL,in,prep,31.854209445585216,1
184000000040,VL-in,lose,VL-in|lose,VL,in,prep,42.68993839835729,1
184000000040,VL-in,play,VL-in|play,VL,in,prep,46.72279260780287,3
184000000040,VL-in,press,VL-in|press,VL,in,prep,52.62422997946612,1
184000000040,VL-in,put,VL-in|put,VL,in,prep,50.82135523613963,1
184000000040,VL-in,see,VL-in|see,VL,in,prep,50.82135523613963,2
184000000040,VL-in,show,VL-in|show,VL,in,prep,42.68993839835729,1
184000000040,VL-in,sleep,VL-in|sleep,VL,in,prep,31.854209445585216,4
184000000040,VL-in,stay,VL-in|stay,VL,in,prep,52.62422997946612,2
184000000040,VL-in,swim,VL-in|swim,VL,in,prep,52.62422997946612,1
184000000040,VL-in,swimm,VL-in|swimm,VL,in,prep,50.82135523613963,1
184000000040,VL-in,walk,VL-in|walk,VL,in,prep,34.85420944558521,1
184000000040,VL-into,go,VL-into|go,VL,into,prep,50.82135523613963,3
184000000040,VL-into,grow,VL-into|grow,VL,into,prep,50.82135523613963,1
184000000040,VL-into,jump,VL-into|jump,VL,into,prep,50.82135523613963,2
184000000040,VL-into,turn,VL-into|turn,VL,into,prep,47.328542094455855,1
184000000040,VL-near,come,VL-near|come,VL,near,prep,47.328542094455855,1
184000000040,VL-off,fall,VL-off|fall,VL,off,prep,46.72279260780287,3
184000000040,VL-off,slipper,VL-off|slipper,VL,off,prep,34.85420944558521,1
184000000040,VL-off,sock,VL-off|sock,VL,off,prep,34.85420944558521,2
184000000040,VL-on,climb,VL-on|climb,VL,on,prep,47.328542094455855,1
184000000040,VL-on,come,VL-on|come,VL,on,prep,39.82135523613963,6
184000000040,VL-on,get,VL-on|get,VL,on,prep,31.854209445585216,1
184000000040,VL-on,go,VL-on|go,VL,on,prep,31.854209445585216,6
184000000040,VL-on,have,VL-on|have,VL,on,prep,52.62422997946612,1
184000000040,VL-on,hold,VL-on|hold,VL,on,prep,50.82135523613963,1
184000000040,VL-on,lie,VL-on|lie,VL,on,prep,46.72279260780287,2
184000000040,VL-on,play,VL-on|play,VL,on,prep,46.72279260780287,1
184000000040,VL-on,put,VL-on|put,VL,on,prep,42.68993839835729,1
184000000040,VL-on,sit,VL-on|sit,VL,on,prep,34.85420944558521,5
184000000040,VL-on,slow,VL-on|slow,VL,on,prep,34.85420944558521,1
184000000040,VL-over,come,VL-over|come,VL,over,prep,47.328542094455855,1
184000000040,VL-over,jump,VL-over|jump,VL,over,prep,34.85420944558521,2
184000000040,VL-over,put,VL-over|put,VL,over,prep,42.68993839835729,2
184000000040,VL-over,turn,VL-over|turn,VL,over,prep,31.657084188911703,2
184000000040,VL-through,count,VL-through|count,VL,through,prep,52.62422997946612,1
184000000040,VL-through,run,VL-through|run,VL,through,prep,52.62422997946612,1
184000000040,VL-to,bring,VL-to|bring,VL,to,prep,50.82135523613963,1
184000000040,VL-to,come,VL-to|come,VL,to,prep,46.68993839835729,3
184000000040,VL-to,get,VL-to|get,VL,to,prep,50.82135523613963,1
184000000040,VL-to,give,VL-to|give,VL,to,prep,52.62422997946612,2
184000000040,VL-to,go,VL-to|go,VL,to,prep,31.657084188911703,29
184000000040,VL-to,grab,VL-to|grab,VL,to,prep,50.82135523613963,1
184000000040,VL-to,look,VL-to|look,VL,to,prep,52.62422997946612,1
184000000040,VL-to,shop,VL-to|shop,VL,to,prep,50.82135523613963,1
184000000040,VL-to,talk,VL-to|talk,VL,to,prep,34.85420944558521,1
184000000040,VO,annoy,VO|annoy,VO,,schematic,42.68993839835729,1
184000000040,VO,ask,VO|ask,VO,,schematic,50.82135523613963,2
184000000040,VO,beat,VO|beat,VO,,schematic,34.85420944558521,1
184000000040,VO,blame,VO|blame,VO,,schematic,50.82135523613963,2
184000000040,VO,break,VO|break,VO,,schematic,42.68993839835729,5
184000000040,VO,bring,VO|bring,VO,,schematic,42.68993839835729,13
184000000040,VO,brush,VO|brush,VO,,schematic,47.328542094455855,1
184000000040,VO,build,VO|build,VO,,schematic,34.85420944558521,1
184000000040,VO,burn,VO|burn,VO,,schematic,31.657084188911703,1
184000000040,VO,buy,VO|buy,VO,,schematic,31.854209445585216,4
184000000040,VO,call,VO|call,VO,,schematic,42.68993839835729,2
184000000040,VO,carry,VO|carry,VO,,schematic,37.8870636550308,9
184000000040,VO,catch,VO|catch,VO,,schematic,42.68993839835729,4
184000000040,VO,change,VO|change,VO,,schematic,52.62422997946612,1
184000000040,VO,chase,VO|chase,VO,,schematic,50.82135523613963,1
184000000040,VO,check,VO|check,VO,,schematic,46.72279260780287,2
184000000040,VO,climb,VO|climb,VO,,schematic,47.328542094455855,2
184000000040,VO,close,VO|close,VO,,schematic,34.85420944558521,4
184000000040,VO,comb,VO|comb,VO,,schematic,28.919917864476385,1
184000000040,VO,come,VO|come,VO,,schematic,42.68993839835729,2
184000000040,VO,cook,VO|cook,VO,,schematic,42.68993839835729,1
184000000040,VO,copy,VO|copy,VO,,schematic,52.62422997946612,1
184000000040,VO,cover,VO|cover,VO,,schematic,42.68993839835729,2
184000000040,VO,cut,VO|cut,VO,,schematic,42.68993839835729,4
184000000040,VO,diddle,VO|diddle,VO,,schematic,46.72279260780287,2
184000000040,VO,do,VO|do,VO,,schematic,31.657084188911703,52
184000000040,VO,draw,VO|draw,VO,,schematic,52.62422997946612,4
184000000040,VO,drink,VO|drink,VO,,schematic,34.85420944558521,3
184000000040,VO,dry,VO|dry,VO,,schematic,28.919917864476385,1
184000000040,VO,eat,VO|eat,VO,,schematic,31.657084188911703,11
184000000040,VO,feel,VO|feel,VO,,schematic,50.82135523613963,1
184000000040,VO,fill,VO|fill,VO,,schematic,47.328542094455855,1
184000000040,VO,find,VO|find,VO,,schematic,28.919917864476385,13
184000000040,VO,fit,VO|fit,VO,,schematic,52.62422997946612,1
184000000040,VO,fix,VO|fix,VO,,schematic,47.328542094455855,4
184000000040,VO,flie,VO|flie,VO,,schematic,52.62422997946612,1
184000000040,VO,get,VO|get,VO,,schematic,28.919917864476385,86
184000000040,VO,give,VO|give,VO,,schematic,34.85420944558521,1
184000000040,VO,go,VO|go,VO,,schematic,31.657084188911703,10
184000000040,VO,grow,VO|grow,VO,,schematic,50.82135523613963,2
184000000040,VO,hate,VO|hate,VO,,schematic,50.82135523613963,5
184000000040,VO,have,VO|have,VO,,schematic,31.657084188911703,99
184000000040,VO,hear,VO|hear,VO,,schematic,31.657084188911703,6
184000000040,VO,help,VO|help,VO,,schematic,31.657084188911703,8
184000000040,VO,hit,VO|hit,VO,,schematic,34.85420944558521,1
184000000040,VO,hold,VO|hold,VO,,schematic,31.854209445585216,9
184000000040,VO,hop,VO|hop,VO,,schematic,31.657084188911703,1
184000000040,VO,hurt,VO|hurt,VO,,schematic,31.854209445585216,2
184000000040,VO,keep,VO|keep,VO,,schematic,42.68993839835729,2
184000000040,VO,kill,VO|kill,VO,,schematic,50.82135523613963,1
184000000040,VO,know,VO|know,VO,,schematic,34.85420944558521,32
184000000040,VO,leave,VO|leave,VO,,schematic,42.68993839835729,5
184000000040,VO,let,VO|let,VO,,schematic,28.919917864476385,12
184000000040,VO,lift,VO|lift,VO,,schematic,46.68993839835729,5
184000000040,VO,like,VO|like,VO,,schematic,28.919917864476385,38
184000000040,VO,live,VO|live,VO,,schematic,47.328542094455855,1
184000000040,VO,look,VO|look,VO,,schematic,34.459958932238195,4
184000000040,VO,lose,VO|lose,VO,,schematic,42.68993839835729,1
184000000040,VO,love,VO|love,VO,,schematic,31.657084188911703,6
184000000040,VO,make,VO|make,VO,,schematic,31.657084188911703,10
184000000040,VO,marry,VO|marry,VO,,schematic,46.68993839835729,1
184000000040,VO,match,VO|match,VO,,schematic,50.82135523613963,1
184000000040,VO,mind,VO|mind,VO,,schematic,42.68993839835729,1
184000000040,VO,move,VO|move,VO,,schematic,50.82135523613963,3
184000000040,VO,need,VO|need,VO,,schematic,28.919917864476385,6
184000000040,VO,needta,VO|needta,VO,,schematic,50.82135523613963,1
184000000040,VO,nurse,VO|nurse,VO,,schematic,50.82135523613963,1
184000000040,VO,open,VO|open,VO,,schematic,31.657084188911703,14
184000000040,VO,paint,VO|paint,VO,,schematic,47.328542094455855,2
184000000040,VO,pick,VO|pick,VO,,schematic,52.62422997946612,1
184000000040,VO,play,VO|play,VO,,schematic,34.85420944558521,15
184000000040,VO,point,VO|point,VO,,schematic,52.62422997946612,1
184000000040,VO,press,VO|press,VO,,schematic,46.68993839835729,1
184000000040,VO,push,VO|push,VO,,schematic,34.459958932238195,3
184000000040,VO,put,VO|put,VO,,schematic,31.657084188911703,16
184000000040,VO,read,VO|read,VO,,schematic,52.62422997946612,5
184000000040,VO,remember,VO|remember,VO,,schematic,46.72279260780287,3
184000000040,VO,rip,VO|rip,VO,,schematic,46.72279260780287,2
184000000040,VO,say,VO|say,VO,,schematic,34.85420944558521,14
184000000040,VO,scare,VO|scare,VO,,schematic,34.85420944558521,2
184000000040,VO,see,VO|see,VO,,schematic,31.657084188911703,48
184000000040,VO,seed,VO|seed,VO,,schematic,52.62422997946612,2
184000000040,VO,shake,VO|shake,VO,,schematic,50.82135523613963,1
184000000040,VO,show,VO|show,VO,,schematic,28.919917864476385,1
184000000040,VO,sing,VO|sing,VO,,schematic,34.85420944558521,2
184000000040,VO,sit,VO|sit,VO,,schematic,34.85420944558521,1
184000000040,VO,sleep,VO|sleep,VO,,schematic,34.85420944558521,2
184000000040,VO,smack,VO|smack,VO,,schematic,50.82135523613963,2
184000000040,VO,smell,VO|smell,VO,,schematic,50.82135523613963,1
184000000040,VO,spank,VO|spank,VO,,schematic,50.82135523613963,1
184000000040,VO,squeeze,VO|squeeze,VO,,schematic,47.328542094455855,1
184000000040,VO,stop,VO|stop,VO,,schematic,46.72279260780287,2
184000000040,VO,suck,VO|suck,VO,,schematic,50.82135523613963,1
184000000040,VO,take,VO|take,VO,,schematic,31.854209445585216,15
184000000040,VO,think,VO|think,VO,,schematic,42.68993839835729,2
184000000040,VO,throw,VO|throw,VO,,schematic,42.68993839835729,6
184000000040,VO,tidy,VO|tidy,VO,,schematic,42.68993839835729,1
184000000040,VO,tie,VO|tie,VO,,schematic,50.82135523613963,2
184000000040,VO,touch,VO|touch,VO,,schematic,28.919917864476385,1
184000000040,VO,try,VO|try,VO,,schematic,31.854209445585216,1
184000000040,VO,turn,VO|turn,VO,,schematic,31.854209445585216,4
184000000040,VO,umbrella,VO|umbrella,VO,,schematic,47.328542094455855,1
184000000040,VO,use,VO|use,VO,,schematic,34.85420944558521,5
184000000040,VO,wake,VO|wake,VO,,schematic,52.62422997946612,1
184000000040,VO,want,VO|want,VO,,schematic,28.919917864476385,24
184000000040,VO,wash,VO|wash,VO,,schematic,28.919917864476385,2
184000000040,VO,watch,VO|watch,VO,,schematic,42.68993839835729,5
184000000040,VO,wear,VO|wear,VO,,schematic,35.13141683778234,10
184000000040,VO,wee,VO|wee,VO,,schematic,42.68993839835729,1
184000000040,VO,wind,VO|wind,VO,,schematic,50.82135523613963,1
184000000040,VO,wonder,VO|wonder,VO,,schematic,34.85420944558521,2
184000000040,VO,work,VO|work,VO,,schematic,50.82135523613963,1
184000000040,VO,wreck,VO|wreck,VO,,schematic,50.82135523613963,1
184000000040,VO,write,VO|write,VO,,schematic,52.62422997946612,2
184000000040,VOL,bring,VOL|bring,VOL,,schematic,31.854209445585216,9
184000000040,VOL,brush,VOL|brush,VOL,,schematic,50.82135523613963,1
184000000040,VOL,bump,VOL|bump,VOL,,schematic,42.68993839835729,1
184000000040,VOL,buy,VOL|buy,VOL,,schematic,42.68993839835729,1
184000000040,VOL,carry,VOL|carry,VOL,,schematic,42.68993839835729,1
184000000040,VOL,come,VOL|come,VOL,,schematic,50.82135523613963,1
184000000040,VOL,do,VOL|do,VOL,,schematic,42.68993839835729,2
184000000040,VOL,find,VOL|find,VOL,,schematic,52.62422997946612,1
184000000040,VOL,get,VOL|get,VOL,,schematic,31.657084188911703,17
184000000040,VOL,give,VOL|give,VOL,,schematic,46.72279260780287,4
184000000040,VOL,go,VOL|go,VOL,,schematic,50.82135523613963,1
184000000040,VOL,hand,VOL|hand,VOL,,schematic,42.68993839835729,1
184000000040,VOL,hang,VOL|hang,VOL,,schematic,47.328542094455855,1
184000000040,VOL,hate,VOL|hate,VOL,,schematic,52.62422997946612,1
184000000040,VOL,have,VOL|have,VOL,,schematic,42.68993839835729,8
184000000040,VOL,hit,VOL|hit,VOL,,schematic,42.68993839835729,3
184000000040,VOL,hold,VOL|hold,VOL,,schematic,34.85420944558521,2
184000000040,VOL,keep,VOL|keep,VOL,,schematic,31.854209445585216,5
184000000040,VOL,know,VOL|know,VOL,,schematic,42.68993839835729,1
184000000040,VOL,lift,VOL|lift,VOL,,schematic,50.82135523613963,1
184000000040,VOL,loan,VOL|loan,VOL,,schematic,47.328542094455855,1
184000000040,VOL,lose,VOL|lose,VOL,,schematic,42.68993839835729,1
184000000040,VOL,make,VOL|make,VOL,,schematic,50.82135523613963,1
184000000040,VOL,need,VOL|need,VOL,,schematic,47.328542094455855,2
184000000040,VOL,paint,VOL|paint,VOL,,schematic,37.8870636550308,1
184000000040,VOL,play,VOL|play,VOL,,schematic,52.62422997946612,1
184000000040,VOL,pull,VOL|pull,VOL,,schematic,47.328542094455855,1
184000000040,VOL,push,VOL|push,VOL,,schematic,34.85420944558521,3
184000000040,VOL,put,VOL|put,VOL,,schematic,31.657084188911703,58
184000000040,VOL,read,VOL|read,VOL,,schematic,52.62422997946612,1
184000000040,VOL,see,VOL|see,VOL,,schematic,31.657084188911703,5
184000000040,VOL,set,VOL|set,VOL,,schematic,52.62422997946612,1
184000000040,VOL,sip,VOL|sip,VOL,,schematic,34.85420944558521,1
184000000040,VOL,take,VOL|take,VOL,,schematic,28.919917864476385,6
184000000040,VOL,throw,VOL|throw,VOL,,schematic,42.68993839835729,4
184000000040,VOL,turn,VOL|turn,VOL,,schematic,31.854209445585216,2
184000000040,VOL,use,VOL|use,VOL,,schematic,46.72279260780287,1
184000000040,VOL,want,VOL|want,VOL,,schematic,50.82135523613963,1
184000000040,VOL,wear,VOL|wear,VOL,,schematic,42.68993839835729,1
184000000040,VOL-down,bring,VOL-down|bring,VOL,down,prep,42.68993839835729,1
184000000040,VOL-down,carry,VOL-down|carry,VOL,down,prep,42.68993839835729,1
184000000040,VOL-down,get,VOL-down|get,VOL,down,prep,47.328542094455855,1
184000000040,VOL-down,keep,VOL-down|keep,VOL,down,prep,47.328542094455855,1
184000000040,VOL-down,need,VOL-down|need,VOL,down,prep,47.328542094455855,1
184000000040,VOL-down,put,VOL-down|put,VOL,down,prep,42.68993839835729,1
184000000040,VOL-down,throw,VOL-down|throw,VOL,down,prep,42.68993839835729,1
184000000040,VOL-from,bring,VOL-from|bring,VOL,from,prep,47.328542094455855,1
184000000040,VOL-from,buy,VOL-from|buy,VOL,from,prep,42.68993839835729,1
184000000040,VOL-from,get,VOL-from|get,VOL,from,prep,52.62422997946612,2
184000000040,VOL-from,give,VOL-from|give,VOL,from,prep,52.62422997946612,1
184000000040,VOL-from,lose,VOL-from|lose,VOL,from,prep,42.68993839835729,1
184000000040,VOL-from,make,VOL-from|make,VOL,from,prep,50.82135523613963,1
184000000040,VOL-in,bring,VOL-in|bring,VOL,in,prep,31.854209445585216,1
184000000040,VOL-in,brush,VOL-in|brush,VOL,in,prep,50.82135523613963,1
184000000040,VOL-in,do,VOL-in|do,VOL,in,prep,42.68993839835729,1
184000000040,VOL-in,find,VOL-in|find,VOL,in,prep,52.62422997946612,1
184000000040,VOL-in,get,VOL-in|get,VOL,in,prep,34.85420944558521,4
184000000040,VOL-in,hang,VOL-in|hang,VOL,in,prep,47.328542094455855,1
184000000040,VOL-in,hate,VOL-in|hate,VOL,in,prep,52.62422997946612,1
184000000040,VOL-in,have,VOL-in|have,VOL,in,prep,42.68993839835729,6
184000000040,VOL-in,hold,VOL-in|hold,VOL,in,prep,34.85420944558521,2
184000000040,VOL-in,keep,VOL-in|keep,VOL,in,prep,31.854209445585216,3
184000000040,VOL-in,lift,VOL-in|lift,VOL,in,prep,50.82135523613963,1
184000000040,VOL-in,paint,VOL-in|paint,VOL,in,prep,37.8870636550308,1
184000000040,VOL-in,play,VOL-in|play,VOL,in,prep,52.62422997946612,1
184000000040,VOL-in,push,VOL-in|push,VOL,in,prep,34.85420944558521,1
184000000040,VOL-in,put,VOL-in|put,VOL,in,prep,31.657084188911703,30
184000000040,VOL-in,see,VOL-in|see,VOL,in,prep,46.72279260780287,3
184000000040,VOL-in,sip,VOL-in|sip,VOL,in,prep,34.85420944558521,1
184000000040,VOL-in,throw,VOL-in|throw,VOL,in,prep,47.328542094455855,1
184000000040,VOL-in,want,VOL-in|want,VOL,in,prep,50.82135523613963,1
184000000040,VOL-into,get,VOL-into|get,VOL,into,prep,34.85420944558521,1
184000000040,VOL-into,push,VOL-into|push,VOL,into,prep,34.85420944558521,1
184000000040,VOL-off,get,VOL-off|get,VOL,off,prep,31.657084188911703,3
184000000040,VOL-off,know,VOL-off|know,VOL,off,prep,42.68993839835729,1
184000000040,VOL-off,push,VOL-off|push,VOL,off,prep,34.85420944558521,1
184000000040,VOL-off,put,VOL-off|put,VOL,off,prep,34.85420944558521,2
184000000040,VOL-off,take,VOL-off|take,VOL,off,prep,28.919917864476385,5
184000000040,VOL-on,bump,VOL-on|bump,VOL,on,prep,42.68993839835729,1
184000000040,VOL-on,come,VOL-on|come,VOL,on,prep,50.82135523613963,1
184000000040,VOL-on,get,VOL-on|get,VOL,on,prep,31.657084188911703,4
184000000040,VOL-on,go,VOL-on|go,VOL,on,prep,50.82135523613963,1
184000000040,VOL-on,have,VOL-on|have,VOL,on,prep,52.62422997946612,2
184000000040,VOL-on,hit,VOL-on|hit,VOL,on,prep,42.68993839835729,3
184000000040,VOL-on,keep,VOL-on|keep,VOL,on,prep,31.854209445585216,1
184000000040,VOL-on,need,VOL-on|need,VOL,on,prep,50.82135523613963,1
184000000040,VOL-on,put,VOL-on|put,VOL,on,prep,31.657084188911703,22
184000000040,VOL-on,see,VOL-on|see,VOL,on,prep,31.657084188911703,1
184000000040,VOL-on,set,VOL-on|set,VOL,on,prep,52.62422997946612,1
184000000040,VOL-on,throw,VOL-on|throw,VOL,on,prep,52.62422997946612,2
184000000040,VOL-on,use,VOL-on|use,VOL,on,prep,46.72279260780287,1
184000000040,VOL-on,wear,VOL-on|wear,VOL,on,prep,42.68993839835729,1
184000000040,VOL-over,get,VOL-over|get,VOL,over,prep,50.82135523613963,2
184000000040,VOL-over,pull,VOL-over|pull,VOL,over,prep,47.328542094455855,1
184000000040,VOL-over,put,VOL-over|put,VOL,over,prep,34.459958932238195,2
184000000040,VOL-over,turn,VOL-over|turn,VOL,over,prep,31.854209445585216,2
184000000040,VOL-through,see,VOL-through|see,VOL,through,prep,52.62422997946612,1
184000000040,VOL-to,bring,VOL-to|bring,VOL,to,prep,50.82135523613963,6
184000000040,VOL-to,do,VOL-to|do,VOL,to,prep,52.62422997946612,1
184000000040,VOL-to,give,VOL-to|give,VOL,to,prep,46.72279260780287,3
184000000040,VOL-to,hand,VOL-to|hand,VOL,to,prep,42.68993839835729,1
184000000040,VOL-to,loan,VOL-to|loan,VOL,to,prep,47.328542094455855,1
184000000040,VOL-to,put,VOL-to|put,VOL,to,prep,42.68993839835729,1
184000000040,VOL-to,read,VOL-to|read,VOL,to,prep,52.62422997946612,1
184000000040,VOL-to,take,VOL-to|take,VOL,to,prep,47.328542094455855,1
184000000040,VOO,bring,VOO|bring,VOO,,schematic,42.68993839835729,7
184000000040,VOO,buy,VOO|buy,VOO,,schematic,37.8870636550308,13
184000000040,VOO,do,VOO|do,VOO,,schematic,42.68993839835729,1
184000000040,VOO,get,VOO|get,VOO,,schematic,42.68993839835729,6
184000000040,VOO,give,VOO|give,VOO,,schematic,31.657084188911703,2
184000000040,VOO,leave,VOO|leave,VOO,,schematic,52.62422997946612,1
184000000040,VOO,read,VOO|read,VOO,,schematic,52.62422997946612,1
184000000040,VOO,show,VOO|show,VOO,,schematic,42.68993839835729,5
184000000040,VOO,take,VOO|take,VOO,,schematic,50.82135523613963,1
184000000040,VOO,throw,VOO|throw,VOO,,schematic,47.328542094455855,1
184000000051,VL,come,VL|come,VL,,schematic,32.98562628336756,7
184000000051,VL,fall,VL|fall,VL,,schematic,35.0,1
184000000051,VL,get,VL|get,VL,,schematic,32.98562628336756,3
184000000051,VL,go,VL|go,VL,,schematic,32.98562628336756,6
184000000051,VL,hammer,VL|hammer,VL,,schematic,32.98562628336756,1
184000000051,VL,hold,VL|hold,VL,,schematic,35.0,2
184000000051,VL,jump,VL|jump,VL,,schematic,33.525667351129364,2
184000000051,VL,knock,VL|knock,VL,,schematic,31.8870636550308,1
184000000051,VL,know,VL|know,VL,,schematic,33.06570841889117,2
184000000051,VL,listen,VL|listen,VL,,schematic,32.98562628336756,1
184000000051,VL,look,VL|look,VL,,schematic,32.98562628336756,18
184000000051,VL,peck,VL|peck,VL,,schematic,29.82135523613963,1
184000000051,VL,play,VL|play,VL,,schematic,38.09856262833676,2
184000000051,VL,put,VL|put,VL,,schematic,31.8870636550308,3
184000000051,VL,say,VL|say,VL,,schematic,33.06570841889117,1
184000000051,VL,see,VL|see,VL,,schematic,31.8870636550308,1
184000000051,VL,shouting,VL|shouting,VL,,schematic,33.06570841889117,1
184000000051,VL,sit,VL|sit,VL,,schematic,32.98562628336756,2
184000000051,VL,sleep,VL|sleep,VL,,schematic,32.98562628336756,1
184000000051,VL,stay,VL|stay,VL,,schematic,35.0,1
184000000051,VL,stick,VL|stick,VL,,schematic,35.0,1
184000000051,VL,talk,VL|talk,VL,,schematic,38.09856262833676,2
184000000051,VL,tell,VL|tell,VL,,schematic,33.06570841889117,1
184000000051,VL,want,VL|want,VL,,schematic,29.82135523613963,1
184000000051,VL,write,VL|write,VL,,schematic,31.8870636550308,4
184000000051,VL-about,tell,VL-about|tell,VL,about,prep,33.06570841889117,1
184000000051,VL-at,hammer,VL-at|hammer,VL,at,prep,32.98562628336756,1
184000000051,VL-at,knock,VL-at|knock,VL,at,prep,31.8870636550308,1
184000000051,VL-at,know,VL-at|know,VL,at,prep,35.0,1
184000000051,VL-at,look,VL-at|look,VL,at,prep,32.98562628336756,8
184000000051,VL-at,shouting,VL-at|shouting,VL,at,prep,33.06570841889117,1
184000000051,VL-behind,know,VL-behind|know,VL,behind,prep,33.06570841889117,1
184000000051,VL-behind,look,VL-behind|look,VL,behind,prep,33.06570841889117,2
184000000051,VL-down,go,VL-down|go,VL,down,prep,38.09856262833676,1
184000000051,VL-down,jump,VL-down|jump,VL,down,prep,33.525667351129364,2
184000000051,VL-in,come,VL-in|come,VL,in,prep,32.98562628336756,3
184000000051,VL-in,fall,VL-in|fall,VL,in,prep,35.0,1
184000000051,VL-in,get,VL-in|get,VL,in,prep,32.98562628336756,1
184000000051,VL-in,go,VL-in|go,VL,in,prep,35.0,2
184000000051,VL-in,hold,VL-in|hold,VL,in,prep,35.0,1
184000000051,VL-in,look,VL-in|look,VL,in,prep,33.06570841889117,8
184000000051,VL-in,play,VL-in|play,VL,in,prep,38.09856262833676,2
184000000051,VL-in,put,VL-in|put,VL,in,prep,31.8870636550308,3
184000000051,VL-in,stay,VL-in|stay,VL,in,prep,35.0,1
184000000051,VL-in,talk,VL-in|talk,VL,in,prep,38.09856262833676,1
184000000051,VL-off,get,VL-off|get,VL,off,prep,33.06570841889117,1
184000000051,VL-off,peck,VL-off|peck,VL,off,prep,29.82135523613963,1
184000000051,VL-on,come,VL-on|come,VL,on,prep,33.525667351129364,1
184000000051,VL-on,get,VL-on|get,VL,on,prep,32.98562628336756,1
184000000051,VL-on,go,VL-on|go,VL,on,prep,32.98562628336756,2
184000000051,VL-on,hold,VL-on|hold,VL,on,prep,38.09856262833676,1
184000000051,VL-on,sit,VL-on|sit,VL,on,prep,32.98562628336756,2
184000000051,VL-on,sleep,VL-on|sleep,VL,on,prep,32.98562628336756,1
184000000051,VL-on,stick,VL-on|stick,VL,on,prep,35.0,1
184000000051,VL-on,want,VL-on|want,VL,on,prep,29.82135523613963,1
184000000051,VL-on,write,VL-on|write,VL,on,prep,31.8870636550308,4
184000000051,VL-over,come,VL-over|come,VL,over,prep,33.06570841889117,2
184000000051,VL-over,see,VL-over|see,VL,over,prep,31.8870636550308,1
184000000051,VL-to,come,VL-to|come,VL,to,prep,32.98562628336756,1
184000000051,VL-to,go,VL-to|go,VL,to,prep,35.0,1
184000000051,VL-to,listen,VL-to|listen,VL,to,prep,32.98562628336756,1
184000000051,VL-to,say,VL-to|say,VL,to,prep,33.06570841889117,1
184000000051,VL-to,talk,VL-to|talk,VL,to,prep,38.09856262833676,1
184000000051,VO,blow,VO|blow,VO,,schematic,31.8870636550308,1
184000000051,VO,break,VO|break,VO,,schematic,35.0,2
184000000051,VO,bring,VO|bring,VO,,schematic,35.0,1
184000000051,VO,brush,VO|brush,VO,,schematic,32.98562628336756,1
184000000051,VO,build,VO|build,VO,,schematic,35.0,1
184000000051,VO,catch,VO|catch,VO,,schematic,33.06570841889117,1
184000000051,VO,count,VO|count,VO,,schematic,29.82135523613963,2
184000000051,VO,cut,VO|cut,VO,,schematic,32.98562628336756,4
184000000051,VO,dear,VO|dear,VO,,schematic,33.525667351129364,1
184000000051,VO,dirt,VO|dirt,VO,,schematic,32.98562628336756,1
184000000051,VO,do,VO|do,VO,,schematic,32.98562628336756,14
184000000051,VO,eat,VO|eat,VO,,schematic,31.8870636550308,5
184000000051,VO,feed,VO|feed,VO,,schematic,35.0,1
184000000051,VO,find,VO|find,VO,,schematic,31.8870636550308,2
184000000051,VO,fly,VO|fly,VO,,schematic,29.82135523613963,2
184000000051,VO,get,VO|get,VO,,schematic,31.8870636550308,23
184000000051,VO,give,VO|give,VO,,schematic,33.06570841889117,1
184000000051,VO,go,VO|go,VO,,schematic,33.525667351129364,2
184000000051,VO,hang,VO|hang,VO,,schematic,29.82135523613963,1
184000000051,VO,have,VO|have,VO,,schematic,29.82135523613963,18
184000000051,VO,hide,VO|hide,VO,,schematic,32.98562628336756,1
184000000051,VO,hurt,VO|hurt,VO,,schematic,32.98562628336756,2
184000000051,VO,kick,VO|kick,VO,,schematic,35.0,1
184000000051,VO,know,VO|know,VO,,schematic,29.82135523613963,10
184000000051,VO,let,VO|let,VO,,schematic,31.8870636550308,6
184000000051,VO,like,VO|like,VO,,schematic,29.82135523613963,14
184000000051,VO,live,VO|live,VO,,schematic,32.98562628336756,1
184000000051,VO,look,VO|look,VO,,schematic,29.82135523613963,4
184000000051,VO,lose,VO|lose,VO,,schematic,33.06570841889117,4
184000000051,VO,make,VO|make,VO,,schematic,32.98562628336756,5
184000000051,VO,match,VO|match,VO,,schematic,38.09856262833676,2
184000000051,VO,meet,VO|meet,VO,,schematic,35.0,1
184000000051,VO,miss,VO|miss,VO,,schematic,33.06570841889117,1
184000000051,VO,need,VO|need,VO,,schematic,33.525667351129364,4
184000000051,VO,open,VO|open,VO,,schematic,31.8870636550308,5
184000000051,VO,orange,VO|orange,VO,,schematic,33.06570841889117,1
184000000051,VO,own,VO|own,VO,,schematic,33.06570841889117,1
184000000051,VO,paint,VO|paint,VO,,schematic,33.06570841889117,2
184000000051,VO,pick,VO|pick,VO,,schematic,32.98562628336756,2
184000000051,VO,play,VO|play,VO,,schematic,32.98562628336756,2
184000000051,VO,present,VO|present,VO,,schematic,33.06570841889117,1
184000000051,VO,push,VO|push,VO,,schematic,35.0,2
184000000051,VO,put,VO|put,VO,,schematic,31.8870636550308,6
184000000051,VO,read,VO|read,VO,,schematic,29.82135523613963,9
184000000051,VO,run,VO|run,VO,,schematic,33.06570841889117,1
184000000051,VO,say,VO|say,VO,,schematic,33.06570841889117,2
184000000051,VO,scare,VO|scare,VO,,schematic,33.06570841889117,3
184000000051,VO,see,VO|see,VO,,schematic,31.8870636550308,27
184000000051,VO,sing,VO|sing,VO,,schematic,31.8870636550308,1
184000000051,VO,sit,VO|sit,VO,,schematic,35.0,1
184000000051,VO,spill,VO|spill,VO,,schematic,32.98562628336756,1
184000000051,VO,stop,VO|stop,VO,,schematic,33.06570841889117,1
184000000051,VO,strike,VO|strike,VO,,schematic,32.98562628336756,1
184000000051,VO,suit,VO|suit,VO,,schematic,32.98562628336756,1
184000000051,VO,take,VO|take,VO,,schematic,32.98562628336756,8
184000000051,VO,think,VO|think,VO,,schematic,33.06570841889117,1
184000000051,VO,throw,VO|throw,VO,,schematic,32.98562628336756,3
184000000051,VO,tickle,VO|tickle,VO,,schematic,38.09856262833676,1
184000000051,VO,tie,VO|tie,VO,,schematic,31.8870636550308,4
184000000051,VO,want,VO|want,VO,,schematic,33.06570841889117,3
184000000051,VO,watch,VO|watch,VO,,schematic,29.82135523613963,2
184000000051,VO,wet,VO|wet,VO,,schematic,32.98562628336756,1
184000000051,VO,whoopsie,VO|whoopsie,VO,,schematic,35.0,1
184000000051,VO,wicked,VO|wicked,VO,,schematic,33.06570841889117,1
184000000051,VO,work,VO|work,VO,,schematic,35.0,1
184000000051,VO,wreck,VO|wreck,VO,,schematic,33.06570841889117,4
184000000051,VOL,blow,VOL|blow,VOL,,schematic,35.0,1
184000000051,VOL,do,VOL|do,VOL,,schematic,32.98562628336756,2
184000000051,VOL,draw,VOL|draw,VOL,,schematic,33.06570841889117,1
184000000051,VOL,flie,VOL|flie,VOL,,schematic,31.8870636550308,1
184000000051,VOL,get,VOL|get,VOL,,schematic,32.98562628336756,6
184000000051,VOL,have,VOL|have,VOL,,schematic,38.09856262833676,1
184000000051,VOL,hit,VOL|hit,VOL,,schematic,32.98562628336756,1
184000000051,VOL,know,VOL|know,VOL,,schematic,35.0,2
184000000051,VOL,make,VOL|make,VOL,,schematic,32.98562628336756,1
184000000051,VOL,pour,VOL|pour,VOL,,schematic,33.525667351129364,1
184000000051,VOL,push,VOL|push,VOL,,schematic,32.98562628336756,2
184000000051,VOL,put,VOL|put,VOL,,schematic,31.8870636550308,14
184000000051,VOL,say,VOL|say,VOL,,schematic,35.0,1
184000000051,VOL,see,VOL|see,VOL,,schematic,33.06570841889117,3
184000000051,VOL,take,VOL|take,VOL,,schematic,31.8870636550308,2
184000000051,VOL,throw,VOL|throw,VOL,,schematic,35.0,1
184000000051,VOL,want,VOL|want,VOL,,schematic,33.06570841889117,1
184000000051,VOL,wash,VOL|wash,VOL,,schematic,38.09856262833676,1
184000000051,VOL-about,say,VOL-about|say,VOL,about,prep,35.0,1
184000000051,VOL-down,blow,VOL-down|blow,VOL,down,prep,35.0,1
184000000051,VOL-down,get,VOL-down|get,VOL,down,prep,33.525667351129364,1
184000000051,VOL-down,know,VOL-down|know,VOL,down,prep,38.09856262833676,1
184000000051,VOL-down,push,VOL-down|push,VOL,down,prep,32.98562628336756,1
184000000051,VOL-from,get,VOL-from|get,VOL,from,prep,32.98562628336756,1
184000000051,VOL-in,do,VOL-in|do,VOL,in,prep,38.09856262833676,1
184000000051,VOL-in,draw,VOL-in|draw,VOL,in,prep,33.06570841889117,1
184000000051,VOL-in,get,VOL-in|get,VOL,in,prep,32.98562628336756,3
184000000051,VOL-in,have,VOL-in|have,VOL,in,prep,38.09856262833676,1
184000000051,VOL-in,pour,VOL-in|pour,VOL,in,prep,33.525667351129364,1
184000000051,VOL-in,put,VOL-in|put,VOL,in,prep,31.8870636550308,10
184000000051,VOL-in,see,VOL-in|see,VOL,in,prep,33.06570841889117,2
184000000051,VOL-in,take,VOL-in|take,VOL,in,prep,31.8870636550308,1
184000000051,VOL-in,wash,VOL-in|wash,VOL,in,prep,38.09856262833676,1
184000000051,VOL-into,push,VOL-into|push,VOL,into,prep,35.0,1
184000000051,VOL-off,flie,VOL-off|flie,VOL,off,prep,31.8870636550308,1
184000000051,VOL-off,take,VOL-off|take,VOL,off,prep,31.8870636550308,1
184000000051,VOL-on,do,VOL-on|do,VOL,on,prep,32.98562628336756,1
184000000051,VOL-on,get,VOL-on|get,VOL,on,prep,38.09856262833676,1
184000000051,VOL-on,hit,VOL-on|hit,VOL,on,prep,32.98562628336756,1
184000000051,VOL-on,know,VOL-on|know,VOL,on,prep,35.0,1
184000000051,VOL-on,make,VOL-on|make,VOL,on,prep,32.98562628336756,1
184000000051,VOL-on,put,VOL-on|put,VOL,on,prep,33.06570841889117,4
184000000051,VOL-on,want,VOL-on|want,VOL,on,prep,33.06570841889117,1
184000000051,VOL-to,see,VOL-to|see,VOL,to,prep,35.0,1
184000000051,VOL-to,throw,VOL-to|throw,VOL,to,prep,35.0,1
184000000051,VOO,get,VOO|get,VOO,,schematic,32.98562628336756,1
184000000051,VOO,give,VOO|give,VOO,,schematic,33.06570841889117,12
184000000051,VOO,show,VOO|show,VOO,,schematic,38.09856262833676,1
184000000054,VL,look,VL|look,VL,,schematic,30.32854209445585,2
184000000054,VL-at,look,VL-at|look,VL,at,prep,30.32854209445585,2
184000000054,VO,pass,VO|pass,VO,,schematic,30.32854209445585,1
184000000054,VO,watch,VO|watch,VO,,schematic,30.32854209445585,1
184000000060,VL,be,VL|be,VL,,schematic,53.13141683778234,2
184000000060,VL,break,VL|break,VL,,schematic,46.459958932238195,1
184000000060,VL,bring,VL|bring,VL,,schematic,43.6570841889117,1
184000000060,VL,call,VL|call,VL,,schematic,44.85420944558521,1
184000000060,VL,change,VL|change,VL,,schematic,52.13141683778234,1
184000000060,VL,come,VL|come,VL,,schematic,42.78850102669404,17
184000000060,VL,disappear,VL|disappear,VL,,schematic,52.13141683778234,2
184000000060,VL,do,VL|do,VL,,schematic,46.525667351129364,2
184000000060,VL,draw,VL|draw,VL,,schematic,46.459958932238195,2
184000000060,VL,drive,VL|drive,VL,,schematic,52.13141683778234,1
184000000060,VL,fall,VL|fall,VL,,schematic,41.394250513347025,9
184000000060,VL,fly,VL|fly,VL,,schematic,46.459958932238195,1
184000000060,VL,get,VL|get,VL,,schematic,41.394250513347025,6
184000000060,VL,go,VL|go,VL,,schematic,41.394250513347025,54
184000000060,VL,hide,VL|hide,VL,,schematic,42.78850102669404,1
184000000060,VL,hold,VL|hold,VL,,schematic,46.459958932238195,1
184000000060,VL,juggling,VL|juggling,VL,,schematic,46.459958932238195,1
184000000060,VL,jump,VL|jump,VL,,schematic,46.459958932238195,4
184000000060,VL,kick,VL|kick,VL,,schematic,52.13141683778234,1
184000000060,VL,laugh,VL|laugh,VL,,schematic,46.06570841889117,1
184000000060,VL,lay,VL|lay,VL,,schematic,52.13141683778234,1
184000000060,VL,let,VL|let,VL,,schematic,46.459958932238195,1
184000000060,VL,lie,VL|lie,VL,,schematic,44.85420944558521,3
184000000060,VL,live,VL|live,VL,,schematic,46.459958932238195,5
184000000060,VL,look,VL|look,VL,,schematic,43.6570841889117,24
184000000060,VL,love,VL|love,VL,,schematic,49.19712525667351,1
184000000060,VL,play,VL|play,VL,,schematic,43.6570841889117,5
184000000060,VL,put,VL|put,VL,,schematic,42.78850102669404,1
184000000060,VL,say,VL|say,VL,,schematic,42.78850102669404,1
184000000060,VL,sit,VL|sit,VL,,schematic,43.6570841889117,11
184000000060,VL,sleep,VL|sleep,VL,,schematic,44.85420944558521,4
184000000060,VL,splash,VL|splash,VL,,schematic,46.459958932238195,4
184000000060,VL,squeeze,VL|squeeze,VL,,schematic,46.459958932238195,1
184000000060,VL,stay,VL|stay,VL,,schematic,46.06570841889117,6
184000000060,VL,sweep,VL|sweep,VL,,schematic,44.85420944558521,1
184000000060,VL,swim,VL|swim,VL,,schematic,49.19712525667351,1
184000000060,VL,swing,VL|swing,VL,,schematic,44.85420944558521,1
184000000060,VL,talk,VL|talk,VL,,schematic,42.78850102669404,1
184000000060,VL,tell,VL|tell,VL,,schematic,52.13141683778234,1
184000000060,VL,turn,VL|turn,VL,,schematic,46.459958932238195,4
184000000060,VL,wait,VL|wait,VL,,schematic,52.03285420944559,1
184000000060,VL,work,VL|work,VL,,schematic,46.459958932238195,1
184000000060,VL,youknow,VL|youknow,VL,,schematic,52.13141683778234,1
184000000060,VL-about,let,VL-about|let,VL,about,prep,46.459958932238195,1
184000000060,VL-about,tell,VL-about|tell,VL,about,prep,52.13141683778234,1
184000000060,VL-at,go,VL-at|go,VL,at,prep,49.19712525667351,3
184000000060,VL-at,laugh,VL-at|laugh,VL,at,prep,46.06570841889117,1
184000000060,VL-at,look,VL-at|look,VL,at,prep,43.6570841889117,22
184000000060,VL-at,play,VL-at|play,VL,at,prep,44.85420944558521,1
184000000060,VL-at,sit,VL-at|sit,VL,at,prep,52.13141683778234,1
184000000060,VL-down,come,VL-down|come,VL,down,prep,42.78850102669404,4
184000000060,VL-down,fall,VL-down|fall,VL,down,prep,44.85420944558521,4
184000000060,VL-down,get,VL-down|get,VL,down,prep,46.525667351129364,2
184000000060,VL-down,go,VL-down|go,VL,down,prep,52.03285420944559,5
184000000060,VL-down,hold,VL-down|hold,VL,down,prep,46.459958932238195,1
184000000060,VL-down,lay,VL-down|lay,VL,down,prep,52.13141683778234,1
184000000060,VL-down,lie,VL-down|lie,VL,down,prep,52.13141683778234,1
184000000060,VL-down,sit,VL-down|sit,VL,down,prep,52.13141683778234,1
184000000060,VL-down,splash,VL-down|splash,VL,down,prep,46.459958932238195,1
184000000060,VL-from,hide,VL-from|hide,VL,from,prep,42.78850102669404,1
184000000060,VL-in,be,VL-in|be,VL,in,prep,53.13141683778234,1
184000000060,VL-in,bring,VL-in|bring,VL,in,prep,43.6570841889117,1
184000000060,VL-in,come,VL-in|come,VL,in,prep,46.459958932238195,3
184000000060,VL-in,disappear,VL-in|disappear,VL,in,prep,52.13141683778234,1
184000000060,VL-in,do,VL-in|do,VL,in,prep,46.525667351129364,2
184000000060,VL-in,fall,VL-in|fall,VL,in,prep,46.459958932238195,2
184000000060,VL-in,go,VL-in|go,VL,in,prep,44.85420944558521,8
184000000060,VL-in,juggling,VL-in|juggling,VL,in,prep,46.459958932238195,1
184000000060,VL-in,jump,VL-in|jump,VL,in,prep,46.459958932238195,4
184000000060,VL-in,live,VL-in|live,VL,in,prep,46.459958932238195,5
184000000060,VL-in,look,VL-in|look,VL,in,prep,52.13141683778234,1
184000000060,VL-in,play,VL-in|play,VL,in,prep,43.6570841889117,3
184000000060,VL-in,put,VL-in|put,VL,in,prep,42.78850102669404,1
184000000060,VL-in,sit,VL-in|sit,VL,in,prep,43.6570841889117,2
184000000060,VL-in,sleep,VL-in|sleep,VL,in,prep,44.85420944558521,2
184000000060,VL-in,splash,VL-in|splash,VL,in,prep,46.459958932238195,2
184000000060,VL-in,squeeze,VL-in|squeeze,VL,in,prep,46.459958932238195,1
184000000060,VL-in,stay,VL-in|stay,VL,in,prep,46.06570841889117,6
184000000060,VL-in,swim,VL-in|swim,VL,in,prep,49.19712525667351,1
184000000060,VL-in,swing,VL-in|swing,VL,in,prep,44.85420944558521,1
184000000060,VL-in,work,VL-in|work,VL,in,prep,46.459958932238195,1
184000000060,VL-into,go,VL-into|go,VL,into,prep,46.459958932238195,3
184000000060,VL-into,kick,VL-into|kick,VL,into,prep,52.13141683778234,1
184000000060,VL-into,splash,VL-into|splash,VL,into,prep,46.459958932238195,1
184000000060,VL-into,turn,VL-into|turn,VL,into,prep,46.459958932238195,4
184000000060,VL-off,break,VL-off|break,VL,off,prep,46.459958932238195,1
184000000060,VL-off,fall,VL-off|fall,VL,off,prep,42.78850102669404,2
184000000060,VL-off,fly,VL-off|fly,VL,off,prep,46.459958932238195,1
184000000060,VL-off,get,VL-off|get,VL,off,prep,52.13141683778234,1
184000000060,VL-on,be,VL-on|be,VL,on,prep,53.13141683778234,1
184000000060,VL-on,call,VL-on|call,VL,on,prep,44.85420944558521,1
184000000060,VL-on,come,VL-on|come,VL,on,prep,46.06570841889117,3
184000000060,VL-on,draw,VL-on|draw,VL,on,prep,46.459958932238195,2
184000000060,VL-on,drive,VL-on|drive,VL,on,prep,52.13141683778234,1
184000000060,VL-on,fall,VL-on|fall,VL,on,prep,41.394250513347025,1
184000000060,VL-on,get,VL-on|get,VL,on,prep,52.13141683778234,1
184000000060,VL-on,go,VL-on|go,VL,on,prep,41.394250513347025,6
184000000060,VL-on,lie,VL-on|lie,VL,on,prep,44.85420944558521,2
184000000060,VL-on,play,VL-on|play,VL,on,prep,49.19712525667351,1
184000000060,VL-on,sit,VL-on|sit,VL,on,prep,43.6570841889117,6
184000000060,VL-on,sleep,VL-on|sleep,VL,on,prep,44.85420944558521,2
184000000060,VL-on,sweep,VL-on|sweep,VL,on,prep,44.85420944558521,1
184000000060,VL-on,wait,VL-on|wait,VL,on,prep,52.03285420944559,1
184000000060,VL-over,come,VL-over|come,VL,over,prep,43.6570841889117,1
184000000060,VL-over,get,VL-over|get,VL,over,prep,41.394250513347025,2
184000000060,VL-over,sit,VL-over|sit,VL,over,prep,46.525667351129364,1
184000000060,VL-through,look,VL-through|look,VL,through,prep,52.03285420944559,1
184000000060,VL-to,change,VL-to|change,VL,to,prep,52.13141683778234,1
184000000060,VL-to,come,VL-to|come,VL,to,prep,42.78850102669404,6
184000000060,VL-to,disappear,VL-to|disappear,VL,to,prep,52.13141683778234,1
184000000060,VL-to,go,VL-to|go,VL,to,prep,41.394250513347025,28
184000000060,VL-to,love,VL-to|love,VL,to,prep,49.19712525667351,1
184000000060,VL-to,say,VL-to|say,VL,to,prep,42.78850102669404,1
184000000060,VL-to,talk,VL-to|talk,VL,to,prep,42.78850102669404,1
184000000060,VL-to,youknow,VL-to|youknow,VL,to,prep,52.13141683778234,1
184000000060,VL-under,go,VL-under|go,VL,under,prep,52.13141683778234,1
184000000060,VO,answer,VO|answer,VO,,schematic,44.85420944558521,1
184000000060,VO,ask,VO|ask,VO,,schematic,41.394250513347025,2
184000000060,VO,bang,VO|bang,VO,,schematic,44.85420944558521,1
184000000060,VO,believe,VO|believe,VO,,schematic,53.13141683778234,3
184000000060,VO,bite,VO|bite,VO,,schematic,44.85420944558521,3
184000000060,VO,break,VO|break,VO,,schematic,44.85420944558521,8
184000000060,VO,bring,VO|bring,VO,,schematic,42.78850102669404,14
184000000060,VO,build,VO|build,VO,,schematic,46.459958932238195,11
184000000060,VO,buy,VO|buy,VO,,schematic,42.78850102669404,5
184000000060,VO,call,VO|call,VO,,schematic,44.85420944558521,7
184000000060,VO,carry,VO|carry,VO,,schematic,44.85420944558521,3
184000000060,VO,catch,VO|catch,VO,,schematic,49.19712525667351,3
184000000060,VO,change,VO|change,VO,,schematic,49.19712525667351,4
184000000060,VO,clean,VO|clean,VO,,schematic,49.19712525667351,1
184000000060,VO,close,VO|close,VO,,schematic,46.06570841889117,4
184000000060,VO,color,VO|color,VO,,schematic,44.85420944558521,2
184000000060,VO,come,VO|come,VO,,schematic,44.85420944558521,2
184000000060,VO,cook,VO|cook,VO,,schematic,52.03285420944559,1
184000000060,VO,crack,VO|crack,VO,,schematic,46.525667351129364,1
184000000060,VO,cross,VO|cross,VO,,schematic,43.6570841889117,1
184000000060,VO,cut,VO|cut,VO,,schematic,44.85420944558521,2
184000000060,VO,ding,VO|ding,VO,,schematic,44.85420944558521,1
184000000060,VO,do,VO|do,VO,,schematic,42.78850102669404,78
184000000060,VO,draw,VO|draw,VO,,schematic,52.13141683778234,4
184000000060,VO,drink,VO|drink,VO,,schematic,42.78850102669404,2
184000000060,VO,eat,VO|eat,VO,,schematic,42.78850102669404,9
184000000060,VO,excuse,VO|excuse,VO,,schematic,46.525667351129364,1
184000000060,VO,feel,VO|feel,VO,,schematic,53.13141683778234,2
184000000060,VO,fight,VO|fight,VO,,schematic,44.85420944558521,1
184000000060,VO,find,VO|find,VO,,schematic,42.78850102669404,8
184000000060,VO,finish,VO|finish,VO,,schematic,44.85420944558521,3
184000000060,VO,fix,VO|fix,VO,,schematic,43.6570841889117,10
184000000060,VO,flie,VO|flie,VO,,schematic,53.13141683778234,1
184000000060,VO,forget,VO|forget,VO,,schematic,42.78850102669404,2
184000000060,VO,get,VO|get,VO,,schematic,41.394250513347025,152
184000000060,VO,gimme,VO|gimme,VO,,schematic,44.85420944558521,1
184000000060,VO,go,VO|go,VO,,schematic,43.6570841889117,4
184000000060,VO,hasta,VO|hasta,VO,,schematic,46.525667351129364,1
184000000060,VO,have,VO|have,VO,,schematic,41.394250513347025,50
184000000060,VO,help,VO|help,VO,,schematic,44.85420944558521,22
184000000060,VO,hit,VO|hit,VO,,schematic,46.459958932238195,6
184000000060,VO,hold,VO|hold,VO,,schematic,46.459958932238195,1
184000000060,VO,hurry,VO|hurry,VO,,schematic,44.85420944558521,2
184000000060,VO,hurt,VO|hurt,VO,,schematic,44.85420944558521,9
184000000060,VO,keep,VO|keep,VO,,schematic,44.85420944558521,7
184000000060,VO,kick,VO|kick,VO,,schematic,46.459958932238195,1
184000000060,VO,kill,VO|kill,VO,,schematic,44.85420944558521,12
184000000060,VO,knock,VO|knock,VO,,schematic,44.85420944558521,4
184000000060,VO,know,VO|know,VO,,schematic,42.78850102669404,24
184000000060,VO,laugh,VO|laugh,VO,,schematic,46.06570841889117,1
184000000060,VO,learn,VO|learn,VO,,schematic,52.13141683778234,2
184000000060,VO,leave,VO|leave,VO,,schematic,46.06570841889117,2
184000000060,VO,let,VO|let,VO,,schematic,41.394250513347025,7
184000000060,VO,lift,VO|lift,VO,,schematic,44.85420944558521,4
184000000060,VO,like,VO|like,VO,,schematic,43.6570841889117,10
184000000060,VO,look,VO|look,VO,,schematic,44.85420944558521,14
184000000060,VO,lose,VO|lose,VO,,schematic,52.03285420944559,6
184000000060,VO,love,VO|love,VO,,schematic,43.6570841889117,15
184000000060,VO,make,VO|make,VO,,schematic,42.78850102669404,25
184000000060,VO,mess,VO|mess,VO,,schematic,43.6570841889117,1
184000000060,VO,mind,VO|mind,VO,,schematic,52.13141683778234,1
184000000060,VO,miss,VO|miss,VO,,schematic,46.525667351129364,2
184000000060,VO,move,VO|move,VO,,schematic,52.03285420944559,1
184000000060,VO,need,VO|need,VO,,schematic,43.6570841889117,25
184000000060,VO,open,VO|open,VO,,schematic,42.78850102669404,7
184000000060,VO,own,VO|own,VO,,schematic,52.13141683778234,1
184000000060,VO,park,VO|park,VO,,schematic,52.03285420944559,1
184000000060,VO,pick,VO|pick,VO,,schematic,44.85420944558521,3
184000000060,VO,play,VO|play,VO,,schematic,41.394250513347025,18
184000000060,VO,plop,VO|plop,VO,,schematic,49.19712525667351,1
184000000060,VO,practice,VO|practice,VO,,schematic,53.13141683778234,1
184000000060,VO,pretend,VO|pretend,VO,,schematic,52.03285420944559,2
184000000060,VO,pull,VO|pull,VO,,schematic,46.459958932238195,1
184000000060,VO,punch,VO|punch,VO,,schematic,52.13141683778234,2
184000000060,VO,push,VO|push,VO,,schematic,46.06570841889117,1
184000000060,VO,put,VO|put,VO,,schematic,42.78850102669404,38
184000000060,VO,read,VO|read,VO,,schematic,42.78850102669404,3
184000000060,VO,rest,VO|rest,VO,,schematic,44.85420944558521,1
184000000060,VO,ride,VO|ride,VO,,schematic,52.13141683778234,1
184000000060,VO,ring,VO|ring,VO,,schematic,46.459958932238195,1
184000000060,VO,run,VO|run,VO,,schematic,44.85420944558521,2
184000000060,VO,save,VO|save,VO,,schematic,52.13141683778234,2
184000000060,VO,say,VO|say,VO,,schematic,42.78850102669404,10
184000000060,VO,scare,VO|scare,VO,,schematic,43.6570841889117,1
184000000060,VO,screw,VO|screw,VO,,schematic,43.6570841889117,1
184000000060,VO,see,VO|see,VO,,schematic,42.78850102669404,39
184000000060,VO,sell,VO|sell,VO,,schematic,44.85420944558521,1
184000000060,VO,send,VO|send,VO,,schematic,53.13141683778234,2
184000000060,VO,share,VO|share,VO,,schematic,44.85420944558521,2
184000000060,VO,shout,VO|shout,VO,,schematic,52.03285420944559,1
184000000060,VO,sing,VO|sing,VO,,schematic,53.13141683778234,1
184000000060,VO,smack,VO|smack,VO,,schematic,49.19712525667351,1
184000000060,VO,snow,VO|snow,VO,,schematic,43.6570841889117,1
184000000060,VO,spell,VO|spell,VO,,schematic,52.13141683778234,2
184000000060,VO,spend,VO|spend,VO,,schematic,52.13141683778234,3
184000000060,VO,splash,VO|splash,VO,,schematic,46.459958932238195,2
184000000060,VO,spot,VO|spot,VO,,schematic,46.459958932238195,1
184000000060,VO,stand,VO|stand,VO,,schematic,49.19712525667351,1
184000000060,VO,stew,VO|stew,VO,,schematic,46.525667351129364,1
184000000060,VO,take,VO|take,VO,,schematic,41.394250513347025,20
184000000060,VO,tell,VO|tell,VO,,schematic,44.85420944558521,4
184000000060,VO,think,VO|think,VO,,schematic,44.85420944558521,2
184000000060,VO,throw,VO|throw,VO,,schematic,44.85420944558521,1
184000000060,VO,tickle,VO|tickle,VO,,schematic,44.85420944558521,1
184000000060,VO,tie,VO|tie,VO,,schematic,41.394250513347025,1
184000000060,VO,turn,VO|turn,VO,,schematic,46.525667351129364,1
184000000060,VO,use,VO|use,VO,,schematic,52.03285420944559,2
184000000060,VO,want,VO|want,VO,,schematic,42.78850102669404,21
184000000060,VO,wash,VO|wash,VO,,schematic,44.85420944558521,3
184000000060,VO,watch,VO|watch,VO,,schematic,43.6570841889117,10
184000000060,VO,work,VO|work,VO,,schematic,44.85420944558521,1
184000000060,VO,wrap,VO|wrap,VO,,schematic,43.6570841889117,1
184000000060,VO,wreck,VO|wreck,VO,,schematic,44.85420944558521,3
184000000060,VO,youknow,VO|youknow,VO,,schematic,52.13141683778234,1
184000000060,VOL,break,VOL|break,VOL,,schematic,46.459958932238195,2
184000000060,VOL,bring,VOL|bring,VOL,,schematic,42.78850102669404,7
184000000060,VOL,buy,VOL|buy,VOL,,schematic,49.19712525667351,1
184000000060,VOL,carry,VOL|carry,VOL,,schematic,52.13141683778234,1
184000000060,VOL,climb,VOL|climb,VOL,,schematic,46.459958932238195,1
184000000060,VOL,do,VOL|do,VOL,,schematic,46.459958932238195,2
184000000060,VOL,dream,VOL|dream,VOL,,schematic,52.13141683778234,1
184000000060,VOL,drop,VOL|drop,VOL,,schematic,44.85420944558521,1
184000000060,VOL,get,VOL|get,VOL,,schematic,42.78850102669404,15
184000000060,VOL,give,VOL|give,VOL,,schematic,42.78850102669404,4
184000000060,VOL,have,VOL|have,VOL,,schematic,41.394250513347025,5
184000000060,VOL,hit,VOL|hit,VOL,,schematic,46.459958932238195,4
184000000060,VOL,hold,VOL|hold,VOL,,schematic,52.13141683778234,1
184000000060,VOL,keep,VOL|keep,VOL,,schematic,46.06570841889117,1
184000000060,VOL,knock,VOL|knock,VOL,,schematic,46.459958932238195,2
184000000060,VOL,like,VOL|like,VOL,,schematic,44.85420944558521,1
184000000060,VOL,lock,VOL|lock,VOL,,schematic,52.13141683778234,1
184000000060,VOL,make,VOL|make,VOL,,schematic,52.03285420944559,1
184000000060,VOL,move,VOL|move,VOL,,schematic,46.06570841889117,1
184000000060,VOL,need,VOL|need,VOL,,schematic,42.78850102669404,4
184000000060,VOL,pour,VOL|pour,VOL,,schematic,53.13141683778234,1
184000000060,VOL,pull,VOL|pull,VOL,,schematic,53.13141683778234,1
184000000060,VOL,punch,VOL|punch,VOL,,schematic,52.13141683778234,2
184000000060,VOL,push,VOL|push,VOL,,schematic,43.6570841889117,6
184000000060,VOL,put,VOL|put,VOL,,schematic,41.394250513347025,40
184000000060,VOL,read,VOL|read,VOL,,schematic,53.13141683778234,1
184000000060,VOL,say,VOL|say,VOL,,schematic,52.13141683778234,2
184000000060,VOL,screw,VOL|screw,VOL,,schematic,43.6570841889117,1
184000000060,VOL,see,VOL|see,VOL,,schematic,46.459958932238195,6
184000000060,VOL,send,VOL|send,VOL,,schematic,53.13141683778234,1
184000000060,VOL,sing,VOL|sing,VOL,,schematic,53.13141683778234,1
184000000060,VOL,sit,VOL|sit,VOL,,schematic,43.6570841889117,1
184000000060,VOL,splash,VOL|splash,VOL,,schematic,46.459958932238195,2
184000000060,VOL,take,VOL|take,VOL,,schematic,41.394250513347025,12
184000000060,VOL,throw,VOL|throw,VOL,,schematic,46.459958932238195,6
184000000060,VOL,want,VOL|want,VOL,,schematic,44.85420944558521,2
184000000060,VOL-about,dream,VOL-about|dream,VOL,about,prep,52.13141683778234,1
184000000060,VOL-down,break,VOL-down|break,VOL,down,prep,46.459958932238195,1
184000000060,VOL-down,bring,VOL-down|bring,VOL,down,prep,46.06570841889117,3
184000000060,VOL-down,climb,VOL-down|climb,VOL,down,prep,46.459958932238195,1
184000000060,VOL-down,knock,VOL-down|knock,VOL,down,prep,46.459958932238195,2
184000000060,VOL-down,make,VOL-down|make,VOL,down,prep,52.03285420944559,1
184000000060,VOL-down,push,VOL-down|push,VOL,down,prep,46.459958932238195,2
184000000060,VOL-down,put,VOL-down|put,VOL,down,prep,52.03285420944559,3
184000000060,VOL-down,sit,VOL-down|sit,VOL,down,prep,43.6570841889117,1
184000000060,VOL-from,get,VOL-from|get,VOL,from,prep,42.78850102669404,5
184000000060,VOL-in,bring,VOL-in|bring,VOL,in,prep,53.13141683778234,1
184000000060,VOL-in,buy,VOL-in|buy,VOL,in,prep,49.19712525667351,1
184000000060,VOL-in,carry,VOL-in|carry,VOL,in,prep,52.13141683778234,1
184000000060,VOL-in,do,VOL-in|do,VOL,in,prep,46.459958932238195,2
184000000060,VOL-in,get,VOL-in|get,VOL,in,prep,44.85420944558521,5
184000000060,VOL-in,have,VOL-in|have,VOL,in,prep,41.394250513347025,4
184000000060,VOL-in,hit,VOL-in|hit,VOL,in,prep,52.13141683778234,1
184000000060,VOL-in,hold,VOL-in|hold,VOL,in,prep,52.13141683778234,1
184000000060,VOL-in,keep,VOL-in|keep,VOL,in,prep,46.06570841889117,1
184000000060,VOL-in,like,VOL-in|like,VOL,in,prep,44.85420944558521,1
184000000060,VOL-in,lock,VOL-in|lock,VOL,in,prep,52.13141683778234,1
184000000060,VOL-in,need,VOL-in|need,VOL,in,prep,44.85420944558521,2
184000000060,VOL-in,pour,VOL-in|pour,VOL,in,prep,53.13141683778234,1
184000000060,VOL-in,push,VOL-in|push,VOL,in,prep,52.03285420944559,2
184000000060,VOL-in,put,VOL-in|put,VOL,in,prep,41.394250513347025,21
184000000060,VOL-in,read,VOL-in|read,VOL,in,prep,53.13141683778234,1
184000000060,VOL-in,see,VOL-in|see,VOL,in,prep,46.459958932238195,6
184000000060,VOL-in,splash,VOL-in|splash,VOL,in,prep,46.459958932238195,1
184000000060,VOL-in,take,VOL-in|take,VOL,in,prep,46.459958932238195,1
184000000060,VOL-in,throw,VOL-in|throw,VOL,in,prep,46.459958932238195,4
184000000060,VOL-in,want,VOL-in|want,VOL,in,prep,44.85420944558521,1
184000000060,VOL-into,push,VOL-into|push,VOL,into,prep,46.525667351129364,1
184000000060,VOL-into,put,VOL-into|put,VOL,into,prep,44.85420944558521,1
184000000060,VOL-into,splash,VOL-into|splash,VOL,into,prep,46.459958932238195,1
184000000060,VOL-into,take,VOL-into|take,VOL,into,prep,44.85420944558521,1
184000000060,VOL-off,break,VOL-off|break,VOL,off,prep,53.13141683778234,1
184000000060,VOL-off,drop,VOL-off|drop,VOL,off,prep,44.85420944558521,1
184000000060,VOL-off,pull,VOL-off|pull,VOL,off,prep,53.13141683778234,1
184000000060,VOL-off,push,VOL-off|push,VOL,off,prep,43.6570841889117,1
184000000060,VOL-off,screw,VOL-off|screw,VOL,off,prep,43.6570841889117,1
184000000060,VOL-off,take,VOL-off|take,VOL,off,prep,41.394250513347025,9
184000000060,VOL-on,get,VOL-on|get,VOL,on,prep,43.6570841889117,4
184000000060,VOL-on,have,VOL-on|have,VOL,on,prep,53.13141683778234,1
184000000060,VOL-on,hit,VOL-on|hit,VOL,on,prep,46.459958932238195,3
184000000060,VOL-on,need,VOL-on|need,VOL,on,prep,42.78850102669404,1
184000000060,VOL-on,punch,VOL-on|punch,VOL,on,prep,52.13141683778234,2
184000000060,VOL-on,put,VOL-on|put,VOL,on,prep,44.85420944558521,13
184000000060,VOL-on,throw,VOL-on|throw,VOL,on,prep,49.19712525667351,2
184000000060,VOL-on,want,VOL-on|want,VOL,on,prep,52.03285420944559,1
184000000060,VOL-over,bring,VOL-over|bring,VOL,over,prep,46.459958932238195,1
184000000060,VOL-over,move,VOL-over|move,VOL,over,prep,46.06570841889117,1
184000000060,VOL-over,need,VOL-over|need,VOL,over,prep,52.03285420944559,1
184000000060,VOL-over,put,VOL-over|put,VOL,over,prep,46.06570841889117,2
184000000060,VOL-to,bring,VOL-to|bring,VOL,to,prep,42.78850102669404,2
184000000060,VOL-to,get,VOL-to|get,VOL,to,prep,49.19712525667351,1
184000000060,VOL-to,give,VOL-to|give,VOL,to,prep,42.78850102669404,4
184000000060,VOL-to,say,VOL-to|say,VOL,to,prep,52.13141683778234,2
184000000060,VOL-to,send,VOL-to|send,VOL,to,prep,53.13141683778234,1
184000000060,VOL-to,sing,VOL-to|sing,VOL,to,prep,53.13141683778234,1
184000000060,VOL-to,take,VOL-to|take,VOL,to,prep,52.13141683778234,1
184000000060,VOO,bring,VOO|bring,VOO,,schematic,46.06570841889117,2
184000000060,VOO,build,VOO|build,VOO,,schematic,52.13141683778234,2
184000000060,VOO,do,VOO|do,VOO,,schematic,44.85420944558521,1
184000000060,VOO,get,VOO|get,VOO,,schematic,42.78850102669404,4
184000000060,VOO,give,VOO|give,VOO,,schematic,42.78850102669404,11
184000000060,VOO,leave,VOO|leave,VOO,,schematic,46.06570841889117,1
184000000060,VOO,make,VOO|make,VOO,,schematic,52.13141683778234,1
184000000060,VOO,read,VOO|read,VOO,,schematic,44.85420944558521,1
184000000060,VOO,show,VOO|show,VOO,,schematic,46.525667351129364,3
184000000060,VOO,take,VOO|take,VOO,,schematic,46.525667351129364,3
184000000060,VOO,tell,VOO|tell,VOO,,schematic,44.85420944558521,7
198000000001,VL,bump,VL|bump,VL,,schematic,27.0,1
198000000001,VL,come,VL|come,VL,,schematic,24.032854209445585,4
198000000001,VL,fall,VL|fall,VL,,schematic,30.06570841889117,1
198000000001,VL,go,VL|go,VL,,schematic,20.8870636550308,14
198000000001,VL,have,VL|have,VL,,schematic,56.0,1
198000000001,VL,hide,VL|hide,VL,,schematic,36.06570841889117,2
198000000001,VL,live,VL|live,VL,,schematic,33.09856262833676,1
198000000001,VL,look,VL|look,VL,,schematic,42.19712525667351,4
198000000001,VL,play,VL|play,VL,,schematic,56.0,1
198000000001,VL,push,VL|push,VL,,schematic,27.0,3
198000000001,VL,say,VL|say,VL,,schematic,56.0,1
198000000001,VL,see,VL|see,VL,,schematic,30.06570841889117,1
198000000001,VL,sit,VL|sit,VL,,schematic,36.06570841889117,1
198000000001,VL,stand,VL|stand,VL,,schematic,42.19712525667351,1
198000000001,VL,take,VL|take,VL,,schematic,56.0,1
198000000001,VL,talk,VL|talk,VL,,schematic,39.0,1
198000000001,VL-at,look,VL-at|look,VL,at,prep,42.19712525667351,3
198000000001,VL-behind,hide,VL-behind|hide,VL,behind,prep,36.06570841889117,2
198000000001,VL-down,come,VL-down|come,VL,down,prep,42.19712525667351,1
198000000001,VL-down,go,VL-down|go,VL,down,prep,39.0,1
198000000001,VL-down,sit,VL-down|sit,VL,down,prep,36.06570841889117,1
198000000001,VL-in,come,VL-in|come,VL,in,prep,39.0,1
198000000001,VL-in,go,VL-in|go,VL,in,prep,33.09856262833676,1
198000000001,VL-in,live,VL-in|live,VL,in,prep,33.09856262833676,1
198000000001,VL-in,play,VL-in|play,VL,in,prep,56.0,1
198000000001,VL-in,push,VL-in|push,VL,in,prep,27.0,3
198000000001,VL-in,see,VL-in|see,VL,in,prep,30.06570841889117,1
198000000001,VL-in,take,VL-in|take,VL,in,prep,56.0,1
198000000001,VL-off,fall,VL-off|fall,VL,off,prep,30.06570841889117,1
198000000001,VL-on,bump,VL-on|bump,VL,on,prep,27.0,1
198000000001,VL-on,come,VL-on|come,VL,on,prep,24.032854209445585,2
198000000001,VL-on,go,VL-on|go,VL,on,prep,20.8870636550308,9
198000000001,VL-on,have,VL-on|have,VL,on,prep,56.0,1
198000000001,VL-on,stand,VL-on|stand,VL,on,prep,42.19712525667351,1
198000000001,VL-through,look,VL-through|look,VL,through,prep,42.19712525667351,1
198000000001,VL-to,go,VL-to|go,VL,to,prep,33.09856262833676,3
198000000001,VL-to,say,VL-to|say,VL,to,prep,56.0,1
198000000001,VL-to,talk,VL-to|talk,VL,to,prep,39.0,1
198000000001,VO,ax,VO|ax,VO,,schematic,27.0,1
198000000001,VO,bend,VO|bend,VO,,schematic,33.09856262833676,1
198000000001,VO,bet,VO|bet,VO,,schematic,33.09856262833676,1
198000000001,VO,call,VO|call,VO,,schematic,33.09856262833676,2
198000000001,VO,carry,VO|carry,VO,,schematic,33.09856262833676,2
198000000001,VO,catch,VO|catch,VO,,schematic,56.0,1
198000000001,VO,come,VO|come,VO,,schematic,42.19712525667351,1
198000000001,VO,cut,VO|cut,VO,,schematic,20.8870636550308,3
198000000001,VO,do,VO|do,VO,,schematic,27.0,9
198000000001,VO,drop,VO|drop,VO,,schematic,27.0,1
198000000001,VO,eat,VO|eat,VO,,schematic,36.06570841889117,5
198000000001,VO,find,VO|find,VO,,schematic,39.0,7
198000000001,VO,get,VO|get,VO,,schematic,27.0,22
198000000001,VO,go,VO|go,VO,,schematic,24.032854209445585,5
198000000001,VO,have,VO|have,VO,,schematic,24.032854209445585,21
198000000001,VO,hurt,VO|hurt,VO,,schematic,56.0,1
198000000001,VO,know,VO|know,VO,,schematic,56.0,2
198000000001,VO,leave,VO|leave,VO,,schematic,27.0,6
198000000001,VO,let,VO|let,VO,,schematic,27.0,5
198000000001,VO,lift,VO|lift,VO,,schematic,33.09856262833676,1
198000000001,VO,like,VO|like,VO,,schematic,33.09856262833676,4
198000000001,VO,lock,VO|lock,VO,,schematic,33.09856262833676,1
198000000001,VO,look,VO|look,VO,,schematic,33.09856262833676,3
198000000001,VO,love,VO|love,VO,,schematic,33.09856262833676,3
198000000001,VO,make,VO|make,VO,,schematic,56.0,3
198000000001,VO,mean,VO|mean,VO,,schematic,39.0,2
198000000001,VO,mend,VO|mend,VO,,schematic,30.06570841889117,2
198000000001,VO,need,VO|need,VO,,schematic,36.06570841889117,1
198000000001,VO,open,VO|open,VO,,schematic,24.032854209445585,2
198000000001,VO,pay,VO|pay,VO,,schematic,56.0,1
198000000001,VO,pick,VO|pick,VO,,schematic,42.19712525667351,3
198000000001,VO,play,VO|play,VO,,schematic,30.06570841889117,7
198000000001,VO,put,VO|put,VO,,schematic,27.0,6
198000000001,VO,read,VO|read,VO,,schematic,56.0,1
198000000001,VO,remember,VO|remember,VO,,schematic,56.0,1
198000000001,VO,ride,VO|ride,VO,,schematic,42.19712525667351,1
198000000001,VO,ring,VO|ring,VO,,schematic,24.032854209445585,2
198000000001,VO,roll,VO|roll,VO,,schematic,56.0,1
198000000001,VO,rub,VO|rub,VO,,schematic,30.06570841889117,1
198000000001,VO,say,VO|say,VO,,schematic,27.0,2
198000000001,VO,see,VO|see,VO,,schematic,27.0,9
198000000001,VO,stir,VO|stir,VO,,schematic,39.0,3
198000000001,VO,stop,VO|stop,VO,,schematic,33.09856262833676,1
198000000001,VO,take,VO|take,VO,,schematic,39.0,9
198000000001,VO,taste,VO|taste,VO,,schematic,56.0,1
198000000001,VO,tear,VO|tear,VO,,schematic,33.09856262833676,1
198000000001,VO,throw,VO|throw,VO,,schematic,42.19712525667351,1
198000000001,VO,try,VO|try,VO,,schematic,56.0,3
198000000001,VO,visit,VO|visit,VO,,schematic,42.19712525667351,1
198000000001,VO,wake,VO|wake,VO,,schematic,30.06570841889117,1
198000000001,VO,want,VO|want,VO,,schematic,24.032854209445585,14
198000000001,VO,wash,VO|wash,VO,,schematic,33.09856262833676,1
198000000001,VO,watch,VO|watch,VO,,schematic,33.09856262833676,1
198000000001,VO,wear,VO|wear,VO,,schematic,20.8870636550308,3
198000000001,VO,work,VO|work,VO,,schematic,39.0,1
198000000001,VO,write,VO|write,VO,,schematic,42.19712525667351,1
198000000001,VOL,cut,VOL|cut,VOL,,schematic,56.0,1
198000000001,VOL,follow,VOL|follow,VOL,,schematic,36.06570841889117,1
198000000001,VOL,get,VOL|get,VOL,,schematic,36.06570841889117,2
198000000001,VOL,have,VOL|have,VOL,,schematic,56.0,1
198000000001,VOL,leave,VOL|leave,VOL,,schematic,56.0,2
198000000001,VOL,park,VOL|park,VOL,,schematic,56.0,1
198000000001,VOL,put,VOL|put,VOL,,schematic,36.06570841889117,4
198000000001,VOL,read,VOL|read,VOL,,schematic,39.0,1
198000000001,VOL,see,VOL|see,VOL,,schematic,30.06570841889117,1
198000000001,VOL,stir,VOL|stir,VOL,,schematic,39.0,1
198000000001,VOL,take,VOL|take,VOL,,schematic,30.06570841889117,2
198000000001,VOL,think,VOL|think,VOL,,schematic,30.06570841889117,1
198000000001,VOL,want,VOL|want,VOL,,schematic,56.0,1
198000000001,VOL-behind,leave,VOL-behind|leave,VOL,behind,prep,56.0,1
198000000001,VOL-in,follow,VOL-in|follow,VOL,in,prep,36.06570841889117,1
198000000001,VOL-in,get,VOL-in|get,VOL,in,prep,36.06570841889117,1
198000000001,VOL-in,put,VOL-in|put,VOL,in,prep,36.06570841889117,2
198000000001,VOL-in,stir,VOL-in|stir,VOL,in,prep,39.0,1
198000000001,VOL-into,cut,VOL-into|cut,VOL,into,prep,56.0,1
198000000001,VOL-off,take,VOL-off|take,VOL,off,prep,30.06570841889117,2
198000000001,VOL-on,get,VOL-on|get,VOL,on,prep,56.0,1
198000000001,VOL-on,have,VOL-on|have,VOL,on,prep,56.0,1
198000000001,VOL-on,put,VOL-on|put,VOL,on,prep,56.0,2
198000000001,VOL-on,see,VOL-on|see,VOL,on,prep,30.06570841889117,1
198000000001,VOL-on,think,VOL-on|think,VOL,on,prep,30.06570841889117,1
198000000001,VOL-on,want,VOL-on|want,VOL,on,prep,56.0,1
198000000001,VOL-outside,park,VOL-outside|park,VOL,outside,prep,56.0,1
198000000001,VOL-over,leave,VOL-over|leave,VOL,over,prep,56.0,1
198000000001,VOL-to,read,VOL-to|read,VOL,to,prep,39.0,1
198000000001,VOO,cook,VOO|cook,VOO,,schematic,33.09856262833676,1
198000000001,VOO,give,VOO|give,VOO,,schematic,33.09856262833676,8
198000000001,VOO,leave,VOO|leave,VOO,,schematic,30.06570841889117,1
198000000001,VOO,read,VOO|read,VOO,,schematic,39.0,2
198000000001,VOO,show,VOO|show,VOO,,schematic,56.0,1
198000000021,VL,come,VL|come,VL,,schematic,20.8870636550308,3
198000000021,VL,crash,VL|crash,VL,,schematic,23.985626283367555,1
198000000021,VL,fall,VL|fall,VL,,schematic,60.78850102669404,1
198000000021,VL,feel,VL|feel,VL,,schematic,42.09856262833676,1
198000000021,VL,fit,VL|fit,VL,,schematic,60.78850102669404,1
198000000021,VL,get,VL|get,VL,,schematic,35.95277207392197,3
198000000021,VL,go,VL|go,VL,,schematic,29.919917864476385,8
198000000021,VL,hide,VL|hide,VL,,schematic,29.919917864476385,1
198000000021,VL,jump,VL|jump,VL,,schematic,23.985626283367555,4
198000000021,VL,laugh,VL|laugh,VL,,schematic,33.03285420944559,1
198000000021,VL,look,VL|look,VL,,schematic,29.919917864476385,5
198000000021,VL,put,VL|put,VL,,schematic,23.985626283367555,1
198000000021,VL,say,VL|say,VL,,schematic,60.78850102669404,1
198000000021,VL,see,VL|see,VL,,schematic,35.95277207392197,1
198000000021,VL,sit,VL|sit,VL,,schematic,29.919917864476385,1
198000000021,VL,stay,VL|stay,VL,,schematic,29.919917864476385,2
198000000021,VL,tread,VL|tread,VL,,schematic,35.95277207392197,4
198000000021,VL,walk,VL|walk,VL,,schematic,29.919917864476385,1
198000000021,VL-at,come,VL-at|come,VL,at,prep,20.8870636550308,1
198000000021,VL-at,laugh,VL-at|laugh,VL,at,prep,33.03285420944559,1
198000000021,VL-at,look,VL-at|look,VL,at,prep,42.09856262833676,4
198000000021,VL-at,stay,VL-at|stay,VL,at,prep,29.919917864476385,1
198000000021,VL-down,jump,VL-down|jump,VL,down,prep,23.985626283367555,4
198000000021,VL-down,put,VL-down|put,VL,down,prep,23.985626283367555,1
198000000021,VL-down,sit,VL-down|sit,VL,down,prep,29.919917864476385,1
198000000021,VL-in,come,VL-in|come,VL,in,prep,20.8870636550308,1
198000000021,VL-in,crash,VL-in|crash,VL,in,prep,23.985626283367555,1
198000000021,VL-in,fit,VL-in|fit,VL,in,prep,60.78850102669404,1
198000000021,VL-in,go,VL-in|go,VL,in,prep,29.919917864476385,3
198000000021,VL-in,see,VL-in|see,VL,in,prep,35.95277207392197,1
198000000021,VL-in,stay,VL-in|stay,VL,in,prep,29.919917864476385,1
198000000021,VL-off,fall,VL-off|fall,VL,off,prep,60.78850102669404,1
198000000021,VL-on,come,VL-on|come,VL,on,prep,33.03285420944559,1
198000000021,VL-on,feel,VL-on|feel,VL,on,prep,42.09856262833676,1
198000000021,VL-on,get,VL-on|get,VL,on,prep,38.95277207392197,1
198000000021,VL-on,go,VL-on|go,VL,on,prep,35.95277207392197,2
198000000021,VL-on,tread,VL-on|tread,VL,on,prep,35.95277207392197,4
198000000021,VL-on,walk,VL-on|walk,VL,on,prep,29.919917864476385,1
198000000021,VL-over,get,VL-over|get,VL,over,prep,38.95277207392197,1
198000000021,VL-through,get,VL-through|get,VL,through,prep,35.95277207392197,1
198000000021,VL-through,go,VL-through|go,VL,through,prep,60.78850102669404,2
198000000021,VL-through,look,VL-through|look,VL,through,prep,29.919917864476385,1
198000000021,VL-to,go,VL-to|go,VL,to,prep,35.95277207392197,1
198000000021,VL-to,say,VL-to|say,VL,to,prep,60.78850102669404,1
198000000021,VL-under,hide,VL-under|hide,VL,under,prep,29.919917864476385,1
198000000021,VO,blow,VO|blow,VO,,schematic,29.919917864476385,1
198000000021,VO,break,VO|break,VO,,schematic,33.03285420944559,1
198000000021,VO,bring,VO|bring,VO,,schematic,27.098562628336754,1
198000000021,VO,build,VO|build,VO,,schematic,29.919917864476385,3
198000000021,VO,buy,VO|buy,VO,,schematic,33.03285420944559,1
198000000021,VO,catch,VO|catch,VO,,schematic,29.919917864476385,1
198000000021,VO,cause,VO|cause,VO,,schematic,60.78850102669404,1
198000000021,VO,come,VO|come,VO,,schematic,20.8870636550308,6
198000000021,VO,cut,VO|cut,VO,,schematic,38.95277207392197,3
198000000021,VO,do,VO|do,VO,,schematic,27.098562628336754,16
198000000021,VO,drop,VO|drop,VO,,schematic,35.95277207392197,2
198000000021,VO,eat,VO|eat,VO,,schematic,29.919917864476385,6
198000000021,VO,fight,VO|fight,VO,,schematic,38.95277207392197,1
198000000021,VO,fill,VO|fill,VO,,schematic,33.03285420944559,1
198000000021,VO,find,VO|find,VO,,schematic,29.919917864476385,2
198000000021,VO,fold,VO|fold,VO,,schematic,60.78850102669404,3
198000000021,VO,get,VO|get,VO,,schematic,23.985626283367555,19
198000000021,VO,go,VO|go,VO,,schematic,35.95277207392197,1
198000000021,VO,have,VO|have,VO,,schematic,20.8870636550308,9
198000000021,VO,hit,VO|hit,VO,,schematic,23.985626283367555,3
198000000021,VO,hold,VO|hold,VO,,schematic,38.95277207392197,2
198000000021,VO,hurt,VO|hurt,VO,,schematic,23.985626283367555,2
198000000021,VO,kill,VO|kill,VO,,schematic,35.95277207392197,1
198000000021,VO,know,VO|know,VO,,schematic,42.09856262833676,2
198000000021,VO,let,VO|let,VO,,schematic,29.919917864476385,3
198000000021,VO,like,VO|like,VO,,schematic,27.098562628336754,20
198000000021,VO,look,VO|look,VO,,schematic,27.098562628336754,9
198000000021,VO,lose,VO|lose,VO,,schematic,33.03285420944559,1
198000000021,VO,make,VO|make,VO,,schematic,38.95277207392197,1
198000000021,VO,open,VO|open,VO,,schematic,29.919917864476385,1
198000000021,VO,play,VO|play,VO,,schematic,23.985626283367555,5
198000000021,VO,put,VO|put,VO,,schematic,29.919917864476385,3
198000000021,VO,racing,VO|racing,VO,,schematic,23.985626283367555,1
198000000021,VO,scratch,VO|scratch,VO,,schematic,23.985626283367555,2
198000000021,VO,see,VO|see,VO,,schematic,23.985626283367555,17
198000000021,VO,shake,VO|shake,VO,,schematic,35.95277207392197,1
198000000021,VO,shoo,VO|shoo,VO,,schematic,38.95277207392197,1
198000000021,VO,slide,VO|slide,VO,,schematic,35.95277207392197,1
198000000021,VO,squash,VO|squash,VO,,schematic,38.95277207392197,3
198000000021,VO,toodle,VO|toodle,VO,,schematic,35.95277207392197,1
198000000021,VO,turn,VO|turn,VO,,schematic,23.985626283367555,1
198000000021,VO,use,VO|use,VO,,schematic,27.098562628336754,5
198000000021,VO,want,VO|want,VO,,schematic,23.985626283367555,30
198000000021,VO,watch,VO|watch,VO,,schematic,42.09856262833676,1
198000000021,VOL,bring,VOL|bring,VOL,,schematic,27.098562628336754,1
198000000021,VOL,do,VOL|do,VOL,,schematic,33.03285420944559,3
198000000021,VOL,get,VOL|get,VOL,,schematic,23.985626283367555,6
198000000021,VOL,have,VOL|have,VOL,,schematic,38.95277207392197,1
198000000021,VOL,jump,VOL|jump,VOL,,schematic,23.985626283367555,2
198000000021,VOL,knock,VOL|knock,VOL,,schematic,35.95277207392197,1
198000000021,VOL,put,VOL|put,VOL,,schematic,33.03285420944559,5
198000000021,VOL,say,VOL|say,VOL,,schematic,38.95277207392197,1
198000000021,VOL,take,VOL|take,VOL,,schematic,29.919917864476385,2
198000000021,VOL,want,VOL|want,VOL,,schematic,38.95277207392197,2
198000000021,VOL,wear,VOL|wear,VOL,,schematic,29.919917864476385,1
198000000021,VOL-down,jump,VOL-down|jump,VOL,down,prep,23.985626283367555,2
198000000021,VOL-down,knock,VOL-down|knock,VOL,down,prep,35.95277207392197,1
198000000021,VOL-in,bring,VOL-in|bring,VOL,in,prep,27.098562628336754,1
198000000021,VOL-in,get,VOL-in|get,VOL,in,prep,38.95277207392197,2
198000000021,VOL-in,put,VOL-in|put,VOL,in,prep,33.03285420944559,3
198000000021,VOL-off,get,VOL-off|get,VOL,off,prep,23.985626283367555,2
198000000021,VOL-off,take,VOL-off|take,VOL,off,prep,29.919917864476385,2
198000000021,VOL-off,want,VOL-off|want,VOL,off,prep,38.95277207392197,1
198000000021,VOL-on,get,VOL-on|get,VOL,on,prep,33.03285420944559,2
198000000021,VOL-on,have,VOL-on|have,VOL,on,prep,38.95277207392197,1
198000000021,VOL-on,put,VOL-on|put,VOL,on,prep,42.09856262833676,1
198000000021,VOL-over,do,VOL-over|do,VOL,over,prep,38.95277207392197,1
198000000021,VOL-over,put,VOL-over|put,VOL,over,prep,60.78850102669404,1
198000000021,VOL-over,want,VOL-over|want,VOL,over,prep,42.09856262833676,1
198000000021,VOL-to,do,VOL-to|do,VOL,to,prep,33.03285420944559,2
198000000021,VOL-to,say,VOL-to|say,VOL,to,prep,38.95277207392197,1
198000000021,VOL-to,wear,VOL-to|wear,VOL,to,prep,29.919917864476385,1
198000000021,VOO,bring,VOO|bring,VOO,,schematic,33.03285420944559,1
198000000021,VOO,give,VOO|give,VOO,,schematic,27.098562628336754,1
198000000034,VL,come,VL|come,VL,,schematic,29.919917864476385,5
198000000034,VL,do,VL|do,VL,,schematic,39.06570841889117,3
198000000034,VL,fall,VL|fall,VL,,schematic,29.919917864476385,5
198000000034,VL,get,VL|get,VL,,schematic,32.8870636550308,4
198000000034,VL,go,VL|go,VL,,schematic,24.098562628336754,17
198000000034,VL,lay,VL|lay,VL,,schematic,32.8870636550308,2
198000000034,VL,look,VL|look,VL,,schematic,29.919917864476385,3
198000000034,VL,put,VL|put,VL,,schematic,59.06570841889117,1
198000000034,VL,sit,VL|sit,VL,,schematic,21.13141683778234,3
198000000034,VL,splash,VL|splash,VL,,schematic,32.8870636550308,1
198000000034,VL,swing,VL|swing,VL,,schematic,29.919917864476385,1
198000000034,VL,tell,VL|tell,VL,,schematic,59.06570841889117,2
198000000034,VL,turn,VL|turn,VL,,schematic,59.06570841889117,1
198000000034,VL,walk,VL|walk,VL,,schematic,27.06570841889117,1
198000000034,VL,want,VL|want,VL,,schematic,59.06570841889117,1
198000000034,VL-around,swing,VL-around|swing,VL,around,prep,29.919917864476385,1
198000000034,VL-at,look,VL-at|look,VL,at,prep,29.919917864476385,3
198000000034,VL-down,come,VL-down|come,VL,down,prep,59.06570841889117,2
198000000034,VL-down,fall,VL-down|fall,VL,down,prep,29.919917864476385,3
198000000034,VL-down,go,VL-down|go,VL,down,prep,59.06570841889117,2
198000000034,VL-down,sit,VL-down|sit,VL,down,prep,21.13141683778234,1
198000000034,VL-in,come,VL-in|come,VL,in,prep,29.919917864476385,1
198000000034,VL-in,fall,VL-in|fall,VL,in,prep,32.8870636550308,1
198000000034,VL-in,get,VL-in|get,VL,in,prep,32.8870636550308,1
198000000034,VL-in,go,VL-in|go,VL,in,prep,29.919917864476385,4
198000000034,VL-in,lay,VL-in|lay,VL,in,prep,32.8870636550308,2
198000000034,VL-in,put,VL-in|put,VL,in,prep,59.06570841889117,1
198000000034,VL-in,splash,VL-in|splash,VL,in,prep,32.8870636550308,1
198000000034,VL-in,tell,VL-in|tell,VL,in,prep,59.06570841889117,2
198000000034,VL-off,come,VL-off|come,VL,off,prep,29.919917864476385,1
198000000034,VL-off,fall,VL-off|fall,VL,off,prep,39.06570841889117,1
198000000034,VL-off,get,VL-off|get,VL,off,prep,32.8870636550308,2
198000000034,VL-on,come,VL-on|come,VL,on,prep,39.06570841889117,1
198000000034,VL-on,get,VL-on|get,VL,on,prep,32.8870636550308,1
198000000034,VL-on,go,VL-on|go,VL,on,prep,24.098562628336754,7
198000000034,VL-on,sit,VL-on|sit,VL,on,prep,29.919917864476385,2
198000000034,VL-on,walk,VL-on|walk,VL,on,prep,27.06570841889117,1
198000000034,VL-on,want,VL-on|want,VL,on,prep,59.06570841889117,1
198000000034,VL-over,turn,VL-over|turn,VL,over,prep,59.06570841889117,1
198000000034,VL-to,do,VL-to|do,VL,to,prep,39.06570841889117,3
198000000034,VL-to,go,VL-to|go,VL,to,prep,27.06570841889117,4
198000000034,VO,bang,VO|bang,VO,,schematic,21.13141683778234,1
198000000034,VO,bless,VO|bless,VO,,schematic,21.13141683778234,3
198000000034,VO,blow,VO|blow,VO,,schematic,39.06570841889117,2
198000000034,VO,break,VO|break,VO,,schematic,36.29568788501027,2
198000000034,VO,bump,VO|bump,VO,,schematic,39.06570841889117,1
198000000034,VO,buy,VO|buy,VO,,schematic,32.8870636550308,1
198000000034,VO,come,VO|come,VO,,schematic,27.06570841889117,2
198000000034,VO,cut,VO|cut,VO,,schematic,32.8870636550308,3
198000000034,VO,dip,VO|dip,VO,,schematic,39.06570841889117,1
198000000034,VO,do,VO|do,VO,,schematic,27.06570841889117,19
198000000034,VO,drink,VO|drink,VO,,schematic,21.13141683778234,2
198000000034,VO,drop,VO|drop,VO,,schematic,59.06570841889117,6
198000000034,VO,eat,VO|eat,VO,,schematic,29.919917864476385,5
198000000034,VO,fall,VO|fall,VO,,schematic,29.919917864476385,1
198000000034,VO,fetch,VO|fetch,VO,,schematic,39.06570841889117,1
198000000034,VO,find,VO|find,VO,,schematic,27.06570841889117,2
198000000034,VO,fit,VO|fit,VO,,schematic,32.8870636550308,1
198000000034,VO,fly,VO|fly,VO,,schematic,27.06570841889117,1
198000000034,VO,get,VO|get,VO,,schematic,27.06570841889117,55
198000000034,VO,go,VO|go,VO,,schematic,18.098562628336754,14
198000000034,VO,have,VO|have,VO,,schematic,24.098562628336754,26
198000000034,VO,help,VO|help,VO,,schematic,29.919917864476385,2
198000000034,VO,hold,VO|hold,VO,,schematic,32.8870636550308,2
198000000034,VO,hurt,VO|hurt,VO,,schematic,59.06570841889117,2
198000000034,VO,jump,VO|jump,VO,,schematic,24.098562628336754,1
198000000034,VO,kick,VO|kick,VO,,schematic,36.29568788501027,1
198000000034,VO,knee,VO|knee,VO,,schematic,24.098562628336754,1
198000000034,VO,leave,VO|leave,VO,,schematic,32.8870636550308,4
198000000034,VO,let,VO|let,VO,,schematic,24.098562628336754,13
198000000034,VO,like,VO|like,VO,,schematic,24.098562628336754,13
198000000034,VO,look,VO|look,VO,,schematic,24.098562628336754,10
198000000034,VO,lose,VO|lose,VO,,schematic,27.06570841889117,1
198000000034,VO,make,VO|make,VO,,schematic,29.919917864476385,3
198000000034,VO,mend,VO|mend,VO,,schematic,29.919917864476385,1
198000000034,VO,mind,VO|mind,VO,,schematic,27.06570841889117,3
198000000034,VO,move,VO|move,VO,,schematic,29.919917864476385,1
198000000034,VO,open,VO|open,VO,,schematic,39.06570841889117,2
198000000034,VO,ow,VO|ow,VO,,schematic,32.8870636550308,1
198000000034,VO,pedal,VO|pedal,VO,,schematic,36.29568788501027,1
198000000034,VO,pick,VO|pick,VO,,schematic,27.06570841889117,4
198000000034,VO,play,VO|play,VO,,schematic,27.06570841889117,8
198000000034,VO,poke,VO|poke,VO,,schematic,36.29568788501027,1
198000000034,VO,press,VO|press,VO,,schematic,59.06570841889117,1
198000000034,VO,pull,VO|pull,VO,,schematic,29.919917864476385,3
198000000034,VO,push,VO|push,VO,,schematic,29.919917864476385,4
198000000034,VO,put,VO|put,VO,,schematic,29.919917864476385,6
198000000034,VO,read,VO|read,VO,,schematic,24.098562628336754,2
198000000034,VO,roll,VO|roll,VO,,schematic,29.919917864476385,2
198000000034,VO,say,VO|say,VO,,schematic,39.06570841889117,2
198000000034,VO,scratch,VO|scratch,VO,,schematic,59.06570841889117,1
198000000034,VO,see,VO|see,VO,,schematic,18.098562628336754,6
198000000034,VO,set,VO|set,VO,,schematic,39.06570841889117,1
198000000034,VO,shut,VO|shut,VO,,schematic,39.06570841889117,1
198000000034,VO,sing,VO|sing,VO,,schematic,29.919917864476385,1
198000000034,VO,sink,VO|sink,VO,,schematic,21.13141683778234,1
198000000034,VO,smack,VO|smack,VO,,schematic,36.29568788501027,1
198000000034,VO,swim,VO|swim,VO,,schematic,32.8870636550308,1
198000000034,VO,take,VO|take,VO,,schematic,32.8870636550308,2
198000000034,VO,tick,VO|tick,VO,,schematic,21.13141683778234,1
198000000034,VO,touch,VO|touch,VO,,schematic,24.098562628336754,1
198000000034,VO,turn,VO|turn,VO,,schematic,29.919917864476385,1
198000000034,VO,wake,VO|wake,VO,,schematic,32.8870636550308,3
198000000034,VO,want,VO|want,VO,,schematic,18.098562628336754,27
198000000034,VO,wash,VO|wash,VO,,schematic,21.13141683778234,7
198000000034,VO,watch,VO|watch,VO,,schematic,29.919917864476385,2
198000000034,VO,wet,VO|wet,VO,,schematic,39.06570841889117,1
198000000034,VO,whoop,VO|whoop,VO,,schematic,29.919917864476385,1
198000000034,VO,win,VO|win,VO,,schematic,59.06570841889117,2
198000000034,VO,wind,VO|wind,VO,,schematic,39.06570841889117,1
198000000034,VO,wipe,VO|wipe,VO,,schematic,29.919917864476385,3
198000000034,VOL,blow,VOL|blow,VOL,,schematic,39.06570841889117,1
198000000034,VOL,bring,VOL|bring,VOL,,schematic,32.8870636550308,1
198000000034,VOL,do,VOL|do,VOL,,schematic,29.919917864476385,2
198000000034,VOL,fall,VOL|fall,VOL,,schematic,29.919917864476385,1
198000000034,VOL,fetch,VOL|fetch,VOL,,schematic,39.06570841889117,1
198000000034,VOL,find,VOL|find,VOL,,schematic,36.29568788501027,1
198000000034,VOL,get,VOL|get,VOL,,schematic,29.919917864476385,5
198000000034,VOL,go,VOL|go,VOL,,schematic,39.06570841889117,1
198000000034,VOL,have,VOL|have,VOL,,schematic,39.06570841889117,1
198000000034,VOL,keep,VOL|keep,VOL,,schematic,59.06570841889117,1
198000000034,VOL,play,VOL|play,VOL,,schematic,29.919917864476385,1
198000000034,VOL,put,VOL|put,VOL,,schematic,32.8870636550308,8
198000000034,VOL,runn,VOL|runn,VOL,,schematic,36.29568788501027,1
198000000034,VOL,take,VOL|take,VOL,,schematic,27.06570841889117,3
198000000034,VOL,turn,VOL|turn,VOL,,schematic,29.919917864476385,1
198000000034,VOL,want,VOL|want,VOL,,schematic,29.919917864476385,8
198000000034,VOL,wash,VOL|wash,VOL,,schematic,59.06570841889117,1
198000000034,VOL-down,bring,VOL-down|bring,VOL,down,prep,32.8870636550308,1
198000000034,VOL-down,fall,VOL-down|fall,VOL,down,prep,29.919917864476385,1
198000000034,VOL-down,runn,VOL-down|runn,VOL,down,prep,36.29568788501027,1
198000000034,VOL-from,have,VOL-from|have,VOL,from,prep,39.06570841889117,1
198000000034,VOL-in,find,VOL-in|find,VOL,in,prep,36.29568788501027,1
198000000034,VOL-in,put,VOL-in|put,VOL,in,prep,39.06570841889117,1
198000000034,VOL-in,take,VOL-in|take,VOL,in,prep,32.8870636550308,1
198000000034,VOL-in,want,VOL-in|want,VOL,in,prep,36.29568788501027,2
198000000034,VOL-in,wash,VOL-in|wash,VOL,in,prep,59.06570841889117,1
198000000034,VOL-off,get,VOL-off|get,VOL,off,prep,29.919917864476385,3
198000000034,VOL-off,take,VOL-off|take,VOL,off,prep,27.06570841889117,2
198000000034,VOL-off,want,VOL-off|want,VOL,off,prep,36.29568788501027,4
198000000034,VOL-on,blow,VOL-on|blow,VOL,on,prep,39.06570841889117,1
198000000034,VOL-on,do,VOL-on|do,VOL,on,prep,29.919917864476385,2
198000000034,VOL-on,fetch,VOL-on|fetch,VOL,on,prep,39.06570841889117,1
198000000034,VOL-on,get,VOL-on|get,VOL,on,prep,36.29568788501027,2
198000000034,VOL-on,keep,VOL-on|keep,VOL,on,prep,59.06570841889117,1
198000000034,VOL-on,play,VOL-on|play,VOL,on,prep,29.919917864476385,1
198000000034,VOL-on,put,VOL-on|put,VOL,on,prep,32.8870636550308,7
198000000034,VOL-on,turn,VOL-on|turn,VOL,on,prep,29.919917864476385,1
198000000034,VOL-on,want,VOL-on|want,VOL,on,prep,29.919917864476385,2
198000000034,VOL-over,go,VOL-over|go,VOL,over,prep,39.06570841889117,1
198000000034,VOO,do,VOO|do,VOO,,schematic,32.8870636550308,4
198000000034,VOO,get,VOO|get,VOO,,schematic,39.06570841889117,1
198000000034,VOO,give,VOO|give,VOO,,schematic,32.8870636550308,1
198000000034,VOO,leave,VOO|leave,VOO,,schematic,59.06570841889117,1
198000000034,VOO,pick,VOO|pick,VOO,,schematic,27.06570841889117,1
198000000034,VOO,tell,VOO|tell,VOO,,schematic,39.06570841889117,1
198000000044,VL,bang,VL|bang,VL,,schematic,58.19712525667351,1
198000000044,VL,be,VL|be,VL,,schematic,42.13141683778234,1
198000000044,VL,blow,VL|blow,VL,,schematic,58.19712525667351,4
198000000044,VL,choke,VL|choke,VL,,schematic,24.197125256673512,1
198000000044,VL,climb,VL|climb,VL,,schematic,58.19712525667351,1
198000000044,VL,come,VL|come,VL,,schematic,24.197125256673512,22
198000000044,VL,cough,VL|cough,VL,,schematic,32.95277207392197,1
198000000044,VL,crash,VL|crash,VL,,schematic,32.95277207392197,1
198000000044,VL,dive,VL|dive,VL,,schematic,18.06570841889117,1
198000000044,VL,do,VL|do,VL,,schematic,18.06570841889117,1
198000000044,VL,drop,VL|drop,VL,,schematic,36.09856262833676,2
198000000044,VL,empty,VL|empty,VL,,schematic,58.19712525667351,1
198000000044,VL,fall,VL|fall,VL,,schematic,42.13141683778234,2
198000000044,VL,fill,VL|fill,VL,,schematic,24.197125256673512,1
198000000044,VL,get,VL|get,VL,,schematic,18.06570841889117,7
198000000044,VL,give,VL|give,VL,,schematic,39.36139630390144,1
198000000044,VL,go,VL|go,VL,,schematic,18.06570841889117,29
198000000044,VL,hang,VL|hang,VL,,schematic,58.19712525667351,1
198000000044,VL,have,VL|have,VL,,schematic,24.197125256673512,1
198000000044,VL,jump,VL|jump,VL,,schematic,24.197125256673512,1
198000000044,VL,land,VL|land,VL,,schematic,58.19712525667351,1
198000000044,VL,lay,VL|lay,VL,,schematic,32.95277207392197,1
198000000044,VL,lie,VL|lie,VL,,schematic,58.19712525667351,1
198000000044,VL,look,VL|look,VL,,schematic,24.197125256673512,12
198000000044,VL,run,VL|run,VL,,schematic,21.0,2
198000000044,VL,say,VL|say,VL,,schematic,39.36139630390144,2
198000000044,VL,see,VL|see,VL,,schematic,21.0,1
198000000044,VL,shoot,VL|shoot,VL,,schematic,42.13141683778234,1
198000000044,VL,sing,VL|sing,VL,,schematic,24.197125256673512,1
198000000044,VL,sit,VL|sit,VL,,schematic,39.36139630390144,2
198000000044,VL,sleep,VL|sleep,VL,,schematic,42.13141683778234,1
198000000044,VL,stick,VL|stick,VL,,schematic,24.197125256673512,1
198000000044,VL,take,VL|take,VL,,schematic,58.19712525667351,1
198000000044,VL,talk,VL|talk,VL,,schematic,36.09856262833676,2
198000000044,VL-at,cough,VL-at|cough,VL,at,prep,32.95277207392197,1
198000000044,VL-at,look,VL-at|look,VL,at,prep,30.032854209445585,11
198000000044,VL-down,come,VL-down|come,VL,down,prep,24.197125256673512,5
198000000044,VL-down,crash,VL-down|crash,VL,down,prep,32.95277207392197,1
198000000044,VL-down,go,VL-down|go,VL,down,prep,39.36139630390144,5
198000000044,VL-down,lay,VL-down|lay,VL,down,prep,32.95277207392197,1
198000000044,VL-down,lie,VL-down|lie,VL,down,prep,58.19712525667351,1
198000000044,VL-in,be,VL-in|be,VL,in,prep,42.13141683778234,1
198000000044,VL-in,come,VL-in|come,VL,in,prep,36.09856262833676,4
198000000044,VL-in,dive,VL-in|dive,VL,in,prep,18.06570841889117,1
198000000044,VL-in,empty,VL-in|empty,VL,in,prep,58.19712525667351,1
198000000044,VL-in,get,VL-in|get,VL,in,prep,18.06570841889117,3
198000000044,VL-in,give,VL-in|give,VL,in,prep,39.36139630390144,1
198000000044,VL-in,go,VL-in|go,VL,in,prep,30.032854209445585,4
198000000044,VL-in,jump,VL-in|jump,VL,in,prep,24.197125256673512,1
198000000044,VL-in,land,VL-in|land,VL,in,prep,58.19712525667351,1
198000000044,VL-in,look,VL-in|look,VL,in,prep,24.197125256673512,1
198000000044,VL-in,talk,VL-in|talk,VL,in,prep,58.19712525667351,1
198000000044,VL-into,come,VL-into|come,VL,into,prep,58.19712525667351,2
198000000044,VL-off,blow,VL-off|blow,VL,off,prep,58.19712525667351,4
198000000044,VL-off,come,VL-off|come,VL,off,prep,26.854209445585216,1
198000000044,VL-off,drop,VL-off|drop,VL,off,prep,36.09856262833676,2
198000000044,VL-off,fall,VL-off|fall,VL,off,prep,42.13141683778234,2
198000000044,VL-off,get,VL-off|get,VL,off,prep,18.06570841889117,3
198000000044,VL-off,shoot,VL-off|shoot,VL,off,prep,42.13141683778234,1
198000000044,VL-off,take,VL-off|take,VL,off,prep,58.19712525667351,1
198000000044,VL-on,bang,VL-on|bang,VL,on,prep,58.19712525667351,1
198000000044,VL-on,choke,VL-on|choke,VL,on,prep,24.197125256673512,1
198000000044,VL-on,climb,VL-on|climb,VL,on,prep,58.19712525667351,1
198000000044,VL-on,come,VL-on|come,VL,on,prep,26.854209445585216,9
198000000044,VL-on,go,VL-on|go,VL,on,prep,18.06570841889117,13
198000000044,VL-on,hang,VL-on|hang,VL,on,prep,58.19712525667351,1
198000000044,VL-on,have,VL-on|have,VL,on,prep,24.197125256673512,1
198000000044,VL-on,run,VL-on|run,VL,on,prep,21.0,2
198000000044,VL-on,see,VL-on|see,VL,on,prep,21.0,1
198000000044,VL-on,sit,VL-on|sit,VL,on,prep,39.36139630390144,2
198000000044,VL-on,sleep,VL-on|sleep,VL,on,prep,42.13141683778234,1
198000000044,VL-on,stick,VL-on|stick,VL,on,prep,24.197125256673512,1
198000000044,VL-over,come,VL-over|come,VL,over,prep,39.36139630390144,1
198000000044,VL-to,do,VL-to|do,VL,to,prep,18.06570841889117,1
198000000044,VL-to,fill,VL-to|fill,VL,to,prep,24.197125256673512,1
198000000044,VL-to,get,VL-to|get,VL,to,prep,21.0,1
198000000044,VL-to,go,VL-to|go,VL,to,prep,26.854209445585216,7
198000000044,VL-to,say,VL-to|say,VL,to,prep,39.36139630390144,2
198000000044,VL-to,sing,VL-to|sing,VL,to,prep,24.197125256673512,1
198000000044,VL-to,talk,VL-to|talk,VL,to,prep,36.09856262833676,1
198000000044,VO,aim,VO|aim,VO,,schematic,58.19712525667351,1
198000000044,VO,bite,VO|bite,VO,,schematic,32.95277207392197,1
198000000044,VO,blind,VO|blind,VO,,schematic,58.19712525667351,1
198000000044,VO,blow,VO|blow,VO,,schematic,39.36139630390144,6
198000000044,VO,break,VO|break,VO,,schematic,21.0,6
198000000044,VO,bring,VO|bring,VO,,schematic,30.032854209445585,4
198000000044,VO,buy,VO|buy,VO,,schematic,30.032854209445585,1
198000000044,VO,call,VO|call,VO,,schematic,58.19712525667351,1
198000000044,VO,carry,VO|carry,VO,,schematic,36.09856262833676,2
198000000044,VO,catch,VO|catch,VO,,schematic,18.06570841889117,4
198000000044,VO,choppe,VO|choppe,VO,,schematic,58.19712525667351,1
198000000044,VO,chuck,VO|chuck,VO,,schematic,58.19712525667351,1
198000000044,VO,cock,VO|cock,VO,,schematic,26.854209445585216,1
198000000044,VO,come,VO|come,VO,,schematic,26.854209445585216,1
198000000044,VO,count,VO|count,VO,,schematic,24.197125256673512,2
198000000044,VO,cut,VO|cut,VO,,schematic,24.197125256673512,4
198000000044,VO,daddy,VO|daddy,VO,,schematic,18.06570841889117,1
198000000044,VO,din,VO|din,VO,,schematic,32.95277207392197,1
198000000044,VO,do,VO|do,VO,,schematic,18.06570841889117,28
198000000044,VO,drop,VO|drop,VO,,schematic,21.0,5
198000000044,VO,eat,VO|eat,VO,,schematic,21.0,8
198000000044,VO,fill,VO|fill,VO,,schematic,58.19712525667351,1
198000000044,VO,find,VO|find,VO,,schematic,36.09856262833676,2
198000000044,VO,forget,VO|forget,VO,,schematic,32.95277207392197,1
198000000044,VO,get,VO|get,VO,,schematic,18.06570841889117,77
198000000044,VO,give,VO|give,VO,,schematic,26.854209445585216,1
198000000044,VO,go,VO|go,VO,,schematic,18.06570841889117,8
198000000044,VO,have,VO|have,VO,,schematic,18.06570841889117,43
198000000044,VO,hear,VO|hear,VO,,schematic,58.19712525667351,2
198000000044,VO,help,VO|help,VO,,schematic,30.032854209445585,2
198000000044,VO,hit,VO|hit,VO,,schematic,21.0,3
198000000044,VO,hold,VO|hold,VO,,schematic,24.197125256673512,1
198000000044,VO,hurt,VO|hurt,VO,,schematic,30.032854209445585,4
198000000044,VO,keep,VO|keep,VO,,schematic,24.197125256673512,6
198000000044,VO,kill,VO|kill,VO,,schematic,30.032854209445585,7
198000000044,VO,knock,VO|knock,VO,,schematic,24.197125256673512,3
198000000044,VO,know,VO|know,VO,,schematic,21.0,8
198000000044,VO,leave,VO|leave,VO,,schematic,18.06570841889117,14
198000000044,VO,let,VO|let,VO,,schematic,18.06570841889117,29
198000000044,VO,like,VO|like,VO,,schematic,21.0,11
198000000044,VO,line,VO|line,VO,,schematic,21.0,1
198000000044,VO,look,VO|look,VO,,schematic,18.06570841889117,18
198000000044,VO,lose,VO|lose,VO,,schematic,42.13141683778234,1
198000000044,VO,make,VO|make,VO,,schematic,30.032854209445585,8
198000000044,VO,mind,VO|mind,VO,,schematic,30.032854209445585,1
198000000044,VO,move,VO|move,VO,,schematic,42.13141683778234,1
198000000044,VO,mum,VO|mum,VO,,schematic,36.09856262833676,7
198000000044,VO,mummie,VO|mummie,VO,,schematic,36.09856262833676,5
198000000044,VO,open,VO|open,VO,,schematic,39.36139630390144,3
198000000044,VO,outaof,VO|outaof,VO,,schematic,18.06570841889117,1
198000000044,VO,pass,VO|pass,VO,,schematic,26.854209445585216,1
198000000044,VO,pick,VO|pick,VO,,schematic,24.197125256673512,7
198000000044,VO,play,VO|play,VO,,schematic,18.06570841889117,7
198000000044,VO,polish,VO|polish,VO,,schematic,24.197125256673512,2
198000000044,VO,poo,VO|poo,VO,,schematic,24.197125256673512,2
198000000044,VO,pull,VO|pull,VO,,schematic,32.95277207392197,2
198000000044,VO,push,VO|push,VO,,schematic,26.854209445585216,7
198000000044,VO,put,VO|put,VO,,schematic,24.197125256673512,15
198000000044,VO,ride,VO|ride,VO,,schematic,42.13141683778234,2
198000000044,VO,sail,VO|sail,VO,,schematic,42.13141683778234,1
198000000044,VO,sailing,VO|sailing,VO,,schematic,32.95277207392197,1
198000000044,VO,say,VO|say,VO,,schematic,30.032854209445585,7
198000000044,VO,see,VO|see,VO,,schematic,18.06570841889117,11
198000000044,VO,sell,VO|sell,VO,,schematic,58.19712525667351,1
198000000044,VO,set,VO|set,VO,,schematic,42.13141683778234,2
198000000044,VO,shoot,VO|shoot,VO,,schematic,21.0,11
198000000044,VO,shut,VO|shut,VO,,schematic,32.95277207392197,5
198000000044,VO,smash,VO|smash,VO,,schematic,32.95277207392197,1
198000000044,VO,smoke,VO|smoke,VO,,schematic,26.854209445585216,1
198000000044,VO,splash,VO|splash,VO,,schematic,42.13141683778234,1
198000000044,VO,stick,VO|stick,VO,,schematic,32.95277207392197,3
198000000044,VO,stir,VO|stir,VO,,schematic,39.36139630390144,1
198000000044,VO,stop,VO|stop,VO,,schematic,30.032854209445585,4
198000000044,VO,take,VO|take,VO,,schematic,24.197125256673512,14
198000000044,VO,taste,VO|taste,VO,,schematic,58.19712525667351,1
198000000044,VO,thump,VO|thump,VO,,schematic,26.854209445585216,1
198000000044,VO,tick,VO|tick,VO,,schematic,24.197125256673512,21
198000000044,VO,tickle,VO|tickle,VO,,schematic,58.19712525667351,2
198000000044,VO,tip,VO|tip,VO,,schematic,26.854209445585216,2
198000000044,VO,twist,VO|twist,VO,,schematic,58.19712525667351,1
198000000044,VO,wait,VO|wait,VO,,schematic,21.0,1
198000000044,VO,walk,VO|walk,VO,,schematic,36.09856262833676,1
198000000044,VO,want,VO|want,VO,,schematic,18.06570841889117,56
198000000044,VO,wash,VO|wash,VO,,schematic,30.032854209445585,2
198000000044,VO,watch,VO|watch,VO,,schematic,18.06570841889117,4
198000000044,VO,wear,VO|wear,VO,,schematic,58.19712525667351,1
198000000044,VO,wrap,VO|wrap,VO,,schematic,32.95277207392197,2
198000000044,VOL,bash,VOL|bash,VOL,,schematic,42.13141683778234,1
198000000044,VOL,break,VOL|break,VOL,,schematic,39.36139630390144,2
198000000044,VOL,bring,VOL|bring,VOL,,schematic,18.06570841889117,3
198000000044,VOL,choppe,VOL|choppe,VOL,,schematic,58.19712525667351,1
198000000044,VOL,chuck,VOL|chuck,VOL,,schematic,58.19712525667351,1
198000000044,VOL,do,VOL|do,VOL,,schematic,24.197125256673512,3
198000000044,VOL,duck,VOL|duck,VOL,,schematic,42.13141683778234,1
198000000044,VOL,get,VOL|get,VOL,,schematic,18.06570841889117,20
198000000044,VOL,give,VOL|give,VOL,,schematic,21.0,1
198000000044,VOL,have,VOL|have,VOL,,schematic,30.032854209445585,4
198000000044,VOL,hear,VOL|hear,VOL,,schematic,58.19712525667351,2
198000000044,VOL,hit,VOL|hit,VOL,,schematic,26.854209445585216,2
198000000044,VOL,knock,VOL|knock,VOL,,schematic,32.95277207392197,3
198000000044,VOL,leave,VOL|leave,VOL,,schematic,58.19712525667351,1
198000000044,VOL,look,VOL|look,VOL,,schematic,42.13141683778234,1
198000000044,VOL,make,VOL|make,VOL,,schematic,42.13141683778234,1
198000000044,VOL,mummy,VOL|mummy,VOL,,schematic,30.032854209445585,1
198000000044,VOL,push,VOL|push,VOL,,schematic,58.19712525667351,1
198000000044,VOL,put,VOL|put,VOL,,schematic,18.06570841889117,29
198000000044,VOL,shoot,VOL|shoot,VOL,,schematic,58.19712525667351,2
198000000044,VOL,shove,VOL|shove,VOL,,schematic,58.19712525667351,1
198000000044,VOL,smash,VOL|smash,VOL,,schematic,58.19712525667351,1
198000000044,VOL,step,VOL|step,VOL,,schematic,32.95277207392197,3
198000000044,VOL,take,VOL|take,VOL,,schematic,18.06570841889117,4
198000000044,VOL,throw,VOL|throw,VOL,,schematic,58.19712525667351,1
198000000044,VOL,turn,VOL|turn,VOL,,schematic,32.95277207392197,3
198000000044,VOL,want,VOL|want,VOL,,schematic,36.09856262833676,1
198000000044,VOL-down,get,VOL-down|get,VOL,down,prep,36.09856262833676,3
198000000044,VOL-down,knock,VOL-down|knock,VOL,down,prep,32.95277207392197,3
198000000044,VOL-down,put,VOL-down|put,VOL,down,prep,18.06570841889117,6
198000000044,VOL-down,throw,VOL-down|throw,VOL,down,prep,58.19712525667351,1
198000000044,VOL-from,have,VOL-from|have,VOL,from,prep,30.032854209445585,1
198000000044,VOL-in,bash,VOL-in|bash,VOL,in,prep,42.13141683778234,1
198000000044,VOL-in,bring,VOL-in|bring,VOL,in,prep,18.06570841889117,2
198000000044,VOL-in,chuck,VOL-in|chuck,VOL,in,prep,58.19712525667351,1
198000000044,VOL-in,get,VOL-in|get,VOL,in,prep,21.0,5
198000000044,VOL-in,have,VOL-in|have,VOL,in,prep,58.19712525667351,2
198000000044,VOL-in,hit,VOL-in|hit,VOL,in,prep,26.854209445585216,1
198000000044,VOL-in,mummy,VOL-in|mummy,VOL,in,prep,30.032854209445585,1
198000000044,VOL-in,push,VOL-in|push,VOL,in,prep,58.19712525667351,1
198000000044,VOL-in,put,VOL-in|put,VOL,in,prep,21.0,9
198000000044,VOL-in,shoot,VOL-in|shoot,VOL,in,prep,58.19712525667351,1
198000000044,VOL-in,smash,VOL-in|smash,VOL,in,prep,58.19712525667351,1
198000000044,VOL-in,step,VOL-in|step,VOL,in,prep,32.95277207392197,3
198000000044,VOL-in,take,VOL-in|take,VOL,in,prep,18.06570841889117,2
198000000044,VOL-in,want,VOL-in|want,VOL,in,prep,36.09856262833676,1
198000000044,VOL-into,get,VOL-into|get,VOL,into,prep,58.19712525667351,1
198000000044,VOL-into,shoot,VOL-into|shoot,VOL,into,prep,58.19712525667351,1
198000000044,VOL-off,break,VOL-off|break,VOL,off,prep,39.36139630390144,2
198000000044,VOL-off,choppe,VOL-off|choppe,VOL,off,prep,58.19712525667351,1
198000000044,VOL-off,get,VOL-off|get,VOL,off,prep,18.06570841889117,7
198000000044,VOL-off,put,VOL-off|put,VOL,off,prep,18.06570841889117,1
198000000044,VOL-off,take,VOL-off|take,VOL,off,prep,58.19712525667351,1
198000000044,VOL-on,do,VOL-on|do,VOL,on,prep,42.13141683778234,2
198000000044,VOL-on,get,VOL-on|get,VOL,on,prep,42.13141683778234,2
198000000044,VOL-on,have,VOL-on|have,VOL,on,prep,58.19712525667351,1
198000000044,VOL-on,hear,VOL-on|hear,VOL,on,prep,58.19712525667351,2
198000000044,VOL-on,hit,VOL-on|hit,VOL,on,prep,58.19712525667351,1
198000000044,VOL-on,leave,VOL-on|leave,VOL,on,prep,58.19712525667351,1
198000000044,VOL-on,look,VOL-on|look,VOL,on,prep,42.13141683778234,1
198000000044,VOL-on,put,VOL-on|put,VOL,on,prep,21.0,11
198000000044,VOL-on,shove,VOL-on|shove,VOL,on,prep,58.19712525667351,1
198000000044,VOL-on,turn,VOL-on|turn,VOL,on,prep,32.95277207392197,3
198000000044,VOL-over,do,VOL-over|do,VOL,over,prep,24.197125256673512,1
198000000044,VOL-over,get,VOL-over|get,VOL,over,prep,30.032854209445585,2
198000000044,VOL-over,take,VOL-over|take,VOL,over,prep,30.032854209445585,1
198000000044,VOL-to,bring,VOL-to|bring,VOL,to,prep,18.06570841889117,1
198000000044,VOL-to,give,VOL-to|give,VOL,to,prep,21.0,1
198000000044,VOL-to,make,VOL-to|make,VOL,to,prep,42.13141683778234,1
198000000044,VOL-to,put,VOL-to|put,VOL,to,prep,26.854209445585216,2
198000000044,VOL-under,duck,VOL-under|duck,VOL,under,prep,42.13141683778234,1
198000000044,VOO,blow,VOO|blow,VOO,,schematic,39.36139630390144,1
198000000044,VOO,do,VOO|do,VOO,,schematic,58.19712525667351,1
198000000044,VOO,draw,VOO|draw,VOO,,schematic,30.032854209445585,1
198000000044,VOO,get,VOO|get,VOO,,schematic,18.06570841889117,6
198000000044,VOO,give,VOO|give,VOO,,schematic,21.0,11
198000000044,VOO,hit,VOO|hit,VOO,,schematic,32.95277207392197,2
198000000044,VOO,leave,VOO|leave,VOO,,schematic,30.032854209445585,2
198000000044,VOO,pick,VOO|pick,VOO,,schematic,58.19712525667351,1
198000000044,VOO,read,VOO|read,VOO,,schematic,30.032854209445585,1
198000000044,VOO,show,VOO|show,VOO,,schematic,30.032854209445585,1
198000000044,VOO,tell,VOO|tell,VOO,,schematic,26.854209445585216,1
198000000060,VL,come,VL|come,VL,,schematic,23.82135523613963,6
198000000060,VL,do,VL|do,VL,,schematic,42.78850102669404,1
198000000060,VL,dress,VL|dress,VL,,schematic,27.657084188911703,1
198000000060,VL,go,VL|go,VL,,schematic,23.82135523613963,12
198000000060,VL,hold,VL|hold,VL,,schematic,42.29568788501027,1
198000000060,VL,jump,VL|jump,VL,,schematic,23.82135523613963,3
198000000060,VL,knock,VL|knock,VL,,schematic,30.197125256673512,1
198000000060,VL,lay,VL|lay,VL,,schematic,30.197125256673512,1
198000000060,VL,lie,VL|lie,VL,,schematic,27.657084188911703,2
198000000060,VL,look,VL|look,VL,,schematic,42.29568788501027,2
198000000060,VL,paint,VL|paint,VL,,schematic,33.16427104722793,1
198000000060,VL,sit,VL|sit,VL,,schematic,23.95277207392197,4
198000000060,VL,stay,VL|stay,VL,,schematic,42.78850102669404,1
198000000060,VL,talk,VL|talk,VL,,schematic,30.197125256673512,1
198000000060,VL-at,do,VL-at|do,VL,at,prep,42.78850102669404,1
198000000060,VL-at,look,VL-at|look,VL,at,prep,42.78850102669404,1
198000000060,VL-down,lie,VL-down|lie,VL,down,prep,27.657084188911703,2
198000000060,VL-down,look,VL-down|look,VL,down,prep,42.29568788501027,1
198000000060,VL-down,sit,VL-down|sit,VL,down,prep,23.95277207392197,3
198000000060,VL-in,come,VL-in|come,VL,in,prep,30.197125256673512,3
198000000060,VL-in,go,VL-in|go,VL,in,prep,30.197125256673512,5
198000000060,VL-in,stay,VL-in|stay,VL,in,prep,42.78850102669404,1
198000000060,VL-off,dress,VL-off|dress,VL,off,prep,27.657084188911703,1
198000000060,VL-on,come,VL-on|come,VL,on,prep,23.82135523613963,3
198000000060,VL-on,go,VL-on|go,VL,on,prep,23.95277207392197,4
198000000060,VL-on,hold,VL-on|hold,VL,on,prep,42.29568788501027,1
198000000060,VL-on,jump,VL-on|jump,VL,on,prep,23.82135523613963,3
198000000060,VL-on,knock,VL-on|knock,VL,on,prep,30.197125256673512,1
198000000060,VL-on,lay,VL-on|lay,VL,on,prep,30.197125256673512,1
198000000060,VL-on,paint,VL-on|paint,VL,on,prep,33.16427104722793,1
198000000060,VL-on,sit,VL-on|sit,VL,on,prep,39.13141683778234,1
198000000060,VL-to,go,VL-to|go,VL,to,prep,23.82135523613963,3
198000000060,VL-to,talk,VL-to|talk,VL,to,prep,30.197125256673512,1
198000000060,VO,blow,VO|blow,VO,,schematic,33.13141683778234,1
198000000060,VO,break,VO|break,VO,,schematic,39.13141683778234,1
198000000060,VO,bump,VO|bump,VO,,schematic,20.985626283367555,1
198000000060,VO,catch,VO|catch,VO,,schematic,39.13141683778234,1
198000000060,VO,chew,VO|chew,VO,,schematic,23.82135523613963,2
198000000060,VO,clean,VO|clean,VO,,schematic,42.78850102669404,1
198000000060,VO,close,VO|close,VO,,schematic,23.82135523613963,1
198000000060,VO,come,VO|come,VO,,schematic,42.78850102669404,2
198000000060,VO,cut,VO|cut,VO,,schematic,39.13141683778234,1
198000000060,VO,daddy,VO|daddy,VO,,schematic,27.657084188911703,2
198000000060,VO,do,VO|do,VO,,schematic,23.82135523613963,11
198000000060,VO,dolly,VO|dolly,VO,,schematic,27.657084188911703,1
198000000060,VO,eat,VO|eat,VO,,schematic,23.82135523613963,3
198000000060,VO,empty,VO|empty,VO,,schematic,42.78850102669404,1
198000000060,VO,excuse,VO|excuse,VO,,schematic,23.82135523613963,1
198000000060,VO,fit,VO|fit,VO,,schematic,39.13141683778234,1
198000000060,VO,get,VO|get,VO,,schematic,23.82135523613963,37
198000000060,VO,have,VO|have,VO,,schematic,23.82135523613963,9
198000000060,VO,help,VO|help,VO,,schematic,39.13141683778234,5
198000000060,VO,hold,VO|hold,VO,,schematic,42.78850102669404,2
198000000060,VO,hurt,VO|hurt,VO,,schematic,42.78850102669404,2
198000000060,VO,know,VO|know,VO,,schematic,42.78850102669404,1
198000000060,VO,leave,VO|leave,VO,,schematic,42.78850102669404,1
198000000060,VO,let,VO|let,VO,,schematic,39.13141683778234,3
198000000060,VO,lift,VO|lift,VO,,schematic,18.295687885010267,1
198000000060,VO,like,VO|like,VO,,schematic,23.82135523613963,4
198000000060,VO,look,VO|look,VO,,schematic,23.82135523613963,10
198000000060,VO,make,VO|make,VO,,schematic,42.78850102669404,1
198000000060,VO,mend,VO|mend,VO,,schematic,23.82135523613963,1
198000000060,VO,mind,VO|mind,VO,,schematic,47.91991786447639,1
198000000060,VO,oo,VO|oo,VO,,schematic,30.197125256673512,1
198000000060,VO,paint,VO|paint,VO,,schematic,33.16427104722793,3
198000000060,VO,pick,VO|pick,VO,,schematic,23.82135523613963,3
198000000060,VO,play,VO|play,VO,,schematic,42.78850102669404,1
198000000060,VO,put,VO|put,VO,,schematic,23.95277207392197,2
198000000060,VO,read,VO|read,VO,,schematic,27.657084188911703,1
198000000060,VO,roll,VO|roll,VO,,schematic,39.13141683778234,1
198000000060,VO,say,VO|say,VO,,schematic,39.13141683778234,1
198000000060,VO,see,VO|see,VO,,schematic,27.657084188911703,8
198000000060,VO,spin,VO|spin,VO,,schematic,27.657084188911703,1
198000000060,VO,stop,VO|stop,VO,,schematic,42.78850102669404,1
198000000060,VO,swat,VO|swat,VO,,schematic,23.82135523613963,1
198000000060,VO,take,VO|take,VO,,schematic,23.82135523613963,2
198000000060,VO,throw,VO|throw,VO,,schematic,23.82135523613963,3
198000000060,VO,turn,VO|turn,VO,,schematic,30.197125256673512,2
198000000060,VO,want,VO|want,VO,,schematic,23.82135523613963,14
198000000060,VO,wash,VO|wash,VO,,schematic,30.197125256673512,1
198000000060,VO,watch,VO|watch,VO,,schematic,30.197125256673512,2
198000000060,VO,wear,VO|wear,VO,,schematic,39.13141683778234,5
198000000060,VO,wet,VO|wet,VO,,schematic,39.13141683778234,1
198000000060,VOL,get,VOL|get,VOL,,schematic,23.82135523613963,3
198000000060,VOL,give,VOL|give,VOL,,schematic,42.78850102669404,1
198000000060,VOL,knock,VOL|knock,VOL,,schematic,33.16427104722793,2
198000000060,VOL,pass,VOL|pass,VOL,,schematic,27.657084188911703,1
198000000060,VOL,put,VOL|put,VOL,,schematic,42.78850102669404,2
198000000060,VOL,read,VOL|read,VOL,,schematic,42.78850102669404,1
198000000060,VOL,take,VOL|take,VOL,,schematic,39.13141683778234,2
198000000060,VOL,throw,VOL|throw,VOL,,schematic,39.13141683778234,1
198000000060,VOL,turn,VOL|turn,VOL,,schematic,47.91991786447639,1
198000000060,VOL-in,put,VOL-in|put,VOL,in,prep,42.78850102669404,2
198000000060,VOL-off,take,VOL-off|take,VOL,off,prep,39.13141683778234,2
198000000060,VOL-on,get,VOL-on|get,VOL,on,prep,23.82135523613963,3
198000000060,VOL-on,pass,VOL-on|pass,VOL,on,prep,27.657084188911703,1
198000000060,VOL-on,throw,VOL-on|throw,VOL,on,prep,39.13141683778234,1
198000000060,VOL-on,turn,VOL-on|turn,VOL,on,prep,47.91991786447639,1
198000000060,VOL-over,knock,VOL-over|knock,VOL,over,prep,33.16427104722793,2
198000000060,VOL-to,give,VOL-to|give,VOL,to,prep,42.78850102669404,1
198000000060,VOL-to,read,VOL-to|read,VOL,to,prep,42.78850102669404,1
198000000060,VOO,do,VOO|do,VOO,,schematic,38.91991786447639,1
198000000060,VOO,give,VOO|give,VOO,,schematic,23.82135523613963,3
198000000068,VL,come,VL|come,VL,,schematic,23.95277207392197,14
198000000068,VL,do,VL|do,VL,,schematic,32.98562628336756,2
198000000068,VL,fall,VL|fall,VL,,schematic,29.689938398357288,4
198000000068,VL,get,VL|get,VL,,schematic,23.95277207392197,8
198000000068,VL,go,VL|go,VL,,schematic,23.95277207392197,39
198000000068,VL,look,VL|look,VL,,schematic,23.95277207392197,9
198000000068,VL,mean,VL|mean,VL,,schematic,39.13141683778234,1
198000000068,VL,move,VL|move,VL,,schematic,39.13141683778234,1
198000000068,VL,play,VL|play,VL,,schematic,35.91991786447639,2
198000000068,VL,put,VL|put,VL,,schematic,23.95277207392197,1
198000000068,VL,ride,VL|ride,VL,,schematic,35.91991786447639,1
198000000068,VL,sing,VL|sing,VL,,schematic,42.03285420944559,1
198000000068,VL,sit,VL|sit,VL,,schematic,21.0,3
198000000068,VL,slide,VL|slide,VL,,schematic,57.72279260780287,5
198000000068,VL,snap,VL|snap,VL,,schematic,39.13141683778234,1
198000000068,VL,stay,VL|stay,VL,,schematic,21.0,2
198000000068,VL,step,VL|step,VL,,schematic,57.72279260780287,1
198000000068,VL,stick,VL|stick,VL,,schematic,42.03285420944559,1
198000000068,VL,stop,VL|stop,VL,,schematic,23.95277207392197,1
198000000068,VL,take,VL|take,VL,,schematic,35.91991786447639,1
198000000068,VL,tell,VL|tell,VL,,schematic,23.95277207392197,3
198000000068,VL,tickle,VL|tickle,VL,,schematic,42.03285420944559,1
198000000068,VL-about,tell,VL-about|tell,VL,about,prep,42.03285420944559,2
198000000068,VL-across,go,VL-across|go,VL,across,prep,35.91991786447639,1
198000000068,VL-at,go,VL-at|go,VL,at,prep,29.689938398357288,1
198000000068,VL-at,look,VL-at|look,VL,at,prep,23.95277207392197,9
198000000068,VL-down,come,VL-down|come,VL,down,prep,23.95277207392197,2
198000000068,VL-down,do,VL-down|do,VL,down,prep,32.98562628336756,2
198000000068,VL-down,fall,VL-down|fall,VL,down,prep,29.689938398357288,3
198000000068,VL-down,go,VL-down|go,VL,down,prep,23.95277207392197,5
198000000068,VL-down,slide,VL-down|slide,VL,down,prep,57.72279260780287,5
198000000068,VL-down,stay,VL-down|stay,VL,down,prep,35.91991786447639,1
198000000068,VL-in,come,VL-in|come,VL,in,prep,26.689938398357288,1
198000000068,VL-in,get,VL-in|get,VL,in,prep,29.689938398357288,1
198000000068,VL-in,go,VL-in|go,VL,in,prep,23.95277207392197,4
198000000068,VL-in,sit,VL-in|sit,VL,in,prep,21.0,1
198000000068,VL-in,stay,VL-in|stay,VL,in,prep,21.0,1
198000000068,VL-into,go,VL-into|go,VL,into,prep,32.98562628336756,1
198000000068,VL-off,come,VL-off|come,VL,off,prep,39.13141683778234,1
198000000068,VL-off,fall,VL-off|fall,VL,off,prep,42.03285420944559,1
198000000068,VL-off,get,VL-off|get,VL,off,prep,23.95277207392197,6
198000000068,VL-off,snap,VL-off|snap,VL,off,prep,39.13141683778234,1
198000000068,VL-on,come,VL-on|come,VL,on,prep,23.95277207392197,10
198000000068,VL-on,get,VL-on|get,VL,on,prep,29.689938398357288,1
198000000068,VL-on,go,VL-on|go,VL,on,prep,26.689938398357288,11
198000000068,VL-on,mean,VL-on|mean,VL,on,prep,39.13141683778234,1
198000000068,VL-on,move,VL-on|move,VL,on,prep,39.13141683778234,1
198000000068,VL-on,play,VL-on|play,VL,on,prep,35.91991786447639,2
198000000068,VL-on,put,VL-on|put,VL,on,prep,23.95277207392197,1
198000000068,VL-on,ride,VL-on|ride,VL,on,prep,35.91991786447639,1
198000000068,VL-on,sing,VL-on|sing,VL,on,prep,42.03285420944559,1
198000000068,VL-on,sit,VL-on|sit,VL,on,prep,39.13141683778234,2
198000000068,VL-on,step,VL-on|step,VL,on,prep,57.72279260780287,1
198000000068,VL-on,stick,VL-on|stick,VL,on,prep,42.03285420944559,1
198000000068,VL-on,stop,VL-on|stop,VL,on,prep,23.95277207392197,1
198000000068,VL-on,take,VL-on|take,VL,on,prep,35.91991786447639,1
198000000068,VL-to,go,VL-to|go,VL,to,prep,23.95277207392197,16
198000000068,VL-to,tell,VL-to|tell,VL,to,prep,23.95277207392197,1
198000000068,VL-under,tickle,VL-under|tickle,VL,under,prep,42.03285420944559,1
198000000068,VO,ask,VO|ask,VO,,schematic,42.03285420944559,1
198000000068,VO,baby,VO|baby,VO,,schematic,35.91991786447639,1
198000000068,VO,bashing,VO|bashing,VO,,schematic,26.689938398357288,1
198000000068,VO,beat,VO|beat,VO,,schematic,26.689938398357288,2
198000000068,VO,boo,VO|boo,VO,,schematic,32.98562628336756,1
198000000068,VO,break,VO|break,VO,,schematic,23.95277207392197,3
198000000068,VO,bring,VO|bring,VO,,schematic,32.98562628336756,4
198000000068,VO,buy,VO|buy,VO,,schematic,21.0,8
198000000068,VO,call,VO|call,VO,,schematic,29.689938398357288,3
198000000068,VO,catch,VO|catch,VO,,schematic,57.72279260780287,2
198000000068,VO,chew,VO|chew,VO,,schematic,57.72279260780287,1
198000000068,VO,chill,VO|chill,VO,,schematic,29.689938398357288,1
198000000068,VO,come,VO|come,VO,,schematic,29.689938398357288,2
198000000068,VO,cook,VO|cook,VO,,schematic,39.13141683778234,1
198000000068,VO,cuddle,VO|cuddle,VO,,schematic,42.03285420944559,1
198000000068,VO,cup,VO|cup,VO,,schematic,29.689938398357288,1
198000000068,VO,cut,VO|cut,VO,,schematic,26.689938398357288,1
198000000068,VO,dig,VO|dig,VO,,schematic,42.03285420944559,2
198000000068,VO,do,VO|do,VO,,schematic,21.0,49
198000000068,VO,drink,VO|drink,VO,,schematic,29.689938398357288,2
198000000068,VO,drop,VO|drop,VO,,schematic,39.13141683778234,1
198000000068,VO,eat,VO|eat,VO,,schematic,42.03285420944559,9
198000000068,VO,excuse,VO|excuse,VO,,schematic,57.72279260780287,1
198000000068,VO,fetch,VO|fetch,VO,,schematic,42.03285420944559,1
198000000068,VO,find,VO|find,VO,,schematic,23.95277207392197,4
198000000068,VO,fix,VO|fix,VO,,schematic,23.95277207392197,1
198000000068,VO,get,VO|get,VO,,schematic,21.0,49
198000000068,VO,give,VO|give,VO,,schematic,23.95277207392197,2
198000000068,VO,go,VO|go,VO,,schematic,21.0,14
198000000068,VO,grab,VO|grab,VO,,schematic,57.72279260780287,1
198000000068,VO,have,VO|have,VO,,schematic,23.95277207392197,43
198000000068,VO,hold,VO|hold,VO,,schematic,26.689938398357288,1
198000000068,VO,hum,VO|hum,VO,,schematic,26.689938398357288,1
198000000068,VO,hurt,VO|hurt,VO,,schematic,29.689938398357288,1
198000000068,VO,keep,VO|keep,VO,,schematic,35.91991786447639,2
198000000068,VO,kill,VO|kill,VO,,schematic,26.689938398357288,2
198000000068,VO,kiss,VO|kiss,VO,,schematic,23.95277207392197,2
198000000068,VO,know,VO|know,VO,,schematic,32.98562628336756,5
198000000068,VO,leave,VO|leave,VO,,schematic,23.95277207392197,10
198000000068,VO,let,VO|let,VO,,schematic,23.95277207392197,21
198000000068,VO,like,VO|like,VO,,schematic,29.689938398357288,12
198000000068,VO,look,VO|look,VO,,schematic,21.0,9
198000000068,VO,make,VO|make,VO,,schematic,23.95277207392197,8
198000000068,VO,mean,VO|mean,VO,,schematic,57.72279260780287,1
198000000068,VO,mend,VO|mend,VO,,schematic,42.03285420944559,1
198000000068,VO,mind,VO|mind,VO,,schematic,57.72279260780287,1
198000000068,VO,move,VO|move,VO,,schematic,39.13141683778234,1
198000000068,VO,mum,VO|mum,VO,,schematic,29.689938398357288,1
198000000068,VO,mummie,VO|mummie,VO,,schematic,42.03285420944559,1
198000000068,VO,open,VO|open,VO,,schematic,26.689938398357288,3
198000000068,VO,pick,VO|pick,VO,,schematic,26.689938398357288,1
198000000068,VO,play,VO|play,VO,,schematic,35.91991786447639,1
198000000068,VO,pop,VO|pop,VO,,schematic,35.91991786447639,6
198000000068,VO,pull,VO|pull,VO,,schematic,39.13141683778234,1
198000000068,VO,put,VO|put,VO,,schematic,35.91991786447639,10
198000000068,VO,ride,VO|ride,VO,,schematic,23.95277207392197,1
198000000068,VO,say,VO|say,VO,,schematic,42.03285420944559,2
198000000068,VO,see,VO|see,VO,,schematic,21.0,9
198000000068,VO,send,VO|send,VO,,schematic,23.95277207392197,1
198000000068,VO,shut,VO|shut,VO,,schematic,42.03285420944559,2
198000000068,VO,smack,VO|smack,VO,,schematic,39.13141683778234,2
198000000068,VO,start,VO|start,VO,,schematic,23.95277207392197,1
198000000068,VO,stop,VO|stop,VO,,schematic,23.95277207392197,4
198000000068,VO,take,VO|take,VO,,schematic,42.03285420944559,3
198000000068,VO,tell,VO|tell,VO,,schematic,26.689938398357288,1
198000000068,VO,think,VO|think,VO,,schematic,32.98562628336756,1
198000000068,VO,throw,VO|throw,VO,,schematic,42.03285420944559,1
198000000068,VO,tickle,VO|tickle,VO,,schematic,35.91991786447639,3
198000000068,VO,wake,VO|wake,VO,,schematic,42.03285420944559,2
198000000068,VO,want,VO|want,VO,,schematic,21.0,36
198000000068,VO,wash,VO|wash,VO,,schematic,21.0,1
198000000068,VO,watch,VO|watch,VO,,schematic,35.91991786447639,2
198000000068,VO,wear,VO|wear,VO,,schematic,57.72279260780287,1
198000000068,VO,whack,VO|whack,VO,,schematic,42.03285420944559,1
198000000068,VO,woe,VO|woe,VO,,schematic,32.98562628336756,1
198000000068,VOL,bite,VOL|bite,VOL,,schematic,29.689938398357288,1
198000000068,VOL,break,VOL|break,VOL,,schematic,42.03285420944559,1
198000000068,VOL,bring,VOL|bring,VOL,,schematic,57.72279260780287,1
198000000068,VOL,cook,VOL|cook,VOL,,schematic,39.13141683778234,1
198000000068,VOL,cover,VOL|cover,VOL,,schematic,32.98562628336756,1
198000000068,VOL,cut,VOL|cut,VOL,,schematic,26.689938398357288,3
198000000068,VOL,do,VOL|do,VOL,,schematic,42.03285420944559,1
198000000068,VOL,get,VOL|get,VOL,,schematic,23.95277207392197,4
198000000068,VOL,give,VOL|give,VOL,,schematic,23.95277207392197,2
198000000068,VOL,go,VOL|go,VOL,,schematic,21.0,1
198000000068,VOL,knock,VOL|knock,VOL,,schematic,57.72279260780287,1
198000000068,VOL,leave,VOL|leave,VOL,,schematic,39.13141683778234,1
198000000068,VOL,like,VOL|like,VOL,,schematic,57.72279260780287,2
198000000068,VOL,march,VOL|march,VOL,,schematic,42.03285420944559,2
198000000068,VOL,put,VOL|put,VOL,,schematic,21.0,17
198000000068,VOL,rub,VOL|rub,VOL,,schematic,57.72279260780287,2
198000000068,VOL,take,VOL|take,VOL,,schematic,57.72279260780287,5
198000000068,VOL,want,VOL|want,VOL,,schematic,35.91991786447639,2
198000000068,VOL-down,bring,VOL-down|bring,VOL,down,prep,57.72279260780287,1
198000000068,VOL-down,cover,VOL-down|cover,VOL,down,prep,32.98562628336756,1
198000000068,VOL-down,give,VOL-down|give,VOL,down,prep,23.95277207392197,1
198000000068,VOL-down,march,VOL-down|march,VOL,down,prep,42.03285420944559,1
198000000068,VOL-in,get,VOL-in|get,VOL,in,prep,23.95277207392197,3
198000000068,VOL-in,leave,VOL-in|leave,VOL,in,prep,39.13141683778234,1
198000000068,VOL-in,put,VOL-in|put,VOL,in,prep,21.0,6
198000000068,VOL-in,rub,VOL-in|rub,VOL,in,prep,57.72279260780287,2
198000000068,VOL-in,want,VOL-in|want,VOL,in,prep,35.91991786447639,1
198000000068,VOL-off,bite,VOL-off|bite,VOL,off,prep,29.689938398357288,1
198000000068,VOL-off,break,VOL-off|break,VOL,off,prep,42.03285420944559,1
198000000068,VOL-off,cook,VOL-off|cook,VOL,off,prep,39.13141683778234,1
198000000068,VOL-off,cut,VOL-off|cut,VOL,off,prep,26.689938398357288,3
198000000068,VOL-off,take,VOL-off|take,VOL,off,prep,57.72279260780287,5
198000000068,VOL-on,get,VOL-on|get,VOL,on,prep,26.689938398357288,1
198000000068,VOL-on,go,VOL-on|go,VOL,on,prep,21.0,1
198000000068,VOL-on,like,VOL-on|like,VOL,on,prep,57.72279260780287,2
198000000068,VOL-on,put,VOL-on|put,VOL,on,prep,26.689938398357288,11
198000000068,VOL-on,want,VOL-on|want,VOL,on,prep,57.72279260780287,1
198000000068,VOL-over,knock,VOL-over|knock,VOL,over,prep,57.72279260780287,1
198000000068,VOL-to,do,VOL-to|do,VOL,to,prep,42.03285420944559,1
198000000068,VOL-to,give,VOL-to|give,VOL,to,prep,35.91991786447639,1
198000000068,VOL-to,march,VOL-to|march,VOL,to,prep,42.03285420944559,1
198000000068,VOO,buy,VOO|buy,VOO,,schematic,35.91991786447639,3
198000000068,VOO,cut,VOO|cut,VOO,,schematic,57.72279260780287,1
198000000068,VOO,do,VOO|do,VOO,,schematic,35.91991786447639,2
198000000068,VOO,find,VOO|find,VOO,,schematic,23.95277207392197,1
198000000068,VOO,get,VOO|get,VOO,,schematic,29.689938398357288,5
198000000068,VOO,give,VOO|give,VOO,,schematic,23.95277207392197,6
198000000068,VOO,leave,VOO|leave,VOO,,schematic,32.98562628336756,3
198000000068,VOO,make,VOO|make,VOO,,schematic,57.72279260780287,1
198000000095,VL,break,VL|break,VL,,schematic,32.91991786447639,2
198000000095,VL,come,VL|come,VL,,schematic,26.95277207392197,7
198000000095,VL,dry,VL|dry,VL,,schematic,36.13141683778234,1
198000000095,VL,fall,VL|fall,VL,,schematic,30.197125256673512,1
198000000095,VL,fit,VL|fit,VL,,schematic,38.98562628336756,1
198000000095,VL,fly,VL|fly,VL,,schematic,36.13141683778234,1
198000000095,VL,get,VL|get,VL,,schematic,24.06570841889117,12
198000000095,VL,go,VL|go,VL,,schematic,20.75564681724846,27
198000000095,VL,jump,VL|jump,VL,,schematic,38.98562628336756,1
198000000095,VL,know,VL|know,VL,,schematic,42.16427104722793,1
198000000095,VL,lie,VL|lie,VL,,schematic,26.95277207392197,2
198000000095,VL,look,VL|look,VL,,schematic,30.197125256673512,12
198000000095,VL,play,VL|play,VL,,schematic,38.98562628336756,1
198000000095,VL,run,VL|run,VL,,schematic,36.13141683778234,1
198000000095,VL,say,VL|say,VL,,schematic,32.91991786447639,1
198000000095,VL,sit,VL|sit,VL,,schematic,42.16427104722793,6
198000000095,VL,slide,VL|slide,VL,,schematic,36.13141683778234,1
198000000095,VL,step,VL|step,VL,,schematic,36.13141683778234,2
198000000095,VL,take,VL|take,VL,,schematic,36.13141683778234,2
198000000095,VL,turn,VL|turn,VL,,schematic,30.197125256673512,1
198000000095,VL,wait,VL|wait,VL,,schematic,32.91991786447639,1
198000000095,VL,want,VL|want,VL,,schematic,26.95277207392197,2
198000000095,VL,work,VL|work,VL,,schematic,42.16427104722793,1
198000000095,VL-about,break,VL-about|break,VL,about,prep,32.91991786447639,1
198000000095,VL-about,know,VL-about|know,VL,about,prep,42.16427104722793,1
198000000095,VL-at,look,VL-at|look,VL,at,prep,30.197125256673512,12
198000000095,VL-down,fall,VL-down|fall,VL,down,prep,30.197125256673512,1
198000000095,VL-down,fly,VL-down|fly,VL,down,prep,36.13141683778234,1
198000000095,VL-down,get,VL-down|get,VL,down,prep,36.13141683778234,1
198000000095,VL-down,go,VL-down|go,VL,down,prep,20.75564681724846,5
198000000095,VL-down,run,VL-down|run,VL,down,prep,36.13141683778234,1
198000000095,VL-down,slide,VL-down|slide,VL,down,prep,36.13141683778234,1
198000000095,VL-from,go,VL-from|go,VL,from,prep,30.197125256673512,1
198000000095,VL-in,come,VL-in|come,VL,in,prep,30.197125256673512,2
198000000095,VL-in,fit,VL-in|fit,VL,in,prep,38.98562628336756,1
198000000095,VL-in,get,VL-in|get,VL,in,prep,30.197125256673512,1
198000000095,VL-in,go,VL-in|go,VL,in,prep,42.16427104722793,2
198000000095,VL-in,play,VL-in|play,VL,in,prep,38.98562628336756,1
198000000095,VL-in,sit,VL-in|sit,VL,in,prep,60.09856262833676,4
198000000095,VL-in,step,VL-in|step,VL,in,prep,36.13141683778234,1
198000000095,VL-in,wait,VL-in|wait,VL,in,prep,32.91991786447639,1
198000000095,VL-into,break,VL-into|break,VL,into,prep,36.13141683778234,1
198000000095,VL-into,get,VL-into|get,VL,into,prep,36.13141683778234,1
198000000095,VL-into,go,VL-into|go,VL,into,prep,26.95277207392197,1
198000000095,VL-off,come,VL-off|come,VL,off,prep,30.197125256673512,1
198000000095,VL-off,dry,VL-off|dry,VL,off,prep,36.13141683778234,1
198000000095,VL-off,get,VL-off|get,VL,off,prep,24.06570841889117,5
198000000095,VL-off,take,VL-off|take,VL,off,prep,36.13141683778234,2
198000000095,VL-on,come,VL-on|come,VL,on,prep,26.95277207392197,3
198000000095,VL-on,go,VL-on|go,VL,on,prep,30.197125256673512,5
198000000095,VL-on,lie,VL-on|lie,VL,on,prep,26.95277207392197,2
198000000095,VL-on,say,VL-on|say,VL,on,prep,32.91991786447639,1
198000000095,VL-on,sit,VL-on|sit,VL,on,prep,42.16427104722793,2
198000000095,VL-on,step,VL-on|step,VL,on,prep,38.98562628336756,1
198000000095,VL-on,work,VL-on|work,VL,on,prep,42.16427104722793,1
198000000095,VL-over,get,VL-over|get,VL,over,prep,32.91991786447639,1
198000000095,VL-over,jump,VL-over|jump,VL,over,prep,38.98562628336756,1
198000000095,VL-over,turn,VL-over|turn,VL,over,prep,30.197125256673512,1
198000000095,VL-to,come,VL-to|come,VL,to,prep,30.197125256673512,1
198000000095,VL-to,get,VL-to|get,VL,to,prep,42.16427104722793,3
198000000095,VL-to,go,VL-to|go,VL,to,prep,24.06570841889117,13
198000000095,VL-to,want,VL-to|want,VL,to,prep,26.95277207392197,2
198000000095,VO,bite,VO|bite,VO,,schematic,26.95277207392197,14
198000000095,VO,break,VO|break,VO,,schematic,30.197125256673512,4
198000000095,VO,carry,VO|carry,VO,,schematic,30.197125256673512,2
198000000095,VO,change,VO|change,VO,,schematic,36.13141683778234,1
198000000095,VO,chase,VO|chase,VO,,schematic,38.98562628336756,1
198000000095,VO,clean,VO|clean,VO,,schematic,36.13141683778234,1
198000000095,VO,clear,VO|clear,VO,,schematic,26.95277207392197,1
198000000095,VO,collect,VO|collect,VO,,schematic,30.197125256673512,1
198000000095,VO,color,VO|color,VO,,schematic,30.197125256673512,1
198000000095,VO,come,VO|come,VO,,schematic,26.95277207392197,2
198000000095,VO,count,VO|count,VO,,schematic,60.09856262833676,1
198000000095,VO,do,VO|do,VO,,schematic,20.75564681724846,25
198000000095,VO,dry,VO|dry,VO,,schematic,38.98562628336756,1
198000000095,VO,eat,VO|eat,VO,,schematic,20.75564681724846,2
198000000095,VO,excuse,VO|excuse,VO,,schematic,26.95277207392197,1
198000000095,VO,feed,VO|feed,VO,,schematic,26.95277207392197,1
198000000095,VO,fetch,VO|fetch,VO,,schematic,30.197125256673512,1
198000000095,VO,find,VO|find,VO,,schematic,26.95277207392197,5
198000000095,VO,finish,VO|finish,VO,,schematic,32.91991786447639,1
198000000095,VO,fix,VO|fix,VO,,schematic,42.16427104722793,2
198000000095,VO,get,VO|get,VO,,schematic,20.75564681724846,38
198000000095,VO,give,VO|give,VO,,schematic,26.95277207392197,1
198000000095,VO,go,VO|go,VO,,schematic,24.06570841889117,8
198000000095,VO,hang,VO|hang,VO,,schematic,30.197125256673512,1
198000000095,VO,have,VO|have,VO,,schematic,20.75564681724846,23
198000000095,VO,hear,VO|hear,VO,,schematic,26.95277207392197,1
198000000095,VO,help,VO|help,VO,,schematic,20.75564681724846,4
198000000095,VO,hit,VO|hit,VO,,schematic,24.06570841889117,1
198000000095,VO,hurt,VO|hurt,VO,,schematic,32.91991786447639,3
198000000095,VO,keep,VO|keep,VO,,schematic,30.197125256673512,5
198000000095,VO,kick,VO|kick,VO,,schematic,38.98562628336756,1
198000000095,VO,kill,VO|kill,VO,,schematic,38.98562628336756,1
198000000095,VO,know,VO|know,VO,,schematic,24.06570841889117,3
198000000095,VO,leave,VO|leave,VO,,schematic,30.197125256673512,5
198000000095,VO,lend,VO|lend,VO,,schematic,30.197125256673512,1
198000000095,VO,let,VO|let,VO,,schematic,26.95277207392197,7
198000000095,VO,lift,VO|lift,VO,,schematic,30.197125256673512,2
198000000095,VO,like,VO|like,VO,,schematic,20.75564681724846,7
198000000095,VO,listen,VO|listen,VO,,schematic,30.197125256673512,2
198000000095,VO,look,VO|look,VO,,schematic,20.75564681724846,5
198000000095,VO,lose,VO|lose,VO,,schematic,38.98562628336756,1
198000000095,VO,lotsof,VO|lotsof,VO,,schematic,32.91991786447639,1
198000000095,VO,love,VO|love,VO,,schematic,26.95277207392197,1
198000000095,VO,make,VO|make,VO,,schematic,32.91991786447639,2
198000000095,VO,manage,VO|manage,VO,,schematic,30.197125256673512,1
198000000095,VO,measure,VO|measure,VO,,schematic,26.95277207392197,1
198000000095,VO,need,VO|need,VO,,schematic,30.197125256673512,1
198000000095,VO,open,VO|open,VO,,schematic,30.197125256673512,3
198000000095,VO,play,VO|play,VO,,schematic,24.06570841889117,4
198000000095,VO,pudd,VO|pudd,VO,,schematic,36.13141683778234,1
198000000095,VO,put,VO|put,VO,,schematic,20.75564681724846,6
198000000095,VO,reach,VO|reach,VO,,schematic,60.09856262833676,1
198000000095,VO,read,VO|read,VO,,schematic,26.95277207392197,3
198000000095,VO,ride,VO|ride,VO,,schematic,36.13141683778234,2
198000000095,VO,run,VO|run,VO,,schematic,30.197125256673512,1
198000000095,VO,save,VO|save,VO,,schematic,60.09856262833676,1
198000000095,VO,say,VO|say,VO,,schematic,24.06570841889117,13
198000000095,VO,see,VO|see,VO,,schematic,20.75564681724846,10
198000000095,VO,send,VO|send,VO,,schematic,36.13141683778234,1
198000000095,VO,shed,VO|shed,VO,,schematic,32.91991786447639,1
198000000095,VO,shoot,VO|shoot,VO,,schematic,36.13141683778234,1
198000000095,VO,shut,VO|shut,VO,,schematic,26.95277207392197,4
198000000095,VO,sing,VO|sing,VO,,schematic,26.95277207392197,1
198000000095,VO,spread,VO|spread,VO,,schematic,36.13141683778234,1
198000000095,VO,stick,VO|stick,VO,,schematic,20.75564681724846,1
198000000095,VO,stirr,VO|stirr,VO,,schematic,42.16427104722793,1
198000000095,VO,stop,VO|stop,VO,,schematic,20.75564681724846,4
198000000095,VO,stroke,VO|stroke,VO,,schematic,36.13141683778234,1
198000000095,VO,take,VO|take,VO,,schematic,20.75564681724846,6
198000000095,VO,throw,VO|throw,VO,,schematic,24.06570841889117,1
198000000095,VO,tickle,VO|tickle,VO,,schematic,42.16427104722793,5
198000000095,VO,touch,VO|touch,VO,,schematic,26.95277207392197,3
198000000095,VO,twinkle,VO|twinkle,VO,,schematic,32.91991786447639,1
198000000095,VO,undo,VO|undo,VO,,schematic,38.98562628336756,4
198000000095,VO,use,VO|use,VO,,schematic,20.75564681724846,1
198000000095,VO,want,VO|want,VO,,schematic,20.75564681724846,35
198000000095,VO,watch,VO|watch,VO,,schematic,36.13141683778234,1
198000000095,VO,wipe,VO|wipe,VO,,schematic,26.95277207392197,1
198000000095,VO,work,VO|work,VO,,schematic,30.197125256673512,1
198000000095,VOL,buy,VOL|buy,VOL,,schematic,26.95277207392197,1
198000000095,VOL,cut,VOL|cut,VOL,,schematic,36.13141683778234,1
198000000095,VOL,do,VOL|do,VOL,,schematic,36.13141683778234,2
198000000095,VOL,fit,VOL|fit,VOL,,schematic,24.06570841889117,1
198000000095,VOL,get,VOL|get,VOL,,schematic,30.197125256673512,7
198000000095,VOL,have,VOL|have,VOL,,schematic,26.95277207392197,1
198000000095,VOL,hit,VOL|hit,VOL,,schematic,32.91991786447639,1
198000000095,VOL,let,VOL|let,VOL,,schematic,38.98562628336756,1
198000000095,VOL,need,VOL|need,VOL,,schematic,20.75564681724846,1
198000000095,VOL,put,VOL|put,VOL,,schematic,20.75564681724846,12
198000000095,VOL,read,VOL|read,VOL,,schematic,26.95277207392197,3
198000000095,VOL,shoot,VOL|shoot,VOL,,schematic,36.13141683778234,1
198000000095,VOL,stir,VOL|stir,VOL,,schematic,42.16427104722793,1
198000000095,VOL,take,VOL|take,VOL,,schematic,26.95277207392197,10
198000000095,VOL,tickle,VOL|tickle,VOL,,schematic,42.16427104722793,1
198000000095,VOL,tip,VOL|tip,VOL,,schematic,38.98562628336756,1
198000000095,VOL,want,VOL|want,VOL,,schematic,20.75564681724846,3
198000000095,VOL-behind,put,VOL-behind|put,VOL,behind,prep,38.98562628336756,1
198000000095,VOL-down,get,VOL-down|get,VOL,down,prep,30.197125256673512,1
198000000095,VOL-down,put,VOL-down|put,VOL,down,prep,38.98562628336756,2
198000000095,VOL-down,tip,VOL-down|tip,VOL,down,prep,38.98562628336756,1
198000000095,VOL-from,buy,VOL-from|buy,VOL,from,prep,26.95277207392197,1
198000000095,VOL-from,do,VOL-from|do,VOL,from,prep,36.13141683778234,1
198000000095,VOL-in,cut,VOL-in|cut,VOL,in,prep,36.13141683778234,1
198000000095,VOL-in,fit,VOL-in|fit,VOL,in,prep,24.06570841889117,1
198000000095,VOL-in,get,VOL-in|get,VOL,in,prep,36.13141683778234,1
198000000095,VOL-in,need,VOL-in|need,VOL,in,prep,20.75564681724846,1
198000000095,VOL-in,put,VOL-in|put,VOL,in,prep,20.75564681724846,1
198000000095,VOL-in,shoot,VOL-in|shoot,VOL,in,prep,36.13141683778234,1
198000000095,VOL-in,stir,VOL-in|stir,VOL,in,prep,42.16427104722793,1
198000000095,VOL-in,take,VOL-in|take,VOL,in,prep,30.197125256673512,1
198000000095,VOL-in,want,VOL-in|want,VOL,in,prep,20.75564681724846,2
198000000095,VOL-off,get,VOL-off|get,VOL,off,prep,30.197125256673512,3
198000000095,VOL-off,take,VOL-off|take,VOL,off,prep,26.95277207392197,8
198000000095,VOL-on,do,VOL-on|do,VOL,on,prep,38.98562628336756,1
198000000095,VOL-on,get,VOL-on|get,VOL,on,prep,30.197125256673512,2
198000000095,VOL-on,have,VOL-on|have,VOL,on,prep,26.95277207392197,1
198000000095,VOL-on,hit,VOL-on|hit,VOL,on,prep,32.91991786447639,1
198000000095,VOL-on,let,VOL-on|let,VOL,on,prep,38.98562628336756,1
198000000095,VOL-on,put,VOL-on|put,VOL,on,prep,30.197125256673512,8
198000000095,VOL-on,tickle,VOL-on|tickle,VOL,on,prep,42.16427104722793,1
198000000095,VOL-on,want,VOL-on|want,VOL,on,prep,36.13141683778234,1
198000000095,VOL-to,read,VOL-to|read,VOL,to,prep,26.95277207392197,3
198000000095,VOL-to,take,VOL-to|take,VOL,to,prep,32.91991786447639,1
198000000095,VOO,cut,VOO|cut,VOO,,schematic,36.13141683778234,1
198000000095,VOO,do,VOO|do,VOO,,schematic,38.98562628336756,1
198000000095,VOO,get,VOO|get,VOO,,schematic,36.13141683778234,1
198000000095,VOO,give,VOO|give,VOO,,schematic,20.75564681724846,5
198000000095,VOO,keep,VOO|keep,VOO,,schematic,30.197125256673512,5
198000000095,VOO,tell,VOO|tell,VOO,,schematic,26.95277207392197,2
198000000103,VL,break,VL|break,VL,,schematic,42.0,2
198000000103,VL,come,VL|come,VL,,schematic,20.985626283367555,8
198000000103,VL,fall,VL|fall,VL,,schematic,58.26283367556468,1
198000000103,VL,get,VL|get,VL,,schematic,39.0,4
198000000103,VL,go,VL|go,VL,,schematic,30.098562628336754,16
198000000103,VL,jump,VL|jump,VL,,schematic,39.0,3
198000000103,VL,knock,VL|knock,VL,,schematic,39.0,1
198000000103,VL,lay,VL|lay,VL,,schematic,58.26283367556468,1
198000000103,VL,lie,VL|lie,VL,,schematic,39.0,1
198000000103,VL,live,VL|live,VL,,schematic,39.0,1
198000000103,VL,run,VL|run,VL,,schematic,39.0,1
198000000103,VL,sit,VL|sit,VL,,schematic,35.91991786447639,4
198000000103,VL,sleep,VL|sleep,VL,,schematic,58.26283367556468,1
198000000103,VL,splash,VL|splash,VL,,schematic,39.0,1
198000000103,VL,talk,VL|talk,VL,,schematic,39.0,2
198000000103,VL,tuck,VL|tuck,VL,,schematic,58.26283367556468,1
198000000103,VL,write,VL|write,VL,,schematic,35.91991786447639,1
198000000103,VL-down,fall,VL-down|fall,VL,down,prep,58.26283367556468,1
198000000103,VL-down,lay,VL-down|lay,VL,down,prep,58.26283367556468,1
198000000103,VL-down,sit,VL-down|sit,VL,down,prep,39.0,1
198000000103,VL-in,go,VL-in|go,VL,in,prep,58.26283367556468,1
198000000103,VL-in,jump,VL-in|jump,VL,in,prep,39.0,1
198000000103,VL-in,live,VL-in|live,VL,in,prep,39.0,1
198000000103,VL-in,sit,VL-in|sit,VL,in,prep,35.91991786447639,3
198000000103,VL-in,sleep,VL-in|sleep,VL,in,prep,58.26283367556468,1
198000000103,VL-in,splash,VL-in|splash,VL,in,prep,39.0,1
198000000103,VL-in,tuck,VL-in|tuck,VL,in,prep,58.26283367556468,1
198000000103,VL-off,break,VL-off|break,VL,off,prep,42.0,2
198000000103,VL-off,come,VL-off|come,VL,off,prep,32.98562628336756,2
198000000103,VL-off,get,VL-off|get,VL,off,prep,39.0,4
198000000103,VL-on,come,VL-on|come,VL,on,prep,24.032854209445585,4
198000000103,VL-on,go,VL-on|go,VL,on,prep,30.098562628336754,9
198000000103,VL-on,knock,VL-on|knock,VL,on,prep,39.0,1
198000000103,VL-on,lie,VL-on|lie,VL,on,prep,39.0,1
198000000103,VL-on,write,VL-on|write,VL,on,prep,35.91991786447639,1
198000000103,VL-over,come,VL-over|come,VL,over,prep,20.985626283367555,1
198000000103,VL-over,jump,VL-over|jump,VL,over,prep,42.0,2
198000000103,VL-through,run,VL-through|run,VL,through,prep,39.0,1
198000000103,VL-to,come,VL-to|come,VL,to,prep,58.26283367556468,1
198000000103,VL-to,go,VL-to|go,VL,to,prep,35.91991786447639,6
198000000103,VL-to,talk,VL-to|talk,VL,to,prep,39.0,2
198000000103,VO,ask,VO|ask,VO,,schematic,20.985626283367555,3
198000000103,VO,book,VO|book,VO,,schematic,42.0,1
198000000103,VO,bring,VO|bring,VO,,schematic,30.098562628336754,2
198000000103,VO,carry,VO|carry,VO,,schematic,32.98562628336756,3
198000000103,VO,chew,VO|chew,VO,,schematic,58.26283367556468,1
198000000103,VO,climb,VO|climb,VO,,schematic,39.0,1
198000000103,VO,come,VO|come,VO,,schematic,30.098562628336754,3
198000000103,VO,cook,VO|cook,VO,,schematic,39.0,1
198000000103,VO,count,VO|count,VO,,schematic,58.26283367556468,1
198000000103,VO,cut,VO|cut,VO,,schematic,32.98562628336756,3
198000000103,VO,ding,VO|ding,VO,,schematic,39.0,1
198000000103,VO,do,VO|do,VO,,schematic,20.985626283367555,13
198000000103,VO,eat,VO|eat,VO,,schematic,32.98562628336756,8
198000000103,VO,fetch,VO|fetch,VO,,schematic,42.0,1
198000000103,VO,find,VO|find,VO,,schematic,42.0,1
198000000103,VO,get,VO|get,VO,,schematic,20.985626283367555,19
198000000103,VO,give,VO|give,VO,,schematic,39.0,1
198000000103,VO,go,VO|go,VO,,schematic,35.91991786447639,8
198000000103,VO,have,VO|have,VO,,schematic,24.032854209445585,22
198000000103,VO,hit,VO|hit,VO,,schematic,30.098562628336754,2
198000000103,VO,jump,VO|jump,VO,,schematic,39.0,3
198000000103,VO,kick,VO|kick,VO,,schematic,30.098562628336754,1
198000000103,VO,knock,VO|knock,VO,,schematic,42.0,1
198000000103,VO,know,VO|know,VO,,schematic,42.0,4
198000000103,VO,laugh,VO|laugh,VO,,schematic,58.26283367556468,1
198000000103,VO,lay,VO|lay,VO,,schematic,42.0,1
198000000103,VO,leave,VO|leave,VO,,schematic,42.0,1
198000000103,VO,let,VO|let,VO,,schematic,42.0,7
198000000103,VO,like,VO|like,VO,,schematic,35.91991786447639,4
198000000103,VO,lose,VO|lose,VO,,schematic,39.0,3
198000000103,VO,love,VO|love,VO,,schematic,42.0,2
198000000103,VO,make,VO|make,VO,,schematic,39.0,3
198000000103,VO,mind,VO|mind,VO,,schematic,35.91991786447639,1
198000000103,VO,mummie,VO|mummie,VO,,schematic,35.91991786447639,2
198000000103,VO,pardon,VO|pardon,VO,,schematic,30.098562628336754,1
198000000103,VO,play,VO|play,VO,,schematic,58.26283367556468,1
198000000103,VO,pull,VO|pull,VO,,schematic,58.26283367556468,1
198000000103,VO,push,VO|push,VO,,schematic,27.06570841889117,1
198000000103,VO,put,VO|put,VO,,schematic,39.0,4
198000000103,VO,ride,VO|ride,VO,,schematic,35.91991786447639,2
198000000103,VO,ring,VO|ring,VO,,schematic,58.26283367556468,1
198000000103,VO,say,VO|say,VO,,schematic,58.26283367556468,2
198000000103,VO,see,VO|see,VO,,schematic,32.98562628336756,5
198000000103,VO,smack,VO|smack,VO,,schematic,27.06570841889117,4
198000000103,VO,spend,VO|spend,VO,,schematic,42.0,1
198000000103,VO,steal,VO|steal,VO,,schematic,39.0,1
198000000103,VO,stop,VO|stop,VO,,schematic,20.985626283367555,2
198000000103,VO,swallow,VO|swallow,VO,,schematic,32.98562628336756,1
198000000103,VO,take,VO|take,VO,,schematic,30.098562628336754,4
198000000103,VO,tape,VO|tape,VO,,schematic,32.98562628336756,1
198000000103,VO,tell,VO|tell,VO,,schematic,35.91991786447639,2
198000000103,VO,tip,VO|tip,VO,,schematic,30.098562628336754,3
198000000103,VO,want,VO|want,VO,,schematic,20.985626283367555,20
198000000103,VO,wit,VO|wit,VO,,schematic,58.26283367556468,1
198000000103,VOL,cry,VOL|cry,VOL,,schematic,39.0,1
198000000103,VOL,drag,VOL|drag,VOL,,schematic,42.0,1
198000000103,VOL,fall,VOL|fall,VOL,,schematic,39.0,1
198000000103,VOL,get,VOL|get,VOL,,schematic,39.0,2
198000000103,VOL,give,VOL|give,VOL,,schematic,39.0,1
198000000103,VOL,lick,VOL|lick,VOL,,schematic,39.0,1
198000000103,VOL,put,VOL|put,VOL,,schematic,42.0,4
198000000103,VOL,share,VOL|share,VOL,,schematic,58.26283367556468,1
198000000103,VOL,take,VOL|take,VOL,,schematic,30.098562628336754,6
198000000103,VOL,tear,VOL|tear,VOL,,schematic,42.0,1
198000000103,VOL,throw,VOL|throw,VOL,,schematic,24.032854209445585,1
198000000103,VOL,tuck,VOL|tuck,VOL,,schematic,58.26283367556468,2
198000000103,VOL-behind,drag,VOL-behind|drag,VOL,behind,prep,42.0,1
198000000103,VOL-down,fall,VOL-down|fall,VOL,down,prep,39.0,1
198000000103,VOL-in,lick,VOL-in|lick,VOL,in,prep,39.0,1
198000000103,VOL-in,put,VOL-in|put,VOL,in,prep,58.26283367556468,2
198000000103,VOL-in,share,VOL-in|share,VOL,in,prep,58.26283367556468,1
198000000103,VOL-in,tuck,VOL-in|tuck,VOL,in,prep,58.26283367556468,2
198000000103,VOL-off,get,VOL-off|get,VOL,off,prep,39.0,2
198000000103,VOL-off,take,VOL-off|take,VOL,off,prep,30.098562628336754,6
198000000103,VOL-off,tear,VOL-off|tear,VOL,off,prep,42.0,1
198000000103,VOL-on,put,VOL-on|put,VOL,on,prep,42.0,2
198000000103,VOL-on,throw,VOL-on|throw,VOL,on,prep,24.032854209445585,1
198000000103,VOL-through,cry,VOL-through|cry,VOL,through,prep,39.0,1
198000000103,VOL-to,give,VOL-to|give,VOL,to,prep,39.0,1
198000000103,VOO,do,VOO|do,VOO,,schematic,42.0,2
198000000103,VOO,give,VOO|give,VOO,,schematic,20.985626283367555,4
198000000103,VOO,tell,VOO|tell,VOO,,schematic,30.098562628336754,4
198000000103,VOO,throw,VOO|throw,VOO,,schematic,30.098562628336754,1
198000000114,VL,be,VL|be,VL,,schematic,57.0,1
198000000114,VL,carry,VL|carry,VL,,schematic,57.0,1
198000000114,VL,come,VL|come,VL,,schematic,24.13141683778234,8
198000000114,VL,draw,VL|draw,VL,,schematic,57.0,2
198000000114,VL,fall,VL|fall,VL,,schematic,27.13141683778234,1
198000000114,VL,get,VL|get,VL,,schematic,27.13141683778234,13
198000000114,VL,go,VL|go,VL,,schematic,21.06570841889117,36
198000000114,VL,hang,VL|hang,VL,,schematic,21.06570841889117,1
198000000114,VL,jump,VL|jump,VL,,schematic,33.16427104722793,1
198000000114,VL,lay,VL|lay,VL,,schematic,27.13141683778234,4
198000000114,VL,lie,VL|lie,VL,,schematic,57.0,1
198000000114,VL,live,VL|live,VL,,schematic,39.09856262833676,3
198000000114,VL,look,VL|look,VL,,schematic,21.06570841889117,11
198000000114,VL,push,VL|push,VL,,schematic,57.0,1
198000000114,VL,put,VL|put,VL,,schematic,24.13141683778234,1
198000000114,VL,run,VL|run,VL,,schematic,57.0,1
198000000114,VL,see,VL|see,VL,,schematic,41.82135523613963,1
198000000114,VL,send,VL|send,VL,,schematic,57.0,1
198000000114,VL,show,VL|show,VL,,schematic,36.13141683778234,3
198000000114,VL,sit,VL|sit,VL,,schematic,27.13141683778234,6
198000000114,VL,spit,VL|spit,VL,,schematic,41.82135523613963,1
198000000114,VL,take,VL|take,VL,,schematic,18.0,1
198000000114,VL,wave,VL|wave,VL,,schematic,18.0,1
198000000114,VL,yolk,VL|yolk,VL,,schematic,57.0,1
198000000114,VL-about,get,VL-about|get,VL,about,prep,30.098562628336754,1
198000000114,VL-at,come,VL-at|come,VL,at,prep,36.13141683778234,1
198000000114,VL-at,look,VL-at|look,VL,at,prep,21.06570841889117,11
198000000114,VL-down,come,VL-down|come,VL,down,prep,30.098562628336754,2
198000000114,VL-down,get,VL-down|get,VL,down,prep,57.0,1
198000000114,VL-down,go,VL-down|go,VL,down,prep,27.13141683778234,8
198000000114,VL-down,lay,VL-down|lay,VL,down,prep,27.13141683778234,4
198000000114,VL-down,run,VL-down|run,VL,down,prep,57.0,1
198000000114,VL-down,send,VL-down|send,VL,down,prep,57.0,1
198000000114,VL-down,sit,VL-down|sit,VL,down,prep,33.16427104722793,2
198000000114,VL-in,be,VL-in|be,VL,in,prep,57.0,1
198000000114,VL-in,come,VL-in|come,VL,in,prep,30.098562628336754,1
198000000114,VL-in,fall,VL-in|fall,VL,in,prep,27.13141683778234,1
198000000114,VL-in,get,VL-in|get,VL,in,prep,27.13141683778234,7
198000000114,VL-in,go,VL-in|go,VL,in,prep,27.13141683778234,8
198000000114,VL-in,jump,VL-in|jump,VL,in,prep,33.16427104722793,1
198000000114,VL-in,lie,VL-in|lie,VL,in,prep,57.0,1
198000000114,VL-in,live,VL-in|live,VL,in,prep,57.0,1
198000000114,VL-in,put,VL-in|put,VL,in,prep,24.13141683778234,1
198000000114,VL-in,see,VL-in|see,VL,in,prep,41.82135523613963,1
198000000114,VL-off,come,VL-off|come,VL,off,prep,24.13141683778234,1
198000000114,VL-off,get,VL-off|get,VL,off,prep,36.13141683778234,2
198000000114,VL-off,show,VL-off|show,VL,off,prep,36.13141683778234,3
198000000114,VL-off,take,VL-off|take,VL,off,prep,18.0,1
198000000114,VL-off,yolk,VL-off|yolk,VL,off,prep,57.0,1
198000000114,VL-on,carry,VL-on|carry,VL,on,prep,57.0,1
198000000114,VL-on,come,VL-on|come,VL,on,prep,33.16427104722793,3
198000000114,VL-on,draw,VL-on|draw,VL,on,prep,57.0,2
198000000114,VL-on,get,VL-on|get,VL,on,prep,41.82135523613963,2
198000000114,VL-on,go,VL-on|go,VL,on,prep,21.06570841889117,11
198000000114,VL-on,hang,VL-on|hang,VL,on,prep,21.06570841889117,1
198000000114,VL-on,push,VL-on|push,VL,on,prep,57.0,1
198000000114,VL-on,sit,VL-on|sit,VL,on,prep,27.13141683778234,3
198000000114,VL-on,spit,VL-on|spit,VL,on,prep,41.82135523613963,1
198000000114,VL-over,sit,VL-over|sit,VL,over,prep,27.13141683778234,1
198000000114,VL-to,go,VL-to|go,VL,to,prep,24.13141683778234,9
198000000114,VL-to,wave,VL-to|wave,VL,to,prep,18.0,1
198000000114,VL-under,live,VL-under|live,VL,under,prep,39.09856262833676,2
198000000114,VO,allow,VO|allow,VO,,schematic,57.0,1
198000000114,VO,ask,VO|ask,VO,,schematic,41.82135523613963,1
198000000114,VO,belt,VO|belt,VO,,schematic,36.13141683778234,1
198000000114,VO,bite,VO|bite,VO,,schematic,27.13141683778234,4
198000000114,VO,blow,VO|blow,VO,,schematic,41.82135523613963,1
198000000114,VO,break,VO|break,VO,,schematic,21.06570841889117,5
198000000114,VO,burn,VO|burn,VO,,schematic,36.13141683778234,2
198000000114,VO,buy,VO|buy,VO,,schematic,27.13141683778234,4
198000000114,VO,catch,VO|catch,VO,,schematic,41.82135523613963,1
198000000114,VO,chew,VO|chew,VO,,schematic,27.13141683778234,1
198000000114,VO,clear,VO|clear,VO,,schematic,41.82135523613963,1
198000000114,VO,climb,VO|climb,VO,,schematic,57.0,1
198000000114,VO,comb,VO|comb,VO,,schematic,27.13141683778234,8
198000000114,VO,come,VO|come,VO,,schematic,27.13141683778234,8
198000000114,VO,copy,VO|copy,VO,,schematic,57.0,1
198000000114,VO,crunch,VO|crunch,VO,,schematic,41.82135523613963,2
198000000114,VO,cut,VO|cut,VO,,schematic,36.13141683778234,1
198000000114,VO,dig,VO|dig,VO,,schematic,57.0,1
198000000114,VO,digge,VO|digge,VO,,schematic,57.0,2
198000000114,VO,do,VO|do,VO,,schematic,27.13141683778234,17
198000000114,VO,don,VO|don,VO,,schematic,33.16427104722793,1
198000000114,VO,draw,VO|draw,VO,,schematic,27.13141683778234,2
198000000114,VO,eat,VO|eat,VO,,schematic,18.0,25
198000000114,VO,excuse,VO|excuse,VO,,schematic,24.13141683778234,6
198000000114,VO,feed,VO|feed,VO,,schematic,36.13141683778234,2
198000000114,VO,find,VO|find,VO,,schematic,30.098562628336754,5
198000000114,VO,finish,VO|finish,VO,,schematic,24.13141683778234,2
198000000114,VO,get,VO|get,VO,,schematic,18.0,85
198000000114,VO,give,VO|give,VO,,schematic,27.13141683778234,1
198000000114,VO,go,VO|go,VO,,schematic,27.13141683778234,15
198000000114,VO,hang,VO|hang,VO,,schematic,33.16427104722793,4
198000000114,VO,have,VO|have,VO,,schematic,18.0,34
198000000114,VO,help,VO|help,VO,,schematic,57.0,1
198000000114,VO,hit,VO|hit,VO,,schematic,27.13141683778234,6
198000000114,VO,hold,VO|hold,VO,,schematic,57.0,2
198000000114,VO,hurt,VO|hurt,VO,,schematic,36.13141683778234,3
198000000114,VO,keep,VO|keep,VO,,schematic,18.0,3
198000000114,VO,kill,VO|kill,VO,,schematic,33.16427104722793,2
198000000114,VO,know,VO|know,VO,,schematic,57.0,4
198000000114,VO,leave,VO|leave,VO,,schematic,30.098562628336754,4
198000000114,VO,let,VO|let,VO,,schematic,21.06570841889117,10
198000000114,VO,like,VO|like,VO,,schematic,18.0,10
198000000114,VO,look,VO|look,VO,,schematic,18.0,7
198000000114,VO,love,VO|love,VO,,schematic,57.0,1
198000000114,VO,make,VO|make,VO,,schematic,30.098562628336754,7
198000000114,VO,meet,VO|meet,VO,,schematic,36.13141683778234,1
198000000114,VO,mend,VO|mend,VO,,schematic,21.06570841889117,1
198000000114,VO,mind,VO|mind,VO,,schematic,24.13141683778234,1
198000000114,VO,mum,VO|mum,VO,,schematic,57.0,1
198000000114,VO,need,VO|need,VO,,schematic,57.0,2
198000000114,VO,nurse,VO|nurse,VO,,schematic,57.0,1
198000000114,VO,open,VO|open,VO,,schematic,41.82135523613963,2
198000000114,VO,paint,VO|paint,VO,,schematic,57.0,1
198000000114,VO,pardon,VO|pardon,VO,,schematic,30.098562628336754,2
198000000114,VO,pick,VO|pick,VO,,schematic,21.06570841889117,1
198000000114,VO,poke,VO|poke,VO,,schematic,18.0,1
198000000114,VO,pop,VO|pop,VO,,schematic,33.16427104722793,2
198000000114,VO,pour,VO|pour,VO,,schematic,21.06570841889117,1
198000000114,VO,press,VO|press,VO,,schematic,27.13141683778234,3
198000000114,VO,pull,VO|pull,VO,,schematic,33.16427104722793,2
198000000114,VO,push,VO|push,VO,,schematic,36.13141683778234,2
198000000114,VO,put,VO|put,VO,,schematic,24.13141683778234,5
198000000114,VO,reach,VO|reach,VO,,schematic,36.13141683778234,6
198000000114,VO,ride,VO|ride,VO,,schematic,30.098562628336754,1
198000000114,VO,say,VO|say,VO,,schematic,24.13141683778234,3
198000000114,VO,scorch,VO|scorch,VO,,schematic,36.13141683778234,1
198000000114,VO,see,VO|see,VO,,schematic,30.098562628336754,16
198000000114,VO,shoot,VO|shoot,VO,,schematic,39.09856262833676,2
198000000114,VO,shut,VO|shut,VO,,schematic,27.13141683778234,2
198000000114,VO,slap,VO|slap,VO,,schematic,30.098562628336754,3
198000000114,VO,smash,VO|smash,VO,,schematic,24.13141683778234,2
198000000114,VO,st,VO|st,VO,,schematic,39.09856262833676,1
198000000114,VO,stop,VO|stop,VO,,schematic,33.16427104722793,1
198000000114,VO,take,VO|take,VO,,schematic,18.0,9
198000000114,VO,taste,VO|taste,VO,,schematic,41.82135523613963,1
198000000114,VO,tear,VO|tear,VO,,schematic,41.82135523613963,1
198000000114,VO,tell,VO|tell,VO,,schematic,41.82135523613963,1
198000000114,VO,thank,VO|thank,VO,,schematic,57.0,1
198000000114,VO,think,VO|think,VO,,schematic,24.13141683778234,1
198000000114,VO,throw,VO|throw,VO,,schematic,30.098562628336754,3
198000000114,VO,tie,VO|tie,VO,,schematic,30.098562628336754,1
198000000114,VO,touch,VO|touch,VO,,schematic,18.0,11
198000000114,VO,trace,VO|trace,VO,,schematic,27.13141683778234,2
198000000114,VO,try,VO|try,VO,,schematic,24.13141683778234,1
198000000114,VO,turn,VO|turn,VO,,schematic,24.13141683778234,1
198000000114,VO,want,VO|want,VO,,schematic,18.0,47
198000000114,VO,wash,VO|wash,VO,,schematic,27.13141683778234,2
198000000114,VO,watch,VO|watch,VO,,schematic,18.0,9
198000000114,VO,wee,VO|wee,VO,,schematic,36.13141683778234,1
198000000114,VO,wipe,VO|wipe,VO,,schematic,24.13141683778234,2
198000000114,VO,wonder,VO|wonder,VO,,schematic,18.0,1
198000000114,VO,work,VO|work,VO,,schematic,36.13141683778234,1
198000000114,VOL,bite,VOL|bite,VOL,,schematic,39.09856262833676,1
198000000114,VOL,blow,VOL|blow,VOL,,schematic,30.098562628336754,3
198000000114,VOL,break,VOL|break,VOL,,schematic,18.0,1
198000000114,VOL,bring,VOL|bring,VOL,,schematic,30.098562628336754,1
198000000114,VOL,chuck,VOL|chuck,VOL,,schematic,30.098562628336754,1
198000000114,VOL,cut,VOL|cut,VOL,,schematic,30.098562628336754,4
198000000114,VOL,do,VOL|do,VOL,,schematic,27.13141683778234,5
198000000114,VOL,find,VOL|find,VOL,,schematic,41.82135523613963,1
198000000114,VOL,get,VOL|get,VOL,,schematic,27.13141683778234,3
198000000114,VOL,give,VOL|give,VOL,,schematic,21.06570841889117,2
198000000114,VOL,go,VOL|go,VOL,,schematic,57.0,1
198000000114,VOL,have,VOL|have,VOL,,schematic,24.13141683778234,3
198000000114,VOL,knock,VOL|knock,VOL,,schematic,57.0,1
198000000114,VOL,make,VOL|make,VOL,,schematic,57.0,1
198000000114,VOL,paint,VOL|paint,VOL,,schematic,57.0,1
198000000114,VOL,press,VOL|press,VOL,,schematic,27.13141683778234,2
198000000114,VOL,pull,VOL|pull,VOL,,schematic,33.16427104722793,3
198000000114,VOL,push,VOL|push,VOL,,schematic,27.13141683778234,3
198000000114,VOL,put,VOL|put,VOL,,schematic,18.0,15
198000000114,VOL,shut,VOL|shut,VOL,,schematic,27.13141683778234,1
198000000114,VOL,smash,VOL|smash,VOL,,schematic,36.13141683778234,1
198000000114,VOL,stuff,VOL|stuff,VOL,,schematic,24.13141683778234,1
198000000114,VOL,take,VOL|take,VOL,,schematic,30.098562628336754,8
198000000114,VOL,throw,VOL|throw,VOL,,schematic,39.09856262833676,1
198000000114,VOL,turn,VOL|turn,VOL,,schematic,41.82135523613963,1
198000000114,VOL,want,VOL|want,VOL,,schematic,39.09856262833676,3
198000000114,VOL-down,blow,VOL-down|blow,VOL,down,prep,30.098562628336754,3
198000000114,VOL-down,bring,VOL-down|bring,VOL,down,prep,30.098562628336754,1
198000000114,VOL-down,chuck,VOL-down|chuck,VOL,down,prep,30.098562628336754,1
198000000114,VOL-down,find,VOL-down|find,VOL,down,prep,41.82135523613963,1
198000000114,VOL-down,knock,VOL-down|knock,VOL,down,prep,57.0,1
198000000114,VOL-down,put,VOL-down|put,VOL,down,prep,18.0,3
198000000114,VOL-in,get,VOL-in|get,VOL,in,prep,27.13141683778234,2
198000000114,VOL-in,have,VOL-in|have,VOL,in,prep,39.09856262833676,2
198000000114,VOL-in,make,VOL-in|make,VOL,in,prep,57.0,1
198000000114,VOL-in,paint,VOL-in|paint,VOL,in,prep,57.0,1
198000000114,VOL-in,press,VOL-in|press,VOL,in,prep,27.13141683778234,2
198000000114,VOL-in,put,VOL-in|put,VOL,in,prep,21.06570841889117,4
198000000114,VOL-in,shut,VOL-in|shut,VOL,in,prep,27.13141683778234,1
198000000114,VOL-in,stuff,VOL-in|stuff,VOL,in,prep,24.13141683778234,1
198000000114,VOL-in,take,VOL-in|take,VOL,in,prep,30.098562628336754,1
198000000114,VOL-into,push,VOL-into|push,VOL,into,prep,27.13141683778234,1
198000000114,VOL-off,bite,VOL-off|bite,VOL,off,prep,39.09856262833676,1
198000000114,VOL-off,break,VOL-off|break,VOL,off,prep,18.0,1
198000000114,VOL-off,cut,VOL-off|cut,VOL,off,prep,30.098562628336754,4
198000000114,VOL-off,do,VOL-off|do,VOL,off,prep,57.0,1
198000000114,VOL-off,pull,VOL-off|pull,VOL,off,prep,33.16427104722793,3
198000000114,VOL-off,push,VOL-off|push,VOL,off,prep,33.16427104722793,1
198000000114,VOL-off,put,VOL-off|put,VOL,off,prep,24.13141683778234,1
198000000114,VOL-off,take,VOL-off|take,VOL,off,prep,36.13141683778234,6
198000000114,VOL-off,turn,VOL-off|turn,VOL,off,prep,41.82135523613963,1
198000000114,VOL-off,want,VOL-off|want,VOL,off,prep,39.09856262833676,3
198000000114,VOL-on,do,VOL-on|do,VOL,on,prep,27.13141683778234,1
198000000114,VOL-on,get,VOL-on|get,VOL,on,prep,39.09856262833676,1
198000000114,VOL-on,go,VOL-on|go,VOL,on,prep,57.0,1
198000000114,VOL-on,have,VOL-on|have,VOL,on,prep,24.13141683778234,1
198000000114,VOL-on,put,VOL-on|put,VOL,on,prep,33.16427104722793,7
198000000114,VOL-on,smash,VOL-on|smash,VOL,on,prep,36.13141683778234,1
198000000114,VOL-on,throw,VOL-on|throw,VOL,on,prep,39.09856262833676,1
198000000114,VOL-over,take,VOL-over|take,VOL,over,prep,30.098562628336754,1
198000000114,VOL-to,do,VOL-to|do,VOL,to,prep,27.13141683778234,3
198000000114,VOL-to,give,VOL-to|give,VOL,to,prep,21.06570841889117,2
198000000114,VOL-to,push,VOL-to|push,VOL,to,prep,36.13141683778234,1
198000000114,VOO,ask,VOO|ask,VOO,,schematic,30.098562628336754,1
198000000114,VOO,do,VOO|do,VOO,,schematic,41.82135523613963,1
198000000114,VOO,get,VOO|get,VOO,,schematic,30.098562628336754,1
198000000114,VOO,give,VOO|give,VOO,,schematic,21.06570841889117,10
198000000114,VOO,leave,VOO|leave,VOO,,schematic,30.098562628336754,1
198000000114,VOO,tell,VOO|tell,VOO,,schematic,27.13141683778234,1
198000000114,VOO,throw,VOO|throw,VOO,,schematic,30.098562628336754,1
198000000128,VL,come,VL|come,VL,,schematic,23.985626283367555,9
198000000128,VL,fall,VL|fall,VL,,schematic,21.13141683778234,1
198000000128,VL,get,VL|get,VL,,schematic,23.985626283367555,2
198000000128,VL,go,VL|go,VL,,schematic,36.19712525667351,9
198000000128,VL,happen,VL|happen,VL,,schematic,43.8870636550308,1
198000000128,VL,look,VL|look,VL,,schematic,21.13141683778234,5
198000000128,VL,paint,VL|paint,VL,,schematic,39.62422997946612,1
198000000128,VL,shouting,VL|shouting,VL,,schematic,39.62422997946612,1
198000000128,VL,sit,VL|sit,VL,,schematic,57.591375770020534,1
198000000128,VL,turn,VL|turn,VL,,schematic,39.62422997946612,2
198000000128,VL,want,VL|want,VL,,schematic,28.13141683778234,2
198000000128,VL-at,look,VL-at|look,VL,at,prep,34.16427104722793,2
198000000128,VL-at,shouting,VL-at|shouting,VL,at,prep,39.62422997946612,1
198000000128,VL-down,come,VL-down|come,VL,down,prep,43.8870636550308,1
198000000128,VL-down,get,VL-down|get,VL,down,prep,23.985626283367555,2
198000000128,VL-down,go,VL-down|go,VL,down,prep,36.19712525667351,1
198000000128,VL-in,come,VL-in|come,VL,in,prep,43.8870636550308,1
198000000128,VL-in,go,VL-in|go,VL,in,prep,39.62422997946612,1
198000000128,VL-in,look,VL-in|look,VL,in,prep,21.13141683778234,3
198000000128,VL-in,want,VL-in|want,VL,in,prep,36.19712525667351,1
198000000128,VL-off,fall,VL-off|fall,VL,off,prep,21.13141683778234,1
198000000128,VL-off,want,VL-off|want,VL,off,prep,28.13141683778234,1
198000000128,VL-on,come,VL-on|come,VL,on,prep,23.985626283367555,7
198000000128,VL-on,go,VL-on|go,VL,on,prep,39.62422997946612,4
198000000128,VL-on,paint,VL-on|paint,VL,on,prep,39.62422997946612,1
198000000128,VL-on,turn,VL-on|turn,VL,on,prep,39.62422997946612,2
198000000128,VL-over,sit,VL-over|sit,VL,over,prep,57.591375770020534,1
198000000128,VL-to,go,VL-to|go,VL,to,prep,39.62422997946612,3
198000000128,VL-to,happen,VL-to|happen,VL,to,prep,43.8870636550308,1
198000000128,VO,beat,VO|beat,VO,,schematic,57.591375770020534,1
198000000128,VO,bet,VO|bet,VO,,schematic,57.591375770020534,1
198000000128,VO,bite,VO|bite,VO,,schematic,23.985626283367555,1
198000000128,VO,bring,VO|bring,VO,,schematic,21.13141683778234,2
198000000128,VO,byebye,VO|byebye,VO,,schematic,23.985626283367555,1
198000000128,VO,close,VO|close,VO,,schematic,43.8870636550308,1
198000000128,VO,come,VO|come,VO,,schematic,21.13141683778234,2
198000000128,VO,deal,VO|deal,VO,,schematic,57.591375770020534,1
198000000128,VO,do,VO|do,VO,,schematic,18.689938398357288,39
198000000128,VO,drink,VO|drink,VO,,schematic,57.591375770020534,1
198000000128,VO,eat,VO|eat,VO,,schematic,21.13141683778234,4
198000000128,VO,find,VO|find,VO,,schematic,34.16427104722793,2
198000000128,VO,get,VO|get,VO,,schematic,18.689938398357288,30
198000000128,VO,give,VO|give,VO,,schematic,21.13141683778234,1
198000000128,VO,go,VO|go,VO,,schematic,21.13141683778234,4
198000000128,VO,have,VO|have,VO,,schematic,21.13141683778234,9
198000000128,VO,hear,VO|hear,VO,,schematic,43.8870636550308,1
198000000128,VO,hold,VO|hold,VO,,schematic,21.13141683778234,1
198000000128,VO,hup,VO|hup,VO,,schematic,18.689938398357288,4
198000000128,VO,hurry,VO|hurry,VO,,schematic,28.13141683778234,1
198000000128,VO,kiss,VO|kiss,VO,,schematic,28.13141683778234,2
198000000128,VO,know,VO|know,VO,,schematic,57.591375770020534,1
198000000128,VO,let,VO|let,VO,,schematic,43.8870636550308,4
198000000128,VO,like,VO|like,VO,,schematic,28.13141683778234,7
198000000128,VO,look,VO|look,VO,,schematic,23.985626283367555,4
198000000128,VO,love,VO|love,VO,,schematic,28.13141683778234,2
198000000128,VO,make,VO|make,VO,,schematic,43.8870636550308,2
198000000128,VO,miss,VO|miss,VO,,schematic,57.591375770020534,1
198000000128,VO,move,VO|move,VO,,schematic,36.19712525667351,1
198000000128,VO,pardon,VO|pardon,VO,,schematic,23.985626283367555,1
198000000128,VO,pick,VO|pick,VO,,schematic,57.591375770020534,1
198000000128,VO,play,VO|play,VO,,schematic,57.591375770020534,3
198000000128,VO,pull,VO|pull,VO,,schematic,39.62422997946612,1
198000000128,VO,put,VO|put,VO,,schematic,18.689938398357288,10
198000000128,VO,ride,VO|ride,VO,,schematic,18.689938398357288,1
198000000128,VO,rub,VO|rub,VO,,schematic,39.62422997946612,1
198000000128,VO,run,VO|run,VO,,schematic,36.19712525667351,1
198000000128,VO,see,VO|see,VO,,schematic,39.62422997946612,7
198000000128,VO,shut,VO|shut,VO,,schematic,21.13141683778234,2
198000000128,VO,smack,VO|smack,VO,,schematic,23.985626283367555,3
198000000128,VO,spill,VO|spill,VO,,schematic,57.591375770020534,2
198000000128,VO,take,VO|take,VO,,schematic,28.13141683778234,1
198000000128,VO,tell,VO|tell,VO,,schematic,23.985626283367555,1
198000000128,VO,touch,VO|touch,VO,,schematic,36.19712525667351,1
198000000128,VO,turn,VO|turn,VO,,schematic,34.16427104722793,2
198000000128,VO,want,VO|want,VO,,schematic,18.689938398357288,45
198000000128,VO,wash,VO|wash,VO,,schematic,34.16427104722793,3
198000000128,VO,wear,VO|wear,VO,,schematic,39.62422997946612,1
198000000128,VO,win,VO|win,VO,,schematic,57.591375770020534,1
198000000128,VOL,bee,VOL|bee,VOL,,schematic,18.689938398357288,1
198000000128,VOL,bring,VOL|bring,VOL,,schematic,34.16427104722793,2
198000000128,VOL,do,VOL|do,VOL,,schematic,57.591375770020534,1
198000000128,VOL,fry,VOL|fry,VOL,,schematic,39.62422997946612,1
198000000128,VOL,get,VOL|get,VOL,,schematic,34.16427104722793,4
198000000128,VOL,knock,VOL|knock,VOL,,schematic,36.19712525667351,2
198000000128,VOL,pick,VOL|pick,VOL,,schematic,34.16427104722793,1
198000000128,VOL,punch,VOL|punch,VOL,,schematic,43.8870636550308,1
198000000128,VOL,put,VOL|put,VOL,,schematic,34.16427104722793,6
198000000128,VOL,see,VOL|see,VOL,,schematic,39.62422997946612,1
198000000128,VOL,take,VOL|take,VOL,,schematic,34.16427104722793,4
198000000128,VOL,turn,VOL|turn,VOL,,schematic,39.62422997946612,6
198000000128,VOL,want,VOL|want,VOL,,schematic,23.985626283367555,3
198000000128,VOL-down,bring,VOL-down|bring,VOL,down,prep,34.16427104722793,2
198000000128,VOL-down,knock,VOL-down|knock,VOL,down,prep,36.19712525667351,1
198000000128,VOL-down,want,VOL-down|want,VOL,down,prep,23.985626283367555,2
198000000128,VOL-in,get,VOL-in|get,VOL,in,prep,43.8870636550308,1
198000000128,VOL-in,put,VOL-in|put,VOL,in,prep,34.16427104722793,2
198000000128,VOL-in,see,VOL-in|see,VOL,in,prep,39.62422997946612,1
198000000128,VOL-off,bee,VOL-off|bee,VOL,off,prep,18.689938398357288,1
198000000128,VOL-off,get,VOL-off|get,VOL,off,prep,34.16427104722793,3
198000000128,VOL-off,pick,VOL-off|pick,VOL,off,prep,34.16427104722793,1
198000000128,VOL-off,take,VOL-off|take,VOL,off,prep,34.16427104722793,4
198000000128,VOL-on,do,VOL-on|do,VOL,on,prep,57.591375770020534,1
198000000128,VOL-on,punch,VOL-on|punch,VOL,on,prep,43.8870636550308,1
198000000128,VOL-on,put,VOL-on|put,VOL,on,prep,34.16427104722793,4
198000000128,VOL-on,turn,VOL-on|turn,VOL,on,prep,39.62422997946612,2
198000000128,VOL-on,want,VOL-on|want,VOL,on,prep,34.16427104722793,1
198000000128,VOL-over,knock,VOL-over|knock,VOL,over,prep,57.591375770020534,1
198000000128,VOL-over,turn,VOL-over|turn,VOL,over,prep,39.62422997946612,4
198000000128,VOL-under,fry,VOL-under|fry,VOL,under,prep,39.62422997946612,1
198000000128,VOO,bring,VOO|bring,VOO,,schematic,34.16427104722793,3
198000000128,VOO,buy,VOO|buy,VOO,,schematic,57.591375770020534,2
198000000128,VOO,do,VOO|do,VOO,,schematic,23.985626283367555,2
198000000128,VOO,get,VOO|get,VOO,,schematic,34.16427104722793,3
198000000128,VOO,give,VOO|give,VOO,,schematic,28.13141683778234,4
198000000128,VOO,lend,VOO|lend,VOO,,schematic,57.591375770020534,1
198000000128,VOO,make,VOO|make,VOO,,schematic,43.8870636550308,1
198000000140,VL,come,VL|come,VL,,schematic,29.95277207392197,6
198000000140,VL,cry,VL|cry,VL,,schematic,39.29568788501027,1
198000000140,VL,fall,VL|fall,VL,,schematic,33.13141683778234,1
198000000140,VL,get,VL|get,VL,,schematic,39.29568788501027,1
198000000140,VL,go,VL|go,VL,,schematic,33.13141683778234,9
198000000140,VL,keep,VL|keep,VL,,schematic,36.394250513347025,2
198000000140,VL,look,VL|look,VL,,schematic,39.29568788501027,3
198000000140,VL,park,VL|park,VL,,schematic,42.36139630390144,1
198000000140,VL,play,VL|play,VL,,schematic,39.29568788501027,1
198000000140,VL,reach,VL|reach,VL,,schematic,59.72279260780287,1
198000000140,VL,say,VL|say,VL,,schematic,59.72279260780287,1
198000000140,VL,stick,VL|stick,VL,,schematic,39.29568788501027,1
198000000140,VL,wait,VL|wait,VL,,schematic,39.29568788501027,1
198000000140,VL,want,VL|want,VL,,schematic,36.394250513347025,1
198000000140,VL-about,cry,VL-about|cry,VL,about,prep,39.29568788501027,1
198000000140,VL-at,look,VL-at|look,VL,at,prep,39.29568788501027,3
198000000140,VL-down,fall,VL-down|fall,VL,down,prep,33.13141683778234,1
198000000140,VL-down,wait,VL-down|wait,VL,down,prep,39.29568788501027,1
198000000140,VL-from,play,VL-from|play,VL,from,prep,39.29568788501027,1
198000000140,VL-from,reach,VL-from|reach,VL,from,prep,59.72279260780287,1
198000000140,VL-in,go,VL-in|go,VL,in,prep,36.394250513347025,1
198000000140,VL-in,keep,VL-in|keep,VL,in,prep,36.394250513347025,1
198000000140,VL-in,park,VL-in|park,VL,in,prep,42.36139630390144,1
198000000140,VL-in,say,VL-in|say,VL,in,prep,59.72279260780287,1
198000000140,VL-in,want,VL-in|want,VL,in,prep,36.394250513347025,1
198000000140,VL-into,go,VL-into|go,VL,into,prep,59.72279260780287,2
198000000140,VL-on,come,VL-on|come,VL,on,prep,29.95277207392197,6
198000000140,VL-on,go,VL-on|go,VL,on,prep,33.13141683778234,3
198000000140,VL-on,keep,VL-on|keep,VL,on,prep,59.72279260780287,1
198000000140,VL-to,get,VL-to|get,VL,to,prep,39.29568788501027,1
198000000140,VL-to,go,VL-to|go,VL,to,prep,42.36139630390144,3
198000000140,VL-to,stick,VL-to|stick,VL,to,prep,39.29568788501027,1
198000000140,VO,break,VO|break,VO,,schematic,59.72279260780287,1
198000000140,VO,build,VO|build,VO,,schematic,39.29568788501027,7
198000000140,VO,call,VO|call,VO,,schematic,33.13141683778234,2
198000000140,VO,catch,VO|catch,VO,,schematic,39.29568788501027,3
198000000140,VO,color,VO|color,VO,,schematic,36.394250513347025,1
198000000140,VO,come,VO|come,VO,,schematic,59.72279260780287,2
198000000140,VO,do,VO|do,VO,,schematic,21.197125256673512,28
198000000140,VO,draw,VO|draw,VO,,schematic,39.29568788501027,1
198000000140,VO,find,VO|find,VO,,schematic,29.95277207392197,7
198000000140,VO,get,VO|get,VO,,schematic,29.95277207392197,13
198000000140,VO,go,VO|go,VO,,schematic,29.95277207392197,2
198000000140,VO,have,VO|have,VO,,schematic,33.13141683778234,12
198000000140,VO,hear,VO|hear,VO,,schematic,39.29568788501027,1
198000000140,VO,help,VO|help,VO,,schematic,36.394250513347025,2
198000000140,VO,hold,VO|hold,VO,,schematic,29.95277207392197,1
198000000140,VO,keep,VO|keep,VO,,schematic,42.36139630390144,1
198000000140,VO,know,VO|know,VO,,schematic,39.29568788501027,2
198000000140,VO,let,VO|let,VO,,schematic,36.394250513347025,2
198000000140,VO,like,VO|like,VO,,schematic,26.95277207392197,9
198000000140,VO,look,VO|look,VO,,schematic,29.95277207392197,11
198000000140,VO,love,VO|love,VO,,schematic,39.29568788501027,1
198000000140,VO,make,VO|make,VO,,schematic,36.394250513347025,2
198000000140,VO,need,VO|need,VO,,schematic,33.13141683778234,1
198000000140,VO,pick,VO|pick,VO,,schematic,39.29568788501027,1
198000000140,VO,play,VO|play,VO,,schematic,42.36139630390144,1
198000000140,VO,poo,VO|poo,VO,,schematic,33.13141683778234,1
198000000140,VO,put,VO|put,VO,,schematic,29.95277207392197,8
198000000140,VO,read,VO|read,VO,,schematic,59.72279260780287,12
198000000140,VO,ride,VO|ride,VO,,schematic,42.36139630390144,1
198000000140,VO,say,VO|say,VO,,schematic,29.95277207392197,11
198000000140,VO,shut,VO|shut,VO,,schematic,36.394250513347025,4
198000000140,VO,smack,VO|smack,VO,,schematic,29.95277207392197,1
198000000140,VO,stop,VO|stop,VO,,schematic,36.394250513347025,1
198000000140,VO,want,VO|want,VO,,schematic,26.95277207392197,37
198000000140,VO,wash,VO|wash,VO,,schematic,39.29568788501027,1
198000000140,VO,wind,VO|wind,VO,,schematic,33.13141683778234,1
198000000140,VOL,cock,VOL|cock,VOL,,schematic,33.13141683778234,1
198000000140,VOL,get,VOL|get,VOL,,schematic,36.394250513347025,3
198000000140,VOL,like,VOL|like,VOL,,schematic,39.29568788501027,1
198000000140,VOL,put,VOL|put,VOL,,schematic,29.95277207392197,12
198000000140,VOL,say,VOL|say,VOL,,schematic,59.72279260780287,1
198000000140,VOL,scribble,VOL|scribble,VOL,,schematic,59.72279260780287,1
198000000140,VOL,see,VOL|see,VOL,,schematic,59.72279260780287,1
198000000140,VOL,take,VOL|take,VOL,,schematic,39.29568788501027,1
198000000140,VOL,throw,VOL|throw,VOL,,schematic,39.29568788501027,1
198000000140,VOL,want,VOL|want,VOL,,schematic,42.36139630390144,1
198000000140,VOL-down,get,VOL-down|get,VOL,down,prep,36.394250513347025,1
198000000140,VOL-down,put,VOL-down|put,VOL,down,prep,29.95277207392197,2
198000000140,VOL-in,like,VOL-in|like,VOL,in,prep,39.29568788501027,1
198000000140,VOL-in,put,VOL-in|put,VOL,in,prep,29.95277207392197,8
198000000140,VOL-off,get,VOL-off|get,VOL,off,prep,36.394250513347025,1
198000000140,VOL-on,put,VOL-on|put,VOL,on,prep,33.13141683778234,2
198000000140,VOL-on,scribble,VOL-on|scribble,VOL,on,prep,59.72279260780287,1
198000000140,VOL-on,want,VOL-on|want,VOL,on,prep,42.36139630390144,1
198000000140,VOL-through,see,VOL-through|see,VOL,through,prep,59.72279260780287,1
198000000140,VOL-to,cock,VOL-to|cock,VOL,to,prep,33.13141683778234,1
198000000140,VOL-to,get,VOL-to|get,VOL,to,prep,39.29568788501027,1
198000000140,VOL-to,say,VOL-to|say,VOL,to,prep,59.72279260780287,1
198000000140,VOL-to,take,VOL-to|take,VOL,to,prep,39.29568788501027,1
198000000140,VOL-to,throw,VOL-to|throw,VOL,to,prep,39.29568788501027,1
198000000140,VOO,get,VOO|get,VOO,,schematic,42.36139630390144,1
198000000140,VOO,read,VOO|read,VOO,,schematic,59.72279260780287,1
198000000140,VOO,show,VOO|show,VOO,,schematic,59.72279260780287,1
198000000151,VL,bear,VL|bear,VL,,schematic,20.95277207392197,1
198000000151,VL,belong,VL|belong,VL,,schematic,27.164271047227928,1
198000000151,VL,come,VL|come,VL,,schematic,41.0,1
198000000151,VL,crawl,VL|crawl,VL,,schematic,33.03285420944559,1
198000000151,VL,fall,VL|fall,VL,,schematic,41.0,1
198000000151,VL,find,VL|find,VL,,schematic,57.16427104722793,1
198000000151,VL,get,VL|get,VL,,schematic,27.164271047227928,4
198000000151,VL,give,VL|give,VL,,schematic,27.164271047227928,1
198000000151,VL,go,VL|go,VL,,schematic,20.95277207392197,26
198000000151,VL,hear,VL|hear,VL,,schematic,57.16427104722793,1
198000000151,VL,hide,VL|hide,VL,,schematic,27.164271047227928,1
198000000151,VL,jump,VL|jump,VL,,schematic,24.49281314168378,6
198000000151,VL,listen,VL|listen,VL,,schematic,57.16427104722793,3
198000000151,VL,look,VL|look,VL,,schematic,24.49281314168378,24
198000000151,VL,lose,VL|lose,VL,,schematic,41.0,1
198000000151,VL,play,VL|play,VL,,schematic,30.164271047227928,3
198000000151,VL,put,VL|put,VL,,schematic,35.85420944558521,1
198000000151,VL,sit,VL|sit,VL,,schematic,27.164271047227928,3
198000000151,VL,squeeze,VL|squeeze,VL,,schematic,33.03285420944559,1
198000000151,VL,stand,VL|stand,VL,,schematic,27.164271047227928,3
198000000151,VL,swim,VL|swim,VL,,schematic,24.49281314168378,2
198000000151,VL,talk,VL|talk,VL,,schematic,33.03285420944559,1
198000000151,VL,totter,VL|totter,VL,,schematic,24.49281314168378,1
198000000151,VL,walk,VL|walk,VL,,schematic,24.49281314168378,1
198000000151,VL,whish,VL|whish,VL,,schematic,24.49281314168378,2
198000000151,VL-about,talk,VL-about|talk,VL,about,prep,33.03285420944559,1
198000000151,VL-across,walk,VL-across|walk,VL,across,prep,24.49281314168378,1
198000000151,VL-at,go,VL-at|go,VL,at,prep,41.0,4
198000000151,VL-at,look,VL-at|look,VL,at,prep,24.49281314168378,21
198000000151,VL-behind,go,VL-behind|go,VL,behind,prep,57.16427104722793,1
198000000151,VL-down,fall,VL-down|fall,VL,down,prep,41.0,1
198000000151,VL-down,get,VL-down|get,VL,down,prep,27.164271047227928,1
198000000151,VL-down,look,VL-down|look,VL,down,prep,41.0,1
198000000151,VL-down,sit,VL-down|sit,VL,down,prep,27.164271047227928,1
198000000151,VL-down,totter,VL-down|totter,VL,down,prep,24.49281314168378,1
198000000151,VL-in,bear,VL-in|bear,VL,in,prep,20.95277207392197,1
198000000151,VL-in,come,VL-in|come,VL,in,prep,41.0,1
198000000151,VL-in,find,VL-in|find,VL,in,prep,57.16427104722793,1
198000000151,VL-in,get,VL-in|get,VL,in,prep,35.85420944558521,1
198000000151,VL-in,go,VL-in|go,VL,in,prep,20.95277207392197,9
198000000151,VL-in,hear,VL-in|hear,VL,in,prep,57.16427104722793,1
198000000151,VL-in,hide,VL-in|hide,VL,in,prep,27.164271047227928,1
198000000151,VL-in,jump,VL-in|jump,VL,in,prep,24.49281314168378,3
198000000151,VL-in,look,VL-in|look,VL,in,prep,57.16427104722793,1
198000000151,VL-in,lose,VL-in|lose,VL,in,prep,41.0,1
198000000151,VL-in,swim,VL-in|swim,VL,in,prep,24.49281314168378,2
198000000151,VL-in,whish,VL-in|whish,VL,in,prep,24.49281314168378,2
198000000151,VL-into,go,VL-into|go,VL,into,prep,33.03285420944559,1
198000000151,VL-into,look,VL-into|look,VL,into,prep,30.164271047227928,1
198000000151,VL-off,get,VL-off|get,VL,off,prep,57.16427104722793,1
198000000151,VL-off,go,VL-off|go,VL,off,prep,57.16427104722793,1
198000000151,VL-on,go,VL-on|go,VL,on,prep,30.164271047227928,4
198000000151,VL-on,jump,VL-on|jump,VL,on,prep,27.164271047227928,3
198000000151,VL-on,play,VL-on|play,VL,on,prep,30.164271047227928,3
198000000151,VL-on,put,VL-on|put,VL,on,prep,35.85420944558521,1
198000000151,VL-on,sit,VL-on|sit,VL,on,prep,57.16427104722793,2
198000000151,VL-on,stand,VL-on|stand,VL,on,prep,27.164271047227928,3
198000000151,VL-over,crawl,VL-over|crawl,VL,over,prep,33.03285420944559,1
198000000151,VL-over,go,VL-over|go,VL,over,prep,27.164271047227928,1
198000000151,VL-through,get,VL-through|get,VL,through,prep,27.164271047227928,1
198000000151,VL-through,go,VL-through|go,VL,through,prep,57.16427104722793,1
198000000151,VL-through,squeeze,VL-through|squeeze,VL,through,prep,33.03285420944559,1
198000000151,VL-to,belong,VL-to|belong,VL,to,prep,27.164271047227928,1
198000000151,VL-to,give,VL-to|give,VL,to,prep,27.164271047227928,1
198000000151,VL-to,go,VL-to|go,VL,to,prep,27.164271047227928,4
198000000151,VL-to,listen,VL-to|listen,VL,to,prep,57.16427104722793,3
198000000151,VO,bang,VO|bang,VO,,schematic,27.164271047227928,1
198000000151,VO,break,VO|break,VO,,schematic,24.49281314168378,1
198000000151,VO,bring,VO|bring,VO,,schematic,30.164271047227928,1
198000000151,VO,call,VO|call,VO,,schematic,27.164271047227928,1
198000000151,VO,carry,VO|carry,VO,,schematic,30.164271047227928,1
198000000151,VO,catch,VO|catch,VO,,schematic,20.95277207392197,5
198000000151,VO,climb,VO|climb,VO,,schematic,41.0,1
198000000151,VO,come,VO|come,VO,,schematic,30.164271047227928,1
198000000151,VO,cook,VO|cook,VO,,schematic,30.164271047227928,1
198000000151,VO,cut,VO|cut,VO,,schematic,57.16427104722793,1
198000000151,VO,dance,VO|dance,VO,,schematic,20.95277207392197,8
198000000151,VO,do,VO|do,VO,,schematic,27.164271047227928,12
198000000151,VO,drink,VO|drink,VO,,schematic,30.164271047227928,4
198000000151,VO,drive,VO|drive,VO,,schematic,41.0,1
198000000151,VO,eat,VO|eat,VO,,schematic,20.95277207392197,7
198000000151,VO,find,VO|find,VO,,schematic,57.16427104722793,2
198000000151,VO,get,VO|get,VO,,schematic,24.49281314168378,29
198000000151,VO,give,VO|give,VO,,schematic,27.164271047227928,1
198000000151,VO,go,VO|go,VO,,schematic,27.164271047227928,4
198000000151,VO,have,VO|have,VO,,schematic,24.49281314168378,13
198000000151,VO,hear,VO|hear,VO,,schematic,57.16427104722793,1
198000000151,VO,help,VO|help,VO,,schematic,27.164271047227928,1
198000000151,VO,hold,VO|hold,VO,,schematic,27.164271047227928,4
198000000151,VO,hop,VO|hop,VO,,schematic,18.197125256673512,3
198000000151,VO,hurt,VO|hurt,VO,,schematic,41.0,1
198000000151,VO,keep,VO|keep,VO,,schematic,27.164271047227928,2
198000000151,VO,kick,VO|kick,VO,,schematic,35.85420944558521,1
198000000151,VO,know,VO|know,VO,,schematic,27.164271047227928,4
198000000151,VO,laugh,VO|laugh,VO,,schematic,41.0,1
198000000151,VO,let,VO|let,VO,,schematic,33.03285420944559,1
198000000151,VO,lick,VO|lick,VO,,schematic,57.16427104722793,2
198000000151,VO,lift,VO|lift,VO,,schematic,24.49281314168378,1
198000000151,VO,like,VO|like,VO,,schematic,27.164271047227928,8
198000000151,VO,look,VO|look,VO,,schematic,20.95277207392197,4
198000000151,VO,make,VO|make,VO,,schematic,24.49281314168378,12
198000000151,VO,need,VO|need,VO,,schematic,33.03285420944559,2
198000000151,VO,open,VO|open,VO,,schematic,24.49281314168378,4
198000000151,VO,peel,VO|peel,VO,,schematic,57.16427104722793,3
198000000151,VO,pick,VO|pick,VO,,schematic,27.164271047227928,4
198000000151,VO,play,VO|play,VO,,schematic,30.164271047227928,2
198000000151,VO,plop,VO|plop,VO,,schematic,33.03285420944559,1
198000000151,VO,pour,VO|pour,VO,,schematic,57.16427104722793,1
198000000151,VO,pull,VO|pull,VO,,schematic,27.164271047227928,1
198000000151,VO,put,VO|put,VO,,schematic,27.164271047227928,5
198000000151,VO,rattle,VO|rattle,VO,,schematic,41.0,1
198000000151,VO,read,VO|read,VO,,schematic,27.164271047227928,5
198000000151,VO,run,VO|run,VO,,schematic,20.95277207392197,1
198000000151,VO,say,VO|say,VO,,schematic,35.85420944558521,5
198000000151,VO,scrubb,VO|scrubb,VO,,schematic,30.164271047227928,1
198000000151,VO,see,VO|see,VO,,schematic,24.49281314168378,12
198000000151,VO,shut,VO|shut,VO,,schematic,30.164271047227928,2
198000000151,VO,sound,VO|sound,VO,,schematic,57.16427104722793,1
198000000151,VO,squeeze,VO|squeeze,VO,,schematic,35.85420944558521,1
198000000151,VO,steam,VO|steam,VO,,schematic,20.95277207392197,1
198000000151,VO,take,VO|take,VO,,schematic,27.164271047227928,14
198000000151,VO,think,VO|think,VO,,schematic,27.164271047227928,2
198000000151,VO,throw,VO|throw,VO,,schematic,35.85420944558521,1
198000000151,VO,tickle,VO|tickle,VO,,schematic,27.164271047227928,1
198000000151,VO,tock,VO|tock,VO,,schematic,20.95277207392197,3
198000000151,VO,turn,VO|turn,VO,,schematic,35.85420944558521,4
198000000151,VO,understand,VO|understand,VO,,schematic,57.16427104722793,2
198000000151,VO,use,VO|use,VO,,schematic,35.85420944558521,1
198000000151,VO,waiting,VO|waiting,VO,,schematic,41.0,1
198000000151,VO,want,VO|want,VO,,schematic,20.95277207392197,20
198000000151,VOL,eat,VOL|eat,VOL,,schematic,57.16427104722793,1
198000000151,VOL,get,VOL|get,VOL,,schematic,30.164271047227928,2
198000000151,VOL,give,VOL|give,VOL,,schematic,35.85420944558521,1
198000000151,VOL,go,VOL|go,VOL,,schematic,30.164271047227928,1
198000000151,VOL,have,VOL|have,VOL,,schematic,41.0,1
198000000151,VOL,kick,VOL|kick,VOL,,schematic,35.85420944558521,1
198000000151,VOL,let,VOL|let,VOL,,schematic,33.03285420944559,1
198000000151,VOL,like,VOL|like,VOL,,schematic,35.85420944558521,1
198000000151,VOL,listen,VOL|listen,VOL,,schematic,35.85420944558521,1
198000000151,VOL,pick,VOL|pick,VOL,,schematic,27.164271047227928,1
198000000151,VOL,pour,VOL|pour,VOL,,schematic,30.164271047227928,2
198000000151,VOL,put,VOL|put,VOL,,schematic,24.49281314168378,10
198000000151,VOL,roll,VOL|roll,VOL,,schematic,57.16427104722793,1
198000000151,VOL,see,VOL|see,VOL,,schematic,27.164271047227928,1
198000000151,VOL,switch,VOL|switch,VOL,,schematic,41.0,1
198000000151,VOL,take,VOL|take,VOL,,schematic,27.164271047227928,10
198000000151,VOL,throw,VOL|throw,VOL,,schematic,41.0,1
198000000151,VOL,want,VOL|want,VOL,,schematic,41.0,1
198000000151,VOL,wash,VOL|wash,VOL,,schematic,33.03285420944559,1
198000000151,VOL,whish,VOL|whish,VOL,,schematic,20.95277207392197,2
198000000151,VOL-down,put,VOL-down|put,VOL,down,prep,41.0,2
198000000151,VOL-down,throw,VOL-down|throw,VOL,down,prep,41.0,1
198000000151,VOL-down,whish,VOL-down|whish,VOL,down,prep,20.95277207392197,2
198000000151,VOL-from,take,VOL-from|take,VOL,from,prep,30.164271047227928,2
198000000151,VOL-in,get,VOL-in|get,VOL,in,prep,30.164271047227928,2
198000000151,VOL-in,go,VOL-in|go,VOL,in,prep,30.164271047227928,1
198000000151,VOL-in,let,VOL-in|let,VOL,in,prep,33.03285420944559,1
198000000151,VOL-in,like,VOL-in|like,VOL,in,prep,35.85420944558521,1
198000000151,VOL-in,put,VOL-in|put,VOL,in,prep,41.0,2
198000000151,VOL-in,see,VOL-in|see,VOL,in,prep,27.164271047227928,1
198000000151,VOL-in,take,VOL-in|take,VOL,in,prep,41.0,1
198000000151,VOL-in,wash,VOL-in|wash,VOL,in,prep,33.03285420944559,1
198000000151,VOL-into,pour,VOL-into|pour,VOL,into,prep,30.164271047227928,2
198000000151,VOL-into,roll,VOL-into|roll,VOL,into,prep,57.16427104722793,1
198000000151,VOL-off,eat,VOL-off|eat,VOL,off,prep,57.16427104722793,1
198000000151,VOL-off,kick,VOL-off|kick,VOL,off,prep,35.85420944558521,1
198000000151,VOL-off,pick,VOL-off|pick,VOL,off,prep,27.164271047227928,1
198000000151,VOL-off,switch,VOL-off|switch,VOL,off,prep,41.0,1
198000000151,VOL-off,take,VOL-off|take,VOL,off,prep,27.164271047227928,5
198000000151,VOL-on,have,VOL-on|have,VOL,on,prep,41.0,1
198000000151,VOL-on,put,VOL-on|put,VOL,on,prep,27.164271047227928,5
198000000151,VOL-over,put,VOL-over|put,VOL,over,prep,24.49281314168378,1
198000000151,VOL-over,want,VOL-over|want,VOL,over,prep,41.0,1
198000000151,VOL-to,give,VOL-to|give,VOL,to,prep,35.85420944558521,1
198000000151,VOL-to,listen,VOL-to|listen,VOL,to,prep,35.85420944558521,1
198000000151,VOL-to,take,VOL-to|take,VOL,to,prep,33.03285420944559,2
198000000151,VOO,get,VOO|get,VOO,,schematic,27.164271047227928,1
198000000151,VOO,give,VOO|give,VOO,,schematic,41.0,3
198000000151,VOO,make,VOO|make,VOO,,schematic,57.16427104722793,2
198000000151,VOO,pour,VOO|pour,VOO,,schematic,30.164271047227928,1
198000000151,VOO,tell,VOO|tell,VOO,,schematic,41.0,1
198000000162,VL,come,VL|come,VL,,schematic,33.0,2
198000000162,VL,fall,VL|fall,VL,,schematic,36.0,3
198000000162,VL,fight,VL|fight,VL,,schematic,42.03285420944559,1
198000000162,VL,go,VL|go,VL,,schematic,33.0,6
198000000162,VL,look,VL|look,VL,,schematic,42.03285420944559,2
198000000162,VL,play,VL|play,VL,,schematic,42.03285420944559,1
198000000162,VL,scribble,VL|scribble,VL,,schematic,39.0,1
198000000162,VL,sit,VL|sit,VL,,schematic,33.0,2
198000000162,VL,step,VL|step,VL,,schematic,39.0,1
198000000162,VL,turn,VL|turn,VL,,schematic,36.0,1
198000000162,VL,win,VL|win,VL,,schematic,58.09856262833676,1
198000000162,VL-at,look,VL-at|look,VL,at,prep,42.03285420944559,2
198000000162,VL-down,fall,VL-down|fall,VL,down,prep,36.0,2
198000000162,VL-down,sit,VL-down|sit,VL,down,prep,33.0,1
198000000162,VL-in,go,VL-in|go,VL,in,prep,42.03285420944559,1
198000000162,VL-in,play,VL-in|play,VL,in,prep,42.03285420944559,1
198000000162,VL-in,scribble,VL-in|scribble,VL,in,prep,39.0,1
198000000162,VL-in,sit,VL-in|sit,VL,in,prep,33.0,1
198000000162,VL-off,come,VL-off|come,VL,off,prep,39.0,1
198000000162,VL-off,fall,VL-off|fall,VL,off,prep,42.03285420944559,1
198000000162,VL-off,turn,VL-off|turn,VL,off,prep,36.0,1
198000000162,VL-on,come,VL-on|come,VL,on,prep,33.0,1
198000000162,VL-on,fight,VL-on|fight,VL,on,prep,42.03285420944559,1
198000000162,VL-on,go,VL-on|go,VL,on,prep,39.0,1
198000000162,VL-on,step,VL-on|step,VL,on,prep,39.0,1
198000000162,VL-to,go,VL-to|go,VL,to,prep,33.0,4
198000000162,VL-under,win,VL-under|win,VL,under,prep,58.09856262833676,1
198000000162,VO,bring,VO|bring,VO,,schematic,39.0,2
198000000162,VO,catch,VO|catch,VO,,schematic,58.09856262833676,1
198000000162,VO,clean,VO|clean,VO,,schematic,58.09856262833676,1
198000000162,VO,cook,VO|cook,VO,,schematic,58.09856262833676,4
198000000162,VO,cut,VO|cut,VO,,schematic,33.0,5
198000000162,VO,ding,VO|ding,VO,,schematic,42.03285420944559,6
198000000162,VO,do,VO|do,VO,,schematic,27.06570841889117,6
198000000162,VO,draw,VO|draw,VO,,schematic,33.0,1
198000000162,VO,drink,VO|drink,VO,,schematic,33.0,1
198000000162,VO,drop,VO|drop,VO,,schematic,27.06570841889117,1
198000000162,VO,eat,VO|eat,VO,,schematic,33.0,5
198000000162,VO,expect,VO|expect,VO,,schematic,33.0,1
198000000162,VO,fetch,VO|fetch,VO,,schematic,30.032854209445585,1
198000000162,VO,finish,VO|finish,VO,,schematic,30.032854209445585,4
198000000162,VO,fix,VO|fix,VO,,schematic,42.03285420944559,1
198000000162,VO,get,VO|get,VO,,schematic,24.032854209445585,46
198000000162,VO,go,VO|go,VO,,schematic,30.032854209445585,2
198000000162,VO,have,VO|have,VO,,schematic,27.06570841889117,12
198000000162,VO,hurt,VO|hurt,VO,,schematic,39.0,2
198000000162,VO,let,VO|let,VO,,schematic,36.0,2
198000000162,VO,like,VO|like,VO,,schematic,39.0,4
198000000162,VO,look,VO|look,VO,,schematic,24.032854209445585,8
198000000162,VO,make,VO|make,VO,,schematic,39.0,9
198000000162,VO,map,VO|map,VO,,schematic,36.0,1
198000000162,VO,mind,VO|mind,VO,,schematic,36.0,2
198000000162,VO,mix,VO|mix,VO,,schematic,42.03285420944559,2
198000000162,VO,mum,VO|mum,VO,,schematic,30.032854209445585,3
198000000162,VO,mummie,VO|mummie,VO,,schematic,39.0,1
198000000162,VO,need,VO|need,VO,,schematic,27.06570841889117,2
198000000162,VO,open,VO|open,VO,,schematic,36.0,2
198000000162,VO,pardon,VO|pardon,VO,,schematic,39.0,7
198000000162,VO,pick,VO|pick,VO,,schematic,30.032854209445585,1
198000000162,VO,pinch,VO|pinch,VO,,schematic,33.0,3
198000000162,VO,play,VO|play,VO,,schematic,42.03285420944559,2
198000000162,VO,poach,VO|poach,VO,,schematic,58.09856262833676,1
198000000162,VO,put,VO|put,VO,,schematic,33.0,2
198000000162,VO,reach,VO|reach,VO,,schematic,39.0,2
198000000162,VO,read,VO|read,VO,,schematic,33.0,3
198000000162,VO,say,VO|say,VO,,schematic,58.09856262833676,3
198000000162,VO,scratch,VO|scratch,VO,,schematic,39.0,1
198000000162,VO,see,VO|see,VO,,schematic,36.0,2
198000000162,VO,shoot,VO|shoot,VO,,schematic,42.03285420944559,1
198000000162,VO,squash,VO|squash,VO,,schematic,36.0,1
198000000162,VO,take,VO|take,VO,,schematic,33.0,1
198000000162,VO,throw,VO|throw,VO,,schematic,58.09856262833676,2
198000000162,VO,use,VO|use,VO,,schematic,39.0,1
198000000162,VO,vacuum,VO|vacuum,VO,,schematic,42.03285420944559,1
198000000162,VO,want,VO|want,VO,,schematic,21.032854209445585,49
198000000162,VO,watch,VO|watch,VO,,schematic,33.0,4
198000000162,VO,wear,VO|wear,VO,,schematic,33.0,1
198000000162,VO,wipe,VO|wipe,VO,,schematic,39.0,1
198000000162,VO,wrap,VO|wrap,VO,,schematic,36.0,3
198000000162,VOL,do,VOL|do,VOL,,schematic,36.0,1
198000000162,VOL,pour,VOL|pour,VOL,,schematic,39.0,1
198000000162,VOL,put,VOL|put,VOL,,schematic,24.032854209445585,4
198000000162,VOL,shoot,VOL|shoot,VOL,,schematic,33.0,1
198000000162,VOL,stick,VOL|stick,VOL,,schematic,58.09856262833676,1
198000000162,VOL,turn,VOL|turn,VOL,,schematic,36.0,1
198000000162,VOL,want,VOL|want,VOL,,schematic,30.032854209445585,3
198000000162,VOL-down,shoot,VOL-down|shoot,VOL,down,prep,33.0,1
198000000162,VOL-in,put,VOL-in|put,VOL,in,prep,36.0,1
198000000162,VOL-in,stick,VOL-in|stick,VOL,in,prep,58.09856262833676,1
198000000162,VOL-into,put,VOL-into|put,VOL,into,prep,42.03285420944559,1
198000000162,VOL-off,turn,VOL-off|turn,VOL,off,prep,36.0,1
198000000162,VOL-off,want,VOL-off|want,VOL,off,prep,30.032854209445585,2
198000000162,VOL-on,pour,VOL-on|pour,VOL,on,prep,39.0,1
198000000162,VOL-on,put,VOL-on|put,VOL,on,prep,24.032854209445585,1
198000000162,VOL-on,want,VOL-on|want,VOL,on,prep,42.03285420944559,1
198000000162,VOL-over,put,VOL-over|put,VOL,over,prep,39.0,1
198000000162,VOL-to,do,VOL-to|do,VOL,to,prep,36.0,1
198000000162,VOO,give,VOO|give,VOO,,schematic,33.0,3
198000000162,VOO,read,VOO|read,VOO,,schematic,33.0,1
198000000162,VOO,show,VOO|show,VOO,,schematic,58.09856262833676,1
198000000177,VL,carry,VL|carry,VL,,schematic,33.427104722792606,1
198000000177,VL,come,VL|come,VL,,schematic,24.06570841889117,8
198000000177,VL,drink,VL|drink,VL,,schematic,41.8870636550308,1
198000000177,VL,dry,VL|dry,VL,,schematic,38.95277207392197,1
198000000177,VL,fall,VL|fall,VL,,schematic,36.19712525667351,1
198000000177,VL,get,VL|get,VL,,schematic,38.95277207392197,2
198000000177,VL,give,VL|give,VL,,schematic,41.8870636550308,1
198000000177,VL,go,VL|go,VL,,schematic,29.0,13
198000000177,VL,hold,VL|hold,VL,,schematic,56.13141683778234,1
198000000177,VL,lay,VL|lay,VL,,schematic,38.95277207392197,2
198000000177,VL,lie,VL|lie,VL,,schematic,38.95277207392197,3
198000000177,VL,look,VL|look,VL,,schematic,38.95277207392197,1
198000000177,VL,put,VL|put,VL,,schematic,38.95277207392197,3
198000000177,VL,sit,VL|sit,VL,,schematic,38.95277207392197,11
198000000177,VL,wait,VL|wait,VL,,schematic,56.13141683778234,1
198000000177,VL-at,look,VL-at|look,VL,at,prep,38.95277207392197,1
198000000177,VL-down,carry,VL-down|carry,VL,down,prep,33.427104722792606,1
198000000177,VL-down,come,VL-down|come,VL,down,prep,29.0,1
198000000177,VL-down,fall,VL-down|fall,VL,down,prep,36.19712525667351,1
198000000177,VL-down,sit,VL-down|sit,VL,down,prep,38.95277207392197,2
198000000177,VL-in,drink,VL-in|drink,VL,in,prep,41.8870636550308,1
198000000177,VL-in,go,VL-in|go,VL,in,prep,36.19712525667351,1
198000000177,VL-in,put,VL-in|put,VL,in,prep,38.95277207392197,1
198000000177,VL-in,sit,VL-in|sit,VL,in,prep,38.95277207392197,2
198000000177,VL-in,wait,VL-in|wait,VL,in,prep,56.13141683778234,1
198000000177,VL-into,go,VL-into|go,VL,into,prep,56.13141683778234,1
198000000177,VL-off,get,VL-off|get,VL,off,prep,38.95277207392197,1
198000000177,VL-on,come,VL-on|come,VL,on,prep,24.06570841889117,7
198000000177,VL-on,dry,VL-on|dry,VL,on,prep,38.95277207392197,1
198000000177,VL-on,get,VL-on|get,VL,on,prep,38.95277207392197,1
198000000177,VL-on,go,VL-on|go,VL,on,prep,29.0,8
198000000177,VL-on,hold,VL-on|hold,VL,on,prep,56.13141683778234,1
198000000177,VL-on,lay,VL-on|lay,VL,on,prep,38.95277207392197,2
198000000177,VL-on,lie,VL-on|lie,VL,on,prep,38.95277207392197,3
198000000177,VL-on,put,VL-on|put,VL,on,prep,56.13141683778234,2
198000000177,VL-on,sit,VL-on|sit,VL,on,prep,41.8870636550308,7
198000000177,VL-to,give,VL-to|give,VL,to,prep,41.8870636550308,1
198000000177,VL-to,go,VL-to|go,VL,to,prep,33.427104722792606,3
198000000177,VO,bang,VO|bang,VO,,schematic,26.985626283367555,1
198000000177,VO,beep,VO|beep,VO,,schematic,36.19712525667351,1
198000000177,VO,blow,VO|blow,VO,,schematic,56.13141683778234,2
198000000177,VO,bring,VO|bring,VO,,schematic,56.13141683778234,1
198000000177,VO,come,VO|come,VO,,schematic,38.95277207392197,2
198000000177,VO,cut,VO|cut,VO,,schematic,56.13141683778234,3
198000000177,VO,do,VO|do,VO,,schematic,24.06570841889117,15
198000000177,VO,eat,VO|eat,VO,,schematic,41.8870636550308,1
198000000177,VO,excuse,VO|excuse,VO,,schematic,36.19712525667351,1
198000000177,VO,find,VO|find,VO,,schematic,41.8870636550308,2
198000000177,VO,finish,VO|finish,VO,,schematic,56.13141683778234,3
198000000177,VO,fit,VO|fit,VO,,schematic,41.8870636550308,1
198000000177,VO,get,VO|get,VO,,schematic,33.427104722792606,24
198000000177,VO,go,VO|go,VO,,schematic,33.427104722792606,4
198000000177,VO,have,VO|have,VO,,schematic,26.985626283367555,13
198000000177,VO,help,VO|help,VO,,schematic,38.95277207392197,1
198000000177,VO,hold,VO|hold,VO,,schematic,24.06570841889117,1
198000000177,VO,know,VO|know,VO,,schematic,41.8870636550308,2
198000000177,VO,leave,VO|leave,VO,,schematic,56.13141683778234,1
198000000177,VO,like,VO|like,VO,,schematic,41.8870636550308,1
198000000177,VO,listen,VO|listen,VO,,schematic,29.0,2
198000000177,VO,look,VO|look,VO,,schematic,38.95277207392197,1
198000000177,VO,make,VO|make,VO,,schematic,36.19712525667351,6
198000000177,VO,need,VO|need,VO,,schematic,36.19712525667351,4
198000000177,VO,open,VO|open,VO,,schematic,26.985626283367555,14
198000000177,VO,play,VO|play,VO,,schematic,33.427104722792606,3
198000000177,VO,pull,VO|pull,VO,,schematic,56.13141683778234,1
198000000177,VO,push,VO|push,VO,,schematic,38.95277207392197,1
198000000177,VO,put,VO|put,VO,,schematic,33.427104722792606,10
198000000177,VO,ring,VO|ring,VO,,schematic,38.95277207392197,1
198000000177,VO,roll,VO|roll,VO,,schematic,56.13141683778234,1
198000000177,VO,say,VO|say,VO,,schematic,36.19712525667351,3
198000000177,VO,see,VO|see,VO,,schematic,36.19712525667351,6
198000000177,VO,show,VO|show,VO,,schematic,26.985626283367555,1
198000000177,VO,shut,VO|shut,VO,,schematic,33.427104722792606,1
198000000177,VO,stand,VO|stand,VO,,schematic,36.19712525667351,1
198000000177,VO,start,VO|start,VO,,schematic,56.13141683778234,2
198000000177,VO,stop,VO|stop,VO,,schematic,36.19712525667351,2
198000000177,VO,take,VO|take,VO,,schematic,18.0,10
198000000177,VO,tip,VO|tip,VO,,schematic,36.19712525667351,1
198000000177,VO,use,VO|use,VO,,schematic,38.95277207392197,1
198000000177,VO,want,VO|want,VO,,schematic,29.0,15
198000000177,VO,watch,VO|watch,VO,,schematic,41.8870636550308,1
198000000177,VOL,fall,VOL|fall,VOL,,schematic,29.0,1
198000000177,VOL,get,VOL|get,VOL,,schematic,36.19712525667351,2
198000000177,VOL,go,VOL|go,VOL,,schematic,36.19712525667351,1
198000000177,VOL,have,VOL|have,VOL,,schematic,38.95277207392197,3
198000000177,VOL,make,VOL|make,VOL,,schematic,56.13141683778234,1
198000000177,VOL,pour,VOL|pour,VOL,,schematic,56.13141683778234,1
198000000177,VOL,put,VOL|put,VOL,,schematic,36.19712525667351,21
198000000177,VOL,sit,VOL|sit,VOL,,schematic,36.19712525667351,2
198000000177,VOL,turn,VOL|turn,VOL,,schematic,33.427104722792606,1
198000000177,VOL,want,VOL|want,VOL,,schematic,29.0,2
198000000177,VOL-down,fall,VOL-down|fall,VOL,down,prep,29.0,1
198000000177,VOL-down,put,VOL-down|put,VOL,down,prep,36.19712525667351,3
198000000177,VOL-down,sit,VOL-down|sit,VOL,down,prep,36.19712525667351,2
198000000177,VOL-in,have,VOL-in|have,VOL,in,prep,41.8870636550308,1
198000000177,VOL-in,put,VOL-in|put,VOL,in,prep,36.19712525667351,10
198000000177,VOL-into,pour,VOL-into|pour,VOL,into,prep,56.13141683778234,1
198000000177,VOL-off,get,VOL-off|get,VOL,off,prep,36.19712525667351,1
198000000177,VOL-off,have,VOL-off|have,VOL,off,prep,41.8870636550308,1
198000000177,VOL-on,get,VOL-on|get,VOL,on,prep,41.8870636550308,1
198000000177,VOL-on,have,VOL-on|have,VOL,on,prep,38.95277207392197,1
198000000177,VOL-on,make,VOL-on|make,VOL,on,prep,56.13141683778234,1
198000000177,VOL-on,put,VOL-on|put,VOL,on,prep,36.19712525667351,8
198000000177,VOL-on,turn,VOL-on|turn,VOL,on,prep,33.427104722792606,1
198000000177,VOL-on,want,VOL-on|want,VOL,on,prep,29.0,2
198000000177,VOL-to,go,VOL-to|go,VOL,to,prep,36.19712525667351,1
198000000177,VOO,give,VOO|give,VOO,,schematic,56.13141683778234,1
198000000177,VOO,keep,VOO|keep,VOO,,schematic,38.95277207392197,1
198000000177,VOO,make,VOO|make,VOO,,schematic,56.13141683778234,1
198000000177,VOO,wish,VOO|wish,VOO,,schematic,56.13141683778234,3
198000000184,VL,come,VL|come,VL,,schematic,33.78850102669404,9
198000000184,VL,fall,VL|fall,VL,,schematic,26.82135523613963,11
198000000184,VL,fly,VL|fly,VL,,schematic,57.03285420944559,3
198000000184,VL,get,VL|get,VL,,schematic,39.26283367556468,1
198000000184,VL,go,VL|go,VL,,schematic,29.427104722792606,6
198000000184,VL,look,VL|look,VL,,schematic,35.85420944558521,8
198000000184,VL,play,VL|play,VL,,schematic,35.85420944558521,1
198000000184,VL,pretend,VL|pretend,VL,,schematic,39.26283367556468,1
198000000184,VL,see,VL|see,VL,,schematic,39.26283367556468,1
198000000184,VL,sit,VL|sit,VL,,schematic,21.13141683778234,2
198000000184,VL,walk,VL|walk,VL,,schematic,57.03285420944559,1
198000000184,VL-at,look,VL-at|look,VL,at,prep,35.85420944558521,8
198000000184,VL-down,fall,VL-down|fall,VL,down,prep,26.82135523613963,9
198000000184,VL-in,come,VL-in|come,VL,in,prep,33.78850102669404,2
198000000184,VL-in,go,VL-in|go,VL,in,prep,29.427104722792606,2
198000000184,VL-in,play,VL-in|play,VL,in,prep,35.85420944558521,1
198000000184,VL-in,pretend,VL-in|pretend,VL,in,prep,39.26283367556468,1
198000000184,VL-in,see,VL-in|see,VL,in,prep,39.26283367556468,1
198000000184,VL-in,walk,VL-in|walk,VL,in,prep,57.03285420944559,1
198000000184,VL-off,come,VL-off|come,VL,off,prep,35.85420944558521,4
198000000184,VL-on,come,VL-on|come,VL,on,prep,35.85420944558521,2
198000000184,VL-on,fall,VL-on|fall,VL,on,prep,57.03285420944559,2
198000000184,VL-on,get,VL-on|get,VL,on,prep,39.26283367556468,1
198000000184,VL-on,go,VL-on|go,VL,on,prep,29.427104722792606,2
198000000184,VL-on,sit,VL-on|sit,VL,on,prep,21.13141683778234,2
198000000184,VL-over,come,VL-over|come,VL,over,prep,57.03285420944559,1
198000000184,VL-over,go,VL-over|go,VL,over,prep,57.03285420944559,1
198000000184,VL-through,fly,VL-through|fly,VL,through,prep,57.03285420944559,3
198000000184,VL-to,go,VL-to|go,VL,to,prep,57.03285420944559,1
198000000184,VO,bite,VO|bite,VO,,schematic,39.26283367556468,1
198000000184,VO,borrow,VO|borrow,VO,,schematic,35.85420944558521,1
198000000184,VO,build,VO|build,VO,,schematic,39.26283367556468,1
198000000184,VO,buy,VO|buy,VO,,schematic,29.427104722792606,3
198000000184,VO,catch,VO|catch,VO,,schematic,57.03285420944559,1
198000000184,VO,cover,VO|cover,VO,,schematic,35.85420944558521,2
198000000184,VO,do,VO|do,VO,,schematic,29.427104722792606,33
198000000184,VO,eat,VO|eat,VO,,schematic,57.03285420944559,1
198000000184,VO,fall,VO|fall,VO,,schematic,35.85420944558521,1
198000000184,VO,find,VO|find,VO,,schematic,35.85420944558521,2
198000000184,VO,fix,VO|fix,VO,,schematic,39.26283367556468,1
198000000184,VO,get,VO|get,VO,,schematic,26.82135523613963,43
198000000184,VO,go,VO|go,VO,,schematic,41.75564681724846,2
198000000184,VO,have,VO|have,VO,,schematic,29.427104722792606,12
198000000184,VO,help,VO|help,VO,,schematic,29.427104722792606,1
198000000184,VO,hurt,VO|hurt,VO,,schematic,26.82135523613963,2
198000000184,VO,know,VO|know,VO,,schematic,39.26283367556468,2
198000000184,VO,leave,VO|leave,VO,,schematic,35.85420944558521,4
198000000184,VO,let,VO|let,VO,,schematic,29.427104722792606,4
198000000184,VO,like,VO|like,VO,,schematic,41.75564681724846,2
198000000184,VO,look,VO|look,VO,,schematic,24.06570841889117,13
198000000184,VO,lose,VO|lose,VO,,schematic,33.78850102669404,1
198000000184,VO,make,VO|make,VO,,schematic,29.427104722792606,4
198000000184,VO,miss,VO|miss,VO,,schematic,33.78850102669404,4
198000000184,VO,need,VO|need,VO,,schematic,39.26283367556468,1
198000000184,VO,pick,VO|pick,VO,,schematic,24.06570841889117,3
198000000184,VO,play,VO|play,VO,,schematic,35.85420944558521,2
198000000184,VO,punch,VO|punch,VO,,schematic,39.26283367556468,1
198000000184,VO,pup,VO|pup,VO,,schematic,57.03285420944559,1
198000000184,VO,put,VO|put,VO,,schematic,39.26283367556468,3
198000000184,VO,rub,VO|rub,VO,,schematic,57.03285420944559,1
198000000184,VO,say,VO|say,VO,,schematic,33.78850102669404,15
198000000184,VO,see,VO|see,VO,,schematic,33.78850102669404,4
198000000184,VO,shake,VO|shake,VO,,schematic,57.03285420944559,1
198000000184,VO,shift,VO|shift,VO,,schematic,39.26283367556468,1
198000000184,VO,shout,VO|shout,VO,,schematic,35.85420944558521,1
198000000184,VO,shut,VO|shut,VO,,schematic,39.26283367556468,2
198000000184,VO,start,VO|start,VO,,schematic,39.26283367556468,1
198000000184,VO,steal,VO|steal,VO,,schematic,41.75564681724846,1
198000000184,VO,stop,VO|stop,VO,,schematic,57.03285420944559,1
198000000184,VO,suck,VO|suck,VO,,schematic,26.82135523613963,1
198000000184,VO,take,VO|take,VO,,schematic,57.03285420944559,1
198000000184,VO,taste,VO|taste,VO,,schematic,57.03285420944559,1
198000000184,VO,tell,VO|tell,VO,,schematic,57.03285420944559,1
198000000184,VO,touch,VO|touch,VO,,schematic,57.03285420944559,1
198000000184,VO,wake,VO|wake,VO,,schematic,35.85420944558521,2
198000000184,VO,want,VO|want,VO,,schematic,24.06570841889117,32
198000000184,VO,wash,VO|wash,VO,,schematic,29.427104722792606,1
198000000184,VO,watch,VO|watch,VO,,schematic,29.427104722792606,9
198000000184,VO,whack,VO|whack,VO,,schematic,41.75564681724846,1
198000000184,VO,wipe,VO|wipe,VO,,schematic,35.85420944558521,1
198000000184,VOL,carry,VOL|carry,VOL,,schematic,39.26283367556468,1
198000000184,VOL,cut,VOL|cut,VOL,,schematic,39.26283367556468,1
198000000184,VOL,do,VOL|do,VOL,,schematic,57.03285420944559,3
198000000184,VOL,fall,VOL|fall,VOL,,schematic,29.427104722792606,2
198000000184,VOL,get,VOL|get,VOL,,schematic,35.85420944558521,6
198000000184,VOL,have,VOL|have,VOL,,schematic,39.26283367556468,1
198000000184,VOL,put,VOL|put,VOL,,schematic,35.85420944558521,6
198000000184,VOL,ride,VOL|ride,VOL,,schematic,39.26283367556468,1
198000000184,VOL,see,VOL|see,VOL,,schematic,35.85420944558521,1
198000000184,VOL,take,VOL|take,VOL,,schematic,57.03285420944559,5
198000000184,VOL-down,fall,VOL-down|fall,VOL,down,prep,29.427104722792606,2
198000000184,VOL-down,put,VOL-down|put,VOL,down,prep,41.75564681724846,1
198000000184,VOL-in,carry,VOL-in|carry,VOL,in,prep,39.26283367556468,1
198000000184,VOL-in,get,VOL-in|get,VOL,in,prep,57.03285420944559,1
198000000184,VOL-in,put,VOL-in|put,VOL,in,prep,39.26283367556468,2
198000000184,VOL-off,cut,VOL-off|cut,VOL,off,prep,39.26283367556468,1
198000000184,VOL-off,have,VOL-off|have,VOL,off,prep,39.26283367556468,1
198000000184,VOL-off,take,VOL-off|take,VOL,off,prep,57.03285420944559,5
198000000184,VOL-on,do,VOL-on|do,VOL,on,prep,57.03285420944559,3
198000000184,VOL-on,get,VOL-on|get,VOL,on,prep,35.85420944558521,4
198000000184,VOL-on,put,VOL-on|put,VOL,on,prep,35.85420944558521,3
198000000184,VOL-on,ride,VOL-on|ride,VOL,on,prep,39.26283367556468,1
198000000184,VOL-on,see,VOL-on|see,VOL,on,prep,35.85420944558521,1
198000000184,VOL-over,get,VOL-over|get,VOL,over,prep,41.75564681724846,1
198000000184,VOO,ask,VOO|ask,VOO,,schematic,39.26283367556468,1
198000000184,VOO,bring,VOO|bring,VOO,,schematic,39.26283367556468,2
198000000184,VOO,build,VOO|build,VOO,,schematic,39.26283367556468,1
198000000184,VOO,do,VOO|do,VOO,,schematic,35.85420944558521,3
198000000184,VOO,get,VOO|get,VOO,,schematic,39.26283367556468,1
198000000184,VOO,give,VOO|give,VOO,,schematic,57.03285420944559,2
198000000184,VOO,make,VOO|make,VOO,,schematic,29.427104722792606,1
198000000184,VOO,show,VOO|show,VOO,,schematic,26.82135523613963,1
198000000184,VOO,write,VOO|write,VOO,,schematic,39.26283367556468,1
198000000197,VL,come,VL|come,VL,,schematic,18.0,4
198000000197,VL,do,VL|do,VL,,schematic,60.62422997946612,1
198000000197,VL,get,VL|get,VL,,schematic,30.032854209445585,1
198000000197,VL,go,VL|go,VL,,schematic,21.0,8
198000000197,VL,lay,VL|lay,VL,,schematic,41.98562628336756,1
198000000197,VL,look,VL|look,VL,,schematic,18.0,5
198000000197,VL,say,VL|say,VL,,schematic,60.62422997946612,1
198000000197,VL,slip,VL|slip,VL,,schematic,60.62422997946612,1
198000000197,VL,take,VL|take,VL,,schematic,60.62422997946612,2
198000000197,VL,touch,VL|touch,VL,,schematic,60.62422997946612,1
198000000197,VL-about,say,VL-about|say,VL,about,prep,60.62422997946612,1
198000000197,VL-at,look,VL-at|look,VL,at,prep,18.0,4
198000000197,VL-down,come,VL-down|come,VL,down,prep,41.98562628336756,1
198000000197,VL-down,go,VL-down|go,VL,down,prep,39.19712525667351,1
198000000197,VL-down,lay,VL-down|lay,VL,down,prep,41.98562628336756,1
198000000197,VL-in,do,VL-in|do,VL,in,prep,60.62422997946612,1
198000000197,VL-in,get,VL-in|get,VL,in,prep,30.032854209445585,1
198000000197,VL-into,go,VL-into|go,VL,into,prep,60.62422997946612,1
198000000197,VL-off,come,VL-off|come,VL,off,prep,41.98562628336756,2
198000000197,VL-off,slip,VL-off|slip,VL,off,prep,60.62422997946612,1
198000000197,VL-off,take,VL-off|take,VL,off,prep,60.62422997946612,2
198000000197,VL-on,come,VL-on|come,VL,on,prep,18.0,1
198000000197,VL-on,go,VL-on|go,VL,on,prep,21.0,2
198000000197,VL-on,touch,VL-on|touch,VL,on,prep,60.62422997946612,1
198000000197,VL-through,look,VL-through|look,VL,through,prep,33.95277207392197,1
198000000197,VL-to,go,VL-to|go,VL,to,prep,39.19712525667351,4
198000000197,VO,ask,VO|ask,VO,,schematic,21.0,1
198000000197,VO,bear,VO|bear,VO,,schematic,30.032854209445585,1
198000000197,VO,bite,VO|bite,VO,,schematic,60.62422997946612,2
198000000197,VO,break,VO|break,VO,,schematic,33.95277207392197,5
198000000197,VO,carry,VO|carry,VO,,schematic,33.95277207392197,1
198000000197,VO,choke,VO|choke,VO,,schematic,21.0,1
198000000197,VO,choose,VO|choose,VO,,schematic,18.0,1
198000000197,VO,come,VO|come,VO,,schematic,60.62422997946612,1
198000000197,VO,cover,VO|cover,VO,,schematic,30.032854209445585,2
198000000197,VO,do,VO|do,VO,,schematic,21.0,17
198000000197,VO,draw,VO|draw,VO,,schematic,41.98562628336756,1
198000000197,VO,drink,VO|drink,VO,,schematic,39.19712525667351,1
198000000197,VO,drop,VO|drop,VO,,schematic,60.62422997946612,2
198000000197,VO,eat,VO|eat,VO,,schematic,39.19712525667351,4
198000000197,VO,find,VO|find,VO,,schematic,30.032854209445585,6
198000000197,VO,finish,VO|finish,VO,,schematic,18.0,1
198000000197,VO,freeze,VO|freeze,VO,,schematic,30.032854209445585,1
198000000197,VO,frighten,VO|frighten,VO,,schematic,60.62422997946612,1
198000000197,VO,get,VO|get,VO,,schematic,18.0,20
198000000197,VO,go,VO|go,VO,,schematic,41.98562628336756,2
198000000197,VO,have,VO|have,VO,,schematic,18.0,11
198000000197,VO,hear,VO|hear,VO,,schematic,21.0,2
198000000197,VO,help,VO|help,VO,,schematic,33.95277207392197,2
198000000197,VO,hold,VO|hold,VO,,schematic,33.95277207392197,1
198000000197,VO,hurt,VO|hurt,VO,,schematic,60.62422997946612,1
198000000197,VO,keep,VO|keep,VO,,schematic,60.62422997946612,2
198000000197,VO,kick,VO|kick,VO,,schematic,18.0,1
198000000197,VO,kill,VO|kill,VO,,schematic,33.95277207392197,1
198000000197,VO,know,VO|know,VO,,schematic,60.62422997946612,3
198000000197,VO,leave,VO|leave,VO,,schematic,30.032854209445585,2
198000000197,VO,let,VO|let,VO,,schematic,18.0,3
198000000197,VO,lid,VO|lid,VO,,schematic,60.62422997946612,1
198000000197,VO,lift,VO|lift,VO,,schematic,18.0,1
198000000197,VO,like,VO|like,VO,,schematic,21.0,4
198000000197,VO,look,VO|look,VO,,schematic,18.0,5
198000000197,VO,make,VO|make,VO,,schematic,60.62422997946612,6
198000000197,VO,mend,VO|mend,VO,,schematic,33.95277207392197,1
198000000197,VO,milk,VO|milk,VO,,schematic,39.19712525667351,1
198000000197,VO,mum,VO|mum,VO,,schematic,41.98562628336756,2
198000000197,VO,mummie,VO|mummie,VO,,schematic,41.98562628336756,3
198000000197,VO,pop,VO|pop,VO,,schematic,21.0,2
198000000197,VO,pull,VO|pull,VO,,schematic,60.62422997946612,1
198000000197,VO,push,VO|push,VO,,schematic,36.06570841889117,1
198000000197,VO,ride,VO|ride,VO,,schematic,41.98562628336756,1
198000000197,VO,see,VO|see,VO,,schematic,18.0,2
198000000197,VO,spin,VO|spin,VO,,schematic,60.62422997946612,1
198000000197,VO,spoiled,VO|spoiled,VO,,schematic,21.0,1
198000000197,VO,stop,VO|stop,VO,,schematic,18.0,2
198000000197,VO,take,VO|take,VO,,schematic,24.262833675564682,7
198000000197,VO,tear,VO|tear,VO,,schematic,33.95277207392197,2
198000000197,VO,think,VO|think,VO,,schematic,39.19712525667351,2
198000000197,VO,tip,VO|tip,VO,,schematic,21.0,1
198000000197,VO,try,VO|try,VO,,schematic,60.62422997946612,1
198000000197,VO,want,VO|want,VO,,schematic,18.0,14
198000000197,VO,wash,VO|wash,VO,,schematic,60.62422997946612,4
198000000197,VOL,get,VOL|get,VOL,,schematic,18.0,5
198000000197,VOL,go,VOL|go,VOL,,schematic,39.19712525667351,1
198000000197,VOL,leave,VOL|leave,VOL,,schematic,60.62422997946612,1
198000000197,VOL,put,VOL|put,VOL,,schematic,33.95277207392197,3
198000000197,VOL,see,VOL|see,VOL,,schematic,60.62422997946612,1
198000000197,VOL,take,VOL|take,VOL,,schematic,21.0,9
198000000197,VOL,want,VOL|want,VOL,,schematic,36.06570841889117,5
198000000197,VOL,wash,VOL|wash,VOL,,schematic,60.62422997946612,1
198000000197,VOL-down,get,VOL-down|get,VOL,down,prep,60.62422997946612,1
198000000197,VOL-down,go,VOL-down|go,VOL,down,prep,39.19712525667351,1
198000000197,VOL-in,get,VOL-in|get,VOL,in,prep,18.0,4
198000000197,VOL-in,leave,VOL-in|leave,VOL,in,prep,60.62422997946612,1
198000000197,VOL-in,want,VOL-in|want,VOL,in,prep,36.06570841889117,1
198000000197,VOL-off,take,VOL-off|take,VOL,off,prep,21.0,9
198000000197,VOL-off,want,VOL-off|want,VOL,off,prep,41.98562628336756,1
198000000197,VOL-off,wash,VOL-off|wash,VOL,off,prep,60.62422997946612,1
198000000197,VOL-on,put,VOL-on|put,VOL,on,prep,33.95277207392197,2
198000000197,VOL-on,see,VOL-on|see,VOL,on,prep,60.62422997946612,1
198000000197,VOL-on,want,VOL-on|want,VOL,on,prep,60.62422997946612,3
198000000197,VOL-over,put,VOL-over|put,VOL,over,prep,60.62422997946612,1
198000000197,VOO,buy,VOO|buy,VOO,,schematic,18.0,1
198000000197,VOO,do,VOO|do,VOO,,schematic,41.98562628336756,1
198000000197,VOO,get,VOO|get,VOO,,schematic,18.0,3
198000000197,VOO,give,VOO|give,VOO,,schematic,18.0,3
198000000197,VOO,show,VOO|show,VOO,,schematic,60.62422997946612,2
198000000213,VL,come,VL|come,VL,,schematic,23.95277207392197,6
198000000213,VL,crash,VL|crash,VL,,schematic,55.459958932238195,1
198000000213,VL,crayon,VL|crayon,VL,,schematic,30.06570841889117,1
198000000213,VL,fall,VL|fall,VL,,schematic,26.854209445585216,2
198000000213,VL,find,VL|find,VL,,schematic,55.459958932238195,1
198000000213,VL,get,VL|get,VL,,schematic,35.95277207392197,3
198000000213,VL,go,VL|go,VL,,schematic,23.95277207392197,26
198000000213,VL,hang,VL|hang,VL,,schematic,20.854209445585216,2
198000000213,VL,melt,VL|melt,VL,,schematic,38.91991786447639,1
198000000213,VL,put,VL|put,VL,,schematic,23.95277207392197,2
198000000213,VL,shoot,VL|shoot,VL,,schematic,55.459958932238195,1
198000000213,VL,sit,VL|sit,VL,,schematic,30.06570841889117,1
198000000213,VL,slip,VL|slip,VL,,schematic,55.459958932238195,1
198000000213,VL,stand,VL|stand,VL,,schematic,41.78850102669404,1
198000000213,VL,wave,VL|wave,VL,,schematic,41.78850102669404,1
198000000213,VL-around,go,VL-around|go,VL,around,prep,26.854209445585216,1
198000000213,VL-behind,go,VL-behind|go,VL,behind,prep,41.78850102669404,1
198000000213,VL-down,go,VL-down|go,VL,down,prep,55.459958932238195,1
198000000213,VL-in,come,VL-in|come,VL,in,prep,33.03285420944559,1
198000000213,VL-in,fall,VL-in|fall,VL,in,prep,26.854209445585216,2
198000000213,VL-in,find,VL-in|find,VL,in,prep,55.459958932238195,1
198000000213,VL-in,go,VL-in|go,VL,in,prep,23.95277207392197,6
198000000213,VL-in,melt,VL-in|melt,VL,in,prep,38.91991786447639,1
198000000213,VL-in,put,VL-in|put,VL,in,prep,38.91991786447639,1
198000000213,VL-in,shoot,VL-in|shoot,VL,in,prep,55.459958932238195,1
198000000213,VL-in,stand,VL-in|stand,VL,in,prep,41.78850102669404,1
198000000213,VL-in,wave,VL-in|wave,VL,in,prep,41.78850102669404,1
198000000213,VL-into,crash,VL-into|crash,VL,into,prep,55.459958932238195,1
198000000213,VL-into,go,VL-into|go,VL,into,prep,41.78850102669404,5
198000000213,VL-off,come,VL-off|come,VL,off,prep,55.459958932238195,1
198000000213,VL-off,get,VL-off|get,VL,off,prep,35.95277207392197,3
198000000213,VL-off,go,VL-off|go,VL,off,prep,38.91991786447639,3
198000000213,VL-on,come,VL-on|come,VL,on,prep,26.854209445585216,1
198000000213,VL-on,crayon,VL-on|crayon,VL,on,prep,30.06570841889117,1
198000000213,VL-on,go,VL-on|go,VL,on,prep,30.06570841889117,6
198000000213,VL-on,hang,VL-on|hang,VL,on,prep,20.854209445585216,2
198000000213,VL-on,put,VL-on|put,VL,on,prep,23.95277207392197,1
198000000213,VL-on,sit,VL-on|sit,VL,on,prep,30.06570841889117,1
198000000213,VL-on,slip,VL-on|slip,VL,on,prep,55.459958932238195,1
198000000213,VL-over,come,VL-over|come,VL,over,prep,23.95277207392197,2
198000000213,VL-through,go,VL-through|go,VL,through,prep,55.459958932238195,1
198000000213,VL-to,come,VL-to|come,VL,to,prep,35.95277207392197,1
198000000213,VL-to,go,VL-to|go,VL,to,prep,35.95277207392197,2
198000000213,VO,blow,VO|blow,VO,,schematic,33.03285420944559,3
198000000213,VO,break,VO|break,VO,,schematic,35.95277207392197,2
198000000213,VO,bring,VO|bring,VO,,schematic,33.03285420944559,1
198000000213,VO,build,VO|build,VO,,schematic,30.06570841889117,4
198000000213,VO,bullying,VO|bullying,VO,,schematic,33.03285420944559,1
198000000213,VO,burn,VO|burn,VO,,schematic,23.95277207392197,1
198000000213,VO,buy,VO|buy,VO,,schematic,23.95277207392197,4
198000000213,VO,call,VO|call,VO,,schematic,38.91991786447639,4
198000000213,VO,catch,VO|catch,VO,,schematic,26.854209445585216,1
198000000213,VO,chase,VO|chase,VO,,schematic,55.459958932238195,1
198000000213,VO,clean,VO|clean,VO,,schematic,55.459958932238195,1
198000000213,VO,come,VO|come,VO,,schematic,18.164271047227928,3
198000000213,VO,cooking,VO|cooking,VO,,schematic,23.95277207392197,1
198000000213,VO,count,VO|count,VO,,schematic,30.06570841889117,1
198000000213,VO,crumble,VO|crumble,VO,,schematic,41.78850102669404,1
198000000213,VO,cut,VO|cut,VO,,schematic,26.854209445585216,2
198000000213,VO,dance,VO|dance,VO,,schematic,55.459958932238195,1
198000000213,VO,do,VO|do,VO,,schematic,26.854209445585216,21
198000000213,VO,draw,VO|draw,VO,,schematic,30.06570841889117,4
198000000213,VO,drop,VO|drop,VO,,schematic,20.854209445585216,1
198000000213,VO,eat,VO|eat,VO,,schematic,23.95277207392197,18
198000000213,VO,eee,VO|eee,VO,,schematic,30.06570841889117,1
198000000213,VO,fall,VO|fall,VO,,schematic,55.459958932238195,1
198000000213,VO,find,VO|find,VO,,schematic,23.95277207392197,10
198000000213,VO,finish,VO|finish,VO,,schematic,35.95277207392197,1
198000000213,VO,fit,VO|fit,VO,,schematic,38.91991786447639,1
198000000213,VO,flateen,VO|flateen,VO,,schematic,41.78850102669404,1
198000000213,VO,forget,VO|forget,VO,,schematic,35.95277207392197,1
198000000213,VO,gallop,VO|gallop,VO,,schematic,55.459958932238195,5
198000000213,VO,get,VO|get,VO,,schematic,23.95277207392197,26
198000000213,VO,give,VO|give,VO,,schematic,23.95277207392197,2
198000000213,VO,go,VO|go,VO,,schematic,23.95277207392197,7
198000000213,VO,have,VO|have,VO,,schematic,23.95277207392197,25
198000000213,VO,help,VO|help,VO,,schematic,26.854209445585216,1
198000000213,VO,hold,VO|hold,VO,,schematic,35.95277207392197,3
198000000213,VO,hurt,VO|hurt,VO,,schematic,26.854209445585216,3
198000000213,VO,itching,VO|itching,VO,,schematic,41.78850102669404,1
198000000213,VO,keep,VO|keep,VO,,schematic,30.06570841889117,4
198000000213,VO,kill,VO|kill,VO,,schematic,35.95277207392197,1
198000000213,VO,know,VO|know,VO,,schematic,23.95277207392197,6
198000000213,VO,lay,VO|lay,VO,,schematic,55.459958932238195,4
198000000213,VO,leave,VO|leave,VO,,schematic,20.854209445585216,5
198000000213,VO,let,VO|let,VO,,schematic,26.854209445585216,3
198000000213,VO,like,VO|like,VO,,schematic,23.95277207392197,12
198000000213,VO,look,VO|look,VO,,schematic,38.91991786447639,5
198000000213,VO,love,VO|love,VO,,schematic,33.03285420944559,3
198000000213,VO,make,VO|make,VO,,schematic,23.95277207392197,36
198000000213,VO,mean,VO|mean,VO,,schematic,33.03285420944559,1
198000000213,VO,mend,VO|mend,VO,,schematic,23.95277207392197,7
198000000213,VO,mummie,VO|mummie,VO,,schematic,23.95277207392197,2
198000000213,VO,need,VO|need,VO,,schematic,20.854209445585216,5
198000000213,VO,open,VO|open,VO,,schematic,26.854209445585216,3
198000000213,VO,pick,VO|pick,VO,,schematic,23.95277207392197,3
198000000213,VO,plant,VO|plant,VO,,schematic,41.78850102669404,1
198000000213,VO,press,VO|press,VO,,schematic,38.91991786447639,2
198000000213,VO,pull,VO|pull,VO,,schematic,26.854209445585216,3
198000000213,VO,push,VO|push,VO,,schematic,55.459958932238195,1
198000000213,VO,put,VO|put,VO,,schematic,23.95277207392197,12
198000000213,VO,read,VO|read,VO,,schematic,23.95277207392197,22
198000000213,VO,roll,VO|roll,VO,,schematic,41.78850102669404,4
198000000213,VO,say,VO|say,VO,,schematic,23.95277207392197,8
198000000213,VO,see,VO|see,VO,,schematic,20.854209445585216,11
198000000213,VO,separate,VO|separate,VO,,schematic,35.95277207392197,1
198000000213,VO,shake,VO|shake,VO,,schematic,35.95277207392197,1
198000000213,VO,shoot,VO|shoot,VO,,schematic,35.95277207392197,6
198000000213,VO,sing,VO|sing,VO,,schematic,23.95277207392197,3
198000000213,VO,squeez,VO|squeez,VO,,schematic,38.91991786447639,1
198000000213,VO,squeeze,VO|squeeze,VO,,schematic,38.91991786447639,3
198000000213,VO,stretch,VO|stretch,VO,,schematic,35.95277207392197,1
198000000213,VO,take,VO|take,VO,,schematic,26.854209445585216,4
198000000213,VO,tell,VO|tell,VO,,schematic,55.459958932238195,3
198000000213,VO,think,VO|think,VO,,schematic,26.854209445585216,1
198000000213,VO,tickle,VO|tickle,VO,,schematic,18.164271047227928,3
198000000213,VO,tip,VO|tip,VO,,schematic,38.91991786447639,1
198000000213,VO,touch,VO|touch,VO,,schematic,55.459958932238195,1
198000000213,VO,turn,VO|turn,VO,,schematic,35.95277207392197,3
198000000213,VO,use,VO|use,VO,,schematic,55.459958932238195,2
198000000213,VO,want,VO|want,VO,,schematic,20.854209445585216,19
198000000213,VO,wash,VO|wash,VO,,schematic,26.854209445585216,3
198000000213,VO,watch,VO|watch,VO,,schematic,26.854209445585216,5
198000000213,VO,wind,VO|wind,VO,,schematic,38.91991786447639,1
198000000213,VO,wish,VO|wish,VO,,schematic,35.95277207392197,1
198000000213,VO,wonder,VO|wonder,VO,,schematic,38.91991786447639,1
198000000213,VO,wriggle,VO|wriggle,VO,,schematic,26.854209445585216,2
198000000213,VOL,break,VOL|break,VOL,,schematic,35.95277207392197,1
198000000213,VOL,bring,VOL|bring,VOL,,schematic,38.91991786447639,1
198000000213,VOL,drive,VOL|drive,VOL,,schematic,41.78850102669404,1
198000000213,VOL,eat,VOL|eat,VOL,,schematic,26.854209445585216,3
198000000213,VOL,find,VOL|find,VOL,,schematic,55.459958932238195,2
198000000213,VOL,get,VOL|get,VOL,,schematic,35.95277207392197,2
198000000213,VOL,give,VOL|give,VOL,,schematic,55.459958932238195,1
198000000213,VOL,go,VOL|go,VOL,,schematic,30.06570841889117,1
198000000213,VOL,have,VOL|have,VOL,,schematic,35.95277207392197,2
198000000213,VOL,keep,VOL|keep,VOL,,schematic,55.459958932238195,1
198000000213,VOL,leave,VOL|leave,VOL,,schematic,30.06570841889117,1
198000000213,VOL,make,VOL|make,VOL,,schematic,35.95277207392197,3
198000000213,VOL,peck,VOL|peck,VOL,,schematic,30.06570841889117,1
198000000213,VOL,pull,VOL|pull,VOL,,schematic,26.854209445585216,2
198000000213,VOL,put,VOL|put,VOL,,schematic,20.854209445585216,19
198000000213,VOL,read,VOL|read,VOL,,schematic,30.06570841889117,2
198000000213,VOL,rub,VOL|rub,VOL,,schematic,38.91991786447639,1
198000000213,VOL,shoot,VOL|shoot,VOL,,schematic,55.459958932238195,1
198000000213,VOL,snap,VOL|snap,VOL,,schematic,38.91991786447639,1
198000000213,VOL,squeeze,VOL|squeeze,VOL,,schematic,38.91991786447639,1
198000000213,VOL,stick,VOL|stick,VOL,,schematic,55.459958932238195,1
198000000213,VOL,take,VOL|take,VOL,,schematic,23.95277207392197,4
198000000213,VOL,talk,VOL|talk,VOL,,schematic,55.459958932238195,1
198000000213,VOL,want,VOL|want,VOL,,schematic,26.854209445585216,2
198000000213,VOL-about,talk,VOL-about|talk,VOL,about,prep,55.459958932238195,1
198000000213,VOL-down,pull,VOL-down|pull,VOL,down,prep,26.854209445585216,2
198000000213,VOL-down,rub,VOL-down|rub,VOL,down,prep,38.91991786447639,1
198000000213,VOL-in,drive,VOL-in|drive,VOL,in,prep,41.78850102669404,1
198000000213,VOL-in,eat,VOL-in|eat,VOL,in,prep,26.854209445585216,2
198000000213,VOL-in,find,VOL-in|find,VOL,in,prep,55.459958932238195,2
198000000213,VOL-in,get,VOL-in|get,VOL,in,prep,35.95277207392197,1
198000000213,VOL-in,go,VOL-in|go,VOL,in,prep,30.06570841889117,1
198000000213,VOL-in,have,VOL-in|have,VOL,in,prep,35.95277207392197,2
198000000213,VOL-in,make,VOL-in|make,VOL,in,prep,38.91991786447639,1
198000000213,VOL-in,put,VOL-in|put,VOL,in,prep,26.854209445585216,12
198000000213,VOL-in,shoot,VOL-in|shoot,VOL,in,prep,55.459958932238195,1
198000000213,VOL-in,squeeze,VOL-in|squeeze,VOL,in,prep,38.91991786447639,1
198000000213,VOL-into,eat,VOL-into|eat,VOL,into,prep,33.03285420944559,1
198000000213,VOL-into,make,VOL-into|make,VOL,into,prep,35.95277207392197,1
198000000213,VOL-into,take,VOL-into|take,VOL,into,prep,26.854209445585216,1
198000000213,VOL-off,get,VOL-off|get,VOL,off,prep,55.459958932238195,1
198000000213,VOL-off,peck,VOL-off|peck,VOL,off,prep,30.06570841889117,1
198000000213,VOL-off,take,VOL-off|take,VOL,off,prep,23.95277207392197,3
198000000213,VOL-off,want,VOL-off|want,VOL,off,prep,33.03285420944559,1
198000000213,VOL-on,keep,VOL-on|keep,VOL,on,prep,55.459958932238195,1
198000000213,VOL-on,make,VOL-on|make,VOL,on,prep,38.91991786447639,1
198000000213,VOL-on,put,VOL-on|put,VOL,on,prep,20.854209445585216,7
198000000213,VOL-on,stick,VOL-on|stick,VOL,on,prep,55.459958932238195,1
198000000213,VOL-on,want,VOL-on|want,VOL,on,prep,26.854209445585216,1
198000000213,VOL-onto,snap,VOL-onto|snap,VOL,onto,prep,38.91991786447639,1
198000000213,VOL-over,bring,VOL-over|bring,VOL,over,prep,38.91991786447639,1
198000000213,VOL-to,break,VOL-to|break,VOL,to,prep,35.95277207392197,1
198000000213,VOL-to,give,VOL-to|give,VOL,to,prep,55.459958932238195,1
198000000213,VOL-to,leave,VOL-to|leave,VOL,to,prep,30.06570841889117,1
198000000213,VOL-to,read,VOL-to|read,VOL,to,prep,30.06570841889117,2
198000000213,VOO,ask,VOO|ask,VOO,,schematic,41.78850102669404,1
198000000213,VOO,buy,VOO|buy,VOO,,schematic,55.459958932238195,1
198000000213,VOO,cut,VOO|cut,VOO,,schematic,26.854209445585216,2
198000000213,VOO,do,VOO|do,VOO,,schematic,33.03285420944559,2
198000000213,VOO,get,VOO|get,VOO,,schematic,38.91991786447639,1
198000000213,VOO,give,VOO|give,VOO,,schematic,23.95277207392197,3
198000000213,VOO,make,VOO|make,VOO,,schematic,23.95277207392197,3
198000000213,VOO,read,VOO|read,VOO,,schematic,23.95277207392197,3
198000000213,VOO,show,VOO|show,VOO,,schematic,30.06570841889117,4
198000000213,VOO,take,VOO|take,VOO,,schematic,26.854209445585216,1
198000000213,VOO,tell,VOO|tell,VOO,,schematic,55.459958932238195,2
198000000221,VL,come,VL|come,VL,,schematic,30.098562628336754,10
198000000221,VL,dance,VL|dance,VL,,schematic,42.06570841889117,1
198000000221,VL,fall,VL|fall,VL,,schematic,28.525667351129364,3
198000000221,VL,get,VL|get,VL,,schematic,28.525667351129364,6
198000000221,VL,go,VL|go,VL,,schematic,30.098562628336754,11
198000000221,VL,lie,VL|lie,VL,,schematic,30.098562628336754,2
198000000221,VL,look,VL|look,VL,,schematic,42.06570841889117,1
198000000221,VL,play,VL|play,VL,,schematic,39.0,2
198000000221,VL,sit,VL|sit,VL,,schematic,28.525667351129364,6
198000000221,VL,walk,VL|walk,VL,,schematic,39.0,1
198000000221,VL,want,VL|want,VL,,schematic,30.098562628336754,1
198000000221,VL-across,go,VL-across|go,VL,across,prep,30.098562628336754,1
198000000221,VL-at,look,VL-at|look,VL,at,prep,42.06570841889117,1
198000000221,VL-down,come,VL-down|come,VL,down,prep,36.2299794661191,1
198000000221,VL-down,fall,VL-down|fall,VL,down,prep,28.525667351129364,2
198000000221,VL-down,get,VL-down|get,VL,down,prep,28.525667351129364,1
198000000221,VL-down,go,VL-down|go,VL,down,prep,39.0,2
198000000221,VL-down,lie,VL-down|lie,VL,down,prep,30.098562628336754,1
198000000221,VL-down,sit,VL-down|sit,VL,down,prep,28.525667351129364,3
198000000221,VL-down,want,VL-down|want,VL,down,prep,30.098562628336754,1
198000000221,VL-in,come,VL-in|come,VL,in,prep,39.0,3
198000000221,VL-in,dance,VL-in|dance,VL,in,prep,42.06570841889117,1
198000000221,VL-in,get,VL-in|get,VL,in,prep,42.06570841889117,1
198000000221,VL-in,lie,VL-in|lie,VL,in,prep,30.098562628336754,1
198000000221,VL-in,play,VL-in|play,VL,in,prep,39.0,2
198000000221,VL-in,walk,VL-in|walk,VL,in,prep,39.0,1
198000000221,VL-into,go,VL-into|go,VL,into,prep,33.427104722792606,1
198000000221,VL-off,come,VL-off|come,VL,off,prep,30.098562628336754,1
198000000221,VL-off,get,VL-off|get,VL,off,prep,42.06570841889117,1
198000000221,VL-on,come,VL-on|come,VL,on,prep,30.098562628336754,4
198000000221,VL-on,get,VL-on|get,VL,on,prep,28.525667351129364,3
198000000221,VL-on,go,VL-on|go,VL,on,prep,30.098562628336754,6
198000000221,VL-on,sit,VL-on|sit,VL,on,prep,36.2299794661191,2
198000000221,VL-over,come,VL-over|come,VL,over,prep,39.0,1
198000000221,VL-over,fall,VL-over|fall,VL,over,prep,39.0,1
198000000221,VL-over,sit,VL-over|sit,VL,over,prep,42.06570841889117,1
198000000221,VL-to,go,VL-to|go,VL,to,prep,39.0,1
198000000221,VO,catch,VO|catch,VO,,schematic,30.098562628336754,1
198000000221,VO,chop,VO|chop,VO,,schematic,42.06570841889117,2
198000000221,VO,cock,VO|cock,VO,,schematic,36.2299794661191,1
198000000221,VO,come,VO|come,VO,,schematic,36.2299794661191,3
198000000221,VO,count,VO|count,VO,,schematic,36.2299794661191,1
198000000221,VO,cry,VO|cry,VO,,schematic,33.427104722792606,1
198000000221,VO,do,VO|do,VO,,schematic,28.525667351129364,3
198000000221,VO,get,VO|get,VO,,schematic,28.525667351129364,15
198000000221,VO,go,VO|go,VO,,schematic,28.525667351129364,4
198000000221,VO,hang,VO|hang,VO,,schematic,33.427104722792606,1
198000000221,VO,have,VO|have,VO,,schematic,30.098562628336754,13
198000000221,VO,hurt,VO|hurt,VO,,schematic,42.06570841889117,1
198000000221,VO,leave,VO|leave,VO,,schematic,39.0,1
198000000221,VO,let,VO|let,VO,,schematic,30.098562628336754,6
198000000221,VO,like,VO|like,VO,,schematic,36.2299794661191,3
198000000221,VO,look,VO|look,VO,,schematic,18.032854209445585,6
198000000221,VO,make,VO|make,VO,,schematic,30.098562628336754,2
198000000221,VO,mind,VO|mind,VO,,schematic,24.197125256673512,2
198000000221,VO,pack,VO|pack,VO,,schematic,42.06570841889117,1
198000000221,VO,pass,VO|pass,VO,,schematic,30.098562628336754,1
198000000221,VO,pee,VO|pee,VO,,schematic,33.427104722792606,1
198000000221,VO,pick,VO|pick,VO,,schematic,30.098562628336754,2
198000000221,VO,play,VO|play,VO,,schematic,30.098562628336754,2
198000000221,VO,pull,VO|pull,VO,,schematic,33.427104722792606,1
198000000221,VO,push,VO|push,VO,,schematic,30.098562628336754,3
198000000221,VO,put,VO|put,VO,,schematic,30.098562628336754,3
198000000221,VO,say,VO|say,VO,,schematic,39.0,1
198000000221,VO,see,VO|see,VO,,schematic,24.197125256673512,11
198000000221,VO,swallow,VO|swallow,VO,,schematic,30.098562628336754,1
198000000221,VO,take,VO|take,VO,,schematic,36.2299794661191,3
198000000221,VO,tickle,VO|tickle,VO,,schematic,39.0,1
198000000221,VO,want,VO|want,VO,,schematic,24.197125256673512,10
198000000221,VO,wear,VO|wear,VO,,schematic,36.2299794661191,2
198000000221,VOL,bring,VOL|bring,VOL,,schematic,36.2299794661191,1
198000000221,VOL,get,VOL|get,VOL,,schematic,39.0,2
198000000221,VOL,put,VOL|put,VOL,,schematic,30.098562628336754,8
198000000221,VOL,sit,VOL|sit,VOL,,schematic,30.098562628336754,1
198000000221,VOL,take,VOL|take,VOL,,schematic,30.098562628336754,5
198000000221,VOL-down,bring,VOL-down|bring,VOL,down,prep,36.2299794661191,1
198000000221,VOL-down,put,VOL-down|put,VOL,down,prep,30.098562628336754,2
198000000221,VOL-down,sit,VOL-down|sit,VOL,down,prep,30.098562628336754,1
198000000221,VOL-in,get,VOL-in|get,VOL,in,prep,39.0,1
198000000221,VOL-in,put,VOL-in|put,VOL,in,prep,39.0,1
198000000221,VOL-off,get,VOL-off|get,VOL,off,prep,42.06570841889117,1
198000000221,VOL-off,take,VOL-off|take,VOL,off,prep,30.098562628336754,5
198000000221,VOL-on,put,VOL-on|put,VOL,on,prep,30.098562628336754,5
198000000221,VOO,pick,VOO|pick,VOO,,schematic,30.098562628336754,1
198000000221,VOO,show,VOO|show,VOO,,schematic,39.0,1
198000000244,VL,get,VL|get,VL,,schematic,39.0,2
198000000244,VL,go,VL|go,VL,,schematic,41.95277207392197,1
198000000244,VL,play,VL|play,VL,,schematic,41.95277207392197,1
198000000244,VL,put,VL|put,VL,,schematic,41.95277207392197,2
198000000244,VL,sit,VL|sit,VL,,schematic,30.032854209445585,2
198000000244,VL,work,VL|work,VL,,schematic,27.032854209445585,1
198000000244,VL-at,work,VL-at|work,VL,at,prep,27.032854209445585,1
198000000244,VL-in,get,VL-in|get,VL,in,prep,39.0,2
198000000244,VL-in,go,VL-in|go,VL,in,prep,41.95277207392197,1
198000000244,VL-in,put,VL-in|put,VL,in,prep,41.95277207392197,1
198000000244,VL-in,sit,VL-in|sit,VL,in,prep,30.032854209445585,1
198000000244,VL-off,play,VL-off|play,VL,off,prep,41.95277207392197,1
198000000244,VL-on,put,VL-on|put,VL,on,prep,41.95277207392197,1
198000000244,VL-on,sit,VL-on|sit,VL,on,prep,30.032854209445585,1
198000000244,VO,bang,VO|bang,VO,,schematic,39.0,1
198000000244,VO,bounce,VO|bounce,VO,,schematic,33.78850102669404,1
198000000244,VO,choppe,VO|choppe,VO,,schematic,39.0,1
198000000244,VO,come,VO|come,VO,,schematic,39.0,1
198000000244,VO,do,VO|do,VO,,schematic,39.0,1
198000000244,VO,eat,VO|eat,VO,,schematic,41.95277207392197,3
198000000244,VO,get,VO|get,VO,,schematic,23.854209445585216,6
198000000244,VO,have,VO|have,VO,,schematic,39.0,2
198000000244,VO,know,VO|know,VO,,schematic,41.95277207392197,1
198000000244,VO,lift,VO|lift,VO,,schematic,39.0,1
198000000244,VO,like,VO|like,VO,,schematic,39.0,1
198000000244,VO,put,VO|put,VO,,schematic,41.95277207392197,2
198000000244,VO,say,VO|say,VO,,schematic,41.95277207392197,1
198000000244,VO,sit,VO|sit,VO,,schematic,30.032854209445585,1
198000000244,VO,stop,VO|stop,VO,,schematic,39.0,3
198000000244,VO,take,VO|take,VO,,schematic,33.78850102669404,1
198000000244,VO,tick,VO|tick,VO,,schematic,30.032854209445585,1
198000000244,VO,want,VO|want,VO,,schematic,33.78850102669404,9
198000000244,VOL,get,VOL|get,VOL,,schematic,39.0,2
198000000244,VOL,hit,VOL|hit,VOL,,schematic,41.95277207392197,1
198000000244,VOL,put,VOL|put,VOL,,schematic,33.78850102669404,4
198000000244,VOL,read,VOL|read,VOL,,schematic,39.0,1
198000000244,VOL-down,put,VOL-down|put,VOL,down,prep,39.0,1
198000000244,VOL-in,get,VOL-in|get,VOL,in,prep,41.95277207392197,1
198000000244,VOL-in,hit,VOL-in|hit,VOL,in,prep,41.95277207392197,1
198000000244,VOL-in,put,VOL-in|put,VOL,in,prep,33.78850102669404,1
198000000244,VOL-on,get,VOL-on|get,VOL,on,prep,39.0,1
198000000244,VOL-on,put,VOL-on|put,VOL,on,prep,39.0,2
198000000244,VOL-on,read,VOL-on|read,VOL,on,prep,39.0,1
198000000244,VOO,give,VOO|give,VOO,,schematic,30.032854209445585,3
198000000250,VL,be,VL|be,VL,,schematic,41.91991786447639,1
198000000250,VL,beak,VL|beak,VL,,schematic,41.91991786447639,1
198000000250,VL,come,VL|come,VL,,schematic,24.262833675564682,7
198000000250,VL,crawl,VL|crawl,VL,,schematic,39.16427104722793,2
198000000250,VL,draw,VL|draw,VL,,schematic,39.16427104722793,1
198000000250,VL,get,VL|get,VL,,schematic,24.262833675564682,4
198000000250,VL,go,VL|go,VL,,schematic,24.262833675564682,10
198000000250,VL,look,VL|look,VL,,schematic,21.06570841889117,2
198000000250,VL,play,VL|play,VL,,schematic,27.098562628336754,2
198000000250,VL,sit,VL|sit,VL,,schematic,36.13141683778234,2
198000000250,VL-at,look,VL-at|look,VL,at,prep,21.06570841889117,2
198000000250,VL-down,come,VL-down|come,VL,down,prep,41.91991786447639,1
198000000250,VL-down,crawl,VL-down|crawl,VL,down,prep,39.16427104722793,2
198000000250,VL-in,be,VL-in|be,VL,in,prep,41.91991786447639,1
198000000250,VL-in,beak,VL-in|beak,VL,in,prep,41.91991786447639,1
198000000250,VL-in,come,VL-in|come,VL,in,prep,24.262833675564682,1
198000000250,VL-in,go,VL-in|go,VL,in,prep,27.098562628336754,1
198000000250,VL-in,play,VL-in|play,VL,in,prep,39.16427104722793,1
198000000250,VL-into,come,VL-into|come,VL,into,prep,39.16427104722793,1
198000000250,VL-off,get,VL-off|get,VL,off,prep,24.262833675564682,3
198000000250,VL-off,go,VL-off|go,VL,off,prep,24.262833675564682,2
198000000250,VL-on,come,VL-on|come,VL,on,prep,24.262833675564682,4
198000000250,VL-on,draw,VL-on|draw,VL,on,prep,39.16427104722793,1
198000000250,VL-on,get,VL-on|get,VL,on,prep,36.13141683778234,1
198000000250,VL-on,go,VL-on|go,VL,on,prep,24.262833675564682,4
198000000250,VL-on,play,VL-on|play,VL,on,prep,27.098562628336754,1
198000000250,VL-on,sit,VL-on|sit,VL,on,prep,36.13141683778234,2
198000000250,VL-to,go,VL-to|go,VL,to,prep,29.854209445585216,3
198000000250,VO,borrow,VO|borrow,VO,,schematic,27.098562628336754,1
198000000250,VO,bring,VO|bring,VO,,schematic,41.91991786447639,2
198000000250,VO,build,VO|build,VO,,schematic,32.78850102669404,1
198000000250,VO,choose,VO|choose,VO,,schematic,36.13141683778234,1
198000000250,VO,come,VO|come,VO,,schematic,29.854209445585216,1
198000000250,VO,dig,VO|dig,VO,,schematic,21.06570841889117,1
198000000250,VO,do,VO|do,VO,,schematic,21.06570841889117,6
198000000250,VO,find,VO|find,VO,,schematic,39.16427104722793,1
198000000250,VO,fit,VO|fit,VO,,schematic,41.91991786447639,1
198000000250,VO,fly,VO|fly,VO,,schematic,24.262833675564682,2
198000000250,VO,get,VO|get,VO,,schematic,21.06570841889117,22
198000000250,VO,go,VO|go,VO,,schematic,27.098562628336754,4
198000000250,VO,have,VO|have,VO,,schematic,21.06570841889117,18
198000000250,VO,hear,VO|hear,VO,,schematic,41.91991786447639,1
198000000250,VO,help,VO|help,VO,,schematic,27.098562628336754,2
198000000250,VO,hold,VO|hold,VO,,schematic,21.06570841889117,6
198000000250,VO,jump,VO|jump,VO,,schematic,24.262833675564682,1
198000000250,VO,keep,VO|keep,VO,,schematic,27.098562628336754,2
198000000250,VO,kick,VO|kick,VO,,schematic,41.91991786447639,4
198000000250,VO,know,VO|know,VO,,schematic,41.91991786447639,1
198000000250,VO,let,VO|let,VO,,schematic,24.262833675564682,5
198000000250,VO,like,VO|like,VO,,schematic,21.06570841889117,1
198000000250,VO,look,VO|look,VO,,schematic,21.06570841889117,5
198000000250,VO,make,VO|make,VO,,schematic,29.854209445585216,1
198000000250,VO,mend,VO|mend,VO,,schematic,29.854209445585216,1
198000000250,VO,mind,VO|mind,VO,,schematic,29.854209445585216,1
198000000250,VO,pick,VO|pick,VO,,schematic,27.098562628336754,1
198000000250,VO,pinch,VO|pinch,VO,,schematic,41.91991786447639,2
198000000250,VO,play,VO|play,VO,,schematic,41.91991786447639,1
198000000250,VO,pull,VO|pull,VO,,schematic,21.06570841889117,2
198000000250,VO,push,VO|push,VO,,schematic,27.098562628336754,2
198000000250,VO,put,VO|put,VO,,schematic,21.06570841889117,8
198000000250,VO,see,VO|see,VO,,schematic,32.78850102669404,6
198000000250,VO,smell,VO|smell,VO,,schematic,29.854209445585216,1
198000000250,VO,start,VO|start,VO,,schematic,21.06570841889117,1
198000000250,VO,take,VO|take,VO,,schematic,21.06570841889117,3
198000000250,VO,tellie,VO|tellie,VO,,schematic,32.78850102669404,1
198000000250,VO,throw,VO|throw,VO,,schematic,36.13141683778234,1
198000000250,VO,try,VO|try,VO,,schematic,24.262833675564682,2
198000000250,VO,turn,VO|turn,VO,,schematic,32.78850102669404,2
198000000250,VO,want,VO|want,VO,,schematic,24.262833675564682,21
198000000250,VO,wash,VO|wash,VO,,schematic,41.91991786447639,1
198000000250,VO,watch,VO|watch,VO,,schematic,24.262833675564682,1
198000000250,VO,wear,VO|wear,VO,,schematic,41.91991786447639,1
198000000250,VO,wiggle,VO|wiggle,VO,,schematic,41.91991786447639,1
198000000250,VO,wipe,VO|wipe,VO,,schematic,29.854209445585216,1
198000000250,VOL,blow,VOL|blow,VOL,,schematic,41.91991786447639,1
198000000250,VOL,bring,VOL|bring,VOL,,schematic,41.91991786447639,1
198000000250,VOL,clip,VOL|clip,VOL,,schematic,36.13141683778234,1
198000000250,VOL,do,VOL|do,VOL,,schematic,24.262833675564682,1
198000000250,VOL,fly,VOL|fly,VOL,,schematic,24.262833675564682,1
198000000250,VOL,get,VOL|get,VOL,,schematic,41.91991786447639,1
198000000250,VOL,put,VOL|put,VOL,,schematic,21.06570841889117,3
198000000250,VOL,roll,VOL|roll,VOL,,schematic,29.854209445585216,1
198000000250,VOL,see,VOL|see,VOL,,schematic,39.16427104722793,1
198000000250,VOL,send,VOL|send,VOL,,schematic,41.91991786447639,1
198000000250,VOL,take,VOL|take,VOL,,schematic,24.262833675564682,5
198000000250,VOL,throw,VOL|throw,VOL,,schematic,36.13141683778234,3
198000000250,VOL,tip,VOL|tip,VOL,,schematic,27.098562628336754,1
198000000250,VOL,want,VOL|want,VOL,,schematic,32.78850102669404,2
198000000250,VOL-down,bring,VOL-down|bring,VOL,down,prep,41.91991786447639,1
198000000250,VOL-down,clip,VOL-down|clip,VOL,down,prep,36.13141683778234,1
198000000250,VOL-down,fly,VOL-down|fly,VOL,down,prep,24.262833675564682,1
198000000250,VOL-down,see,VOL-down|see,VOL,down,prep,39.16427104722793,1
198000000250,VOL-from,take,VOL-from|take,VOL,from,prep,32.78850102669404,1
198000000250,VOL-in,get,VOL-in|get,VOL,in,prep,41.91991786447639,1
198000000250,VOL-in,put,VOL-in|put,VOL,in,prep,21.06570841889117,2
198000000250,VOL-in,take,VOL-in|take,VOL,in,prep,24.262833675564682,4
198000000250,VOL-in,throw,VOL-in|throw,VOL,in,prep,41.91991786447639,1
198000000250,VOL-off,blow,VOL-off|blow,VOL,off,prep,41.91991786447639,1
198000000250,VOL-off,want,VOL-off|want,VOL,off,prep,32.78850102669404,1
198000000250,VOL-on,do,VOL-on|do,VOL,on,prep,24.262833675564682,1
198000000250,VOL-on,put,VOL-on|put,VOL,on,prep,36.13141683778234,1
198000000250,VOL-on,send,VOL-on|send,VOL,on,prep,41.91991786447639,1
198000000250,VOL-on,throw,VOL-on|throw,VOL,on,prep,36.13141683778234,2
198000000250,VOL-on,want,VOL-on|want,VOL,on,prep,39.16427104722793,1
198000000250,VOL-over,tip,VOL-over|tip,VOL,over,prep,27.098562628336754,1
198000000250,VOL-to,roll,VOL-to|roll,VOL,to,prep,29.854209445585216,1
198000000250,VOO,get,VOO|get,VOO,,schematic,24.262833675564682,3
198000000250,VOO,give,VOO|give,VOO,,schematic,41.91991786447639,3
198000000258,VL,come,VL|come,VL,,schematic,32.82135523613963,3
198000000258,VL,fall,VL|fall,VL,,schematic,32.82135523613963,1
198000000258,VL,find,VL|find,VL,,schematic,21.13141683778234,1
198000000258,VL,go,VL|go,VL,,schematic,18.06570841889117,6
198000000258,VL,hang,VL|hang,VL,,schematic,21.13141683778234,1
198000000258,VL,listen,VL|listen,VL,,schematic,36.19712525667351,1
198000000258,VL,look,VL|look,VL,,schematic,21.13141683778234,1
198000000258,VL,speak,VL|speak,VL,,schematic,18.06570841889117,2
198000000258,VL,step,VL|step,VL,,schematic,27.39425051334702,1
198000000258,VL,walk,VL|walk,VL,,schematic,36.19712525667351,4
198000000258,VL-at,look,VL-at|look,VL,at,prep,21.13141683778234,1
198000000258,VL-down,fall,VL-down|fall,VL,down,prep,32.82135523613963,1
198000000258,VL-in,find,VL-in|find,VL,in,prep,21.13141683778234,1
198000000258,VL-in,go,VL-in|go,VL,in,prep,18.06570841889117,1
198000000258,VL-on,come,VL-on|come,VL,on,prep,32.82135523613963,3
198000000258,VL-on,go,VL-on|go,VL,on,prep,36.19712525667351,5
198000000258,VL-on,step,VL-on|step,VL,on,prep,27.39425051334702,1
198000000258,VL-on,walk,VL-on|walk,VL,on,prep,36.19712525667351,4
198000000258,VL-through,speak,VL-through|speak,VL,through,prep,18.06570841889117,1
198000000258,VL-to,hang,VL-to|hang,VL,to,prep,21.13141683778234,1
198000000258,VL-to,listen,VL-to|listen,VL,to,prep,36.19712525667351,1
198000000258,VL-to,speak,VL-to|speak,VL,to,prep,29.8870636550308,1
198000000258,VO,bite,VO|bite,VO,,schematic,29.8870636550308,1
198000000258,VO,break,VO|break,VO,,schematic,36.19712525667351,1
198000000258,VO,bring,VO|bring,VO,,schematic,27.39425051334702,1
198000000258,VO,brush,VO|brush,VO,,schematic,29.8870636550308,1
198000000258,VO,cake,VO|cake,VO,,schematic,24.032854209445585,1
198000000258,VO,chat,VO|chat,VO,,schematic,27.39425051334702,1
198000000258,VO,clap,VO|clap,VO,,schematic,39.09856262833676,3
198000000258,VO,climb,VO|climb,VO,,schematic,36.19712525667351,1
198000000258,VO,come,VO|come,VO,,schematic,29.8870636550308,1
198000000258,VO,cook,VO|cook,VO,,schematic,36.19712525667351,3
198000000258,VO,din,VO|din,VO,,schematic,21.13141683778234,1
198000000258,VO,do,VO|do,VO,,schematic,27.39425051334702,11
198000000258,VO,doo,VO|doo,VO,,schematic,18.06570841889117,2
198000000258,VO,eat,VO|eat,VO,,schematic,36.19712525667351,4
198000000258,VO,excuse,VO|excuse,VO,,schematic,18.06570841889117,1
198000000258,VO,feed,VO|feed,VO,,schematic,21.13141683778234,1
198000000258,VO,feel,VO|feel,VO,,schematic,36.19712525667351,1
198000000258,VO,find,VO|find,VO,,schematic,39.09856262833676,1
198000000258,VO,get,VO|get,VO,,schematic,18.06570841889117,24
198000000258,VO,go,VO|go,VO,,schematic,27.39425051334702,8
198000000258,VO,have,VO|have,VO,,schematic,21.13141683778234,7
198000000258,VO,hear,VO|hear,VO,,schematic,18.06570841889117,1
198000000258,VO,hit,VO|hit,VO,,schematic,18.06570841889117,1
198000000258,VO,hold,VO|hold,VO,,schematic,29.8870636550308,1
198000000258,VO,kick,VO|kick,VO,,schematic,27.39425051334702,1
198000000258,VO,knock,VO|knock,VO,,schematic,24.032854209445585,1
198000000258,VO,leave,VO|leave,VO,,schematic,39.09856262833676,1
198000000258,VO,let,VO|let,VO,,schematic,21.13141683778234,7
198000000258,VO,like,VO|like,VO,,schematic,29.8870636550308,4
198000000258,VO,look,VO|look,VO,,schematic,27.39425051334702,4
198000000258,VO,make,VO|make,VO,,schematic,27.39425051334702,2
198000000258,VO,mean,VO|mean,VO,,schematic,21.13141683778234,1
198000000258,VO,mend,VO|mend,VO,,schematic,36.19712525667351,1
198000000258,VO,move,VO|move,VO,,schematic,32.82135523613963,1
198000000258,VO,plait,VO|plait,VO,,schematic,39.09856262833676,2
198000000258,VO,play,VO|play,VO,,schematic,36.19712525667351,1
198000000258,VO,put,VO|put,VO,,schematic,18.06570841889117,5
198000000258,VO,see,VO|see,VO,,schematic,21.13141683778234,9
198000000258,VO,shut,VO|shut,VO,,schematic,39.09856262833676,1
198000000258,VO,slide,VO|slide,VO,,schematic,29.8870636550308,1
198000000258,VO,take,VO|take,VO,,schematic,24.032854209445585,2
198000000258,VO,touch,VO|touch,VO,,schematic,21.13141683778234,1
198000000258,VO,want,VO|want,VO,,schematic,21.13141683778234,23
198000000258,VOL,bring,VOL|bring,VOL,,schematic,27.39425051334702,1
198000000258,VOL,get,VOL|get,VOL,,schematic,36.19712525667351,2
198000000258,VOL,pull,VOL|pull,VOL,,schematic,32.82135523613963,2
198000000258,VOL,put,VOL|put,VOL,,schematic,27.39425051334702,12
198000000258,VOL,rip,VOL|rip,VOL,,schematic,24.032854209445585,2
198000000258,VOL,see,VOL|see,VOL,,schematic,39.09856262833676,1
198000000258,VOL,take,VOL|take,VOL,,schematic,29.8870636550308,3
198000000258,VOL,tip,VOL|tip,VOL,,schematic,27.39425051334702,1
198000000258,VOL,want,VOL|want,VOL,,schematic,32.82135523613963,1
198000000258,VOL-down,bring,VOL-down|bring,VOL,down,prep,27.39425051334702,1
198000000258,VOL-down,put,VOL-down|put,VOL,down,prep,36.19712525667351,1
198000000258,VOL-down,want,VOL-down|want,VOL,down,prep,32.82135523613963,1
198000000258,VOL-in,get,VOL-in|get,VOL,in,prep,39.09856262833676,1
198000000258,VOL-in,put,VOL-in|put,VOL,in,prep,32.82135523613963,3
198000000258,VOL-in,see,VOL-in|see,VOL,in,prep,39.09856262833676,1
198000000258,VOL-off,pull,VOL-off|pull,VOL,off,prep,32.82135523613963,1
198000000258,VOL-off,rip,VOL-off|rip,VOL,off,prep,24.032854209445585,2
198000000258,VOL-off,take,VOL-off|take,VOL,off,prep,29.8870636550308,3
198000000258,VOL-on,get,VOL-on|get,VOL,on,prep,36.19712525667351,1
198000000258,VOL-on,put,VOL-on|put,VOL,on,prep,27.39425051334702,8
198000000258,VOL-on,tip,VOL-on|tip,VOL,on,prep,27.39425051334702,1
198000000258,VOL-over,pull,VOL-over|pull,VOL,over,prep,32.82135523613963,1
198000000258,VOO,bring,VOO|bring,VOO,,schematic,27.39425051334702,1
198000000258,VOO,get,VOO|get,VOO,,schematic,27.39425051334702,3
198000000258,VOO,give,VOO|give,VOO,,schematic,21.13141683778234,2
198000000271,VL,belong,VL|belong,VL,,schematic,39.03285420944559,3
198000000271,VL,come,VL|come,VL,,schematic,30.032854209445585,3
198000000271,VL,fly,VL|fly,VL,,schematic,39.03285420944559,2
198000000271,VL,get,VL|get,VL,,schematic,39.03285420944559,1
198000000271,VL,go,VL|go,VL,,schematic,36.06570841889117,7
198000000271,VL,hide,VL|hide,VL,,schematic,30.032854209445585,1
198000000271,VL,look,VL|look,VL,,schematic,36.06570841889117,2
198000000271,VL,sit,VL|sit,VL,,schematic,26.82135523613963,1
198000000271,VL,stay,VL|stay,VL,,schematic,39.03285420944559,1
198000000271,VL,throw,VL|throw,VL,,schematic,39.03285420944559,1
198000000271,VL,turn,VL|turn,VL,,schematic,30.032854209445585,1
198000000271,VL-at,look,VL-at|look,VL,at,prep,36.06570841889117,2
198000000271,VL-down,sit,VL-down|sit,VL,down,prep,26.82135523613963,1
198000000271,VL-in,go,VL-in|go,VL,in,prep,36.06570841889117,2
198000000271,VL-in,stay,VL-in|stay,VL,in,prep,39.03285420944559,1
198000000271,VL-off,go,VL-off|go,VL,off,prep,42.03285420944559,1
198000000271,VL-on,come,VL-on|come,VL,on,prep,30.032854209445585,1
198000000271,VL-on,get,VL-on|get,VL,on,prep,39.03285420944559,1
198000000271,VL-on,go,VL-on|go,VL,on,prep,36.06570841889117,3
198000000271,VL-over,come,VL-over|come,VL,over,prep,42.03285420944559,1
198000000271,VL-over,throw,VL-over|throw,VL,over,prep,39.03285420944559,1
198000000271,VL-over,turn,VL-over|turn,VL,over,prep,30.032854209445585,1
198000000271,VL-through,go,VL-through|go,VL,through,prep,39.03285420944559,1
198000000271,VL-to,belong,VL-to|belong,VL,to,prep,39.03285420944559,3
198000000271,VL-to,come,VL-to|come,VL,to,prep,42.03285420944559,1
198000000271,VL-to,fly,VL-to|fly,VL,to,prep,39.03285420944559,2
198000000271,VL-under,hide,VL-under|hide,VL,under,prep,30.032854209445585,1
198000000271,VO,buy,VO|buy,VO,,schematic,42.03285420944559,1
198000000271,VO,come,VO|come,VO,,schematic,42.03285420944559,1
198000000271,VO,do,VO|do,VO,,schematic,26.82135523613963,7
198000000271,VO,find,VO|find,VO,,schematic,30.032854209445585,1
198000000271,VO,finish,VO|finish,VO,,schematic,39.03285420944559,1
198000000271,VO,fit,VO|fit,VO,,schematic,39.03285420944559,1
198000000271,VO,get,VO|get,VO,,schematic,23.919917864476385,11
198000000271,VO,go,VO|go,VO,,schematic,21.164271047227928,3
198000000271,VO,have,VO|have,VO,,schematic,30.032854209445585,5
198000000271,VO,help,VO|help,VO,,schematic,26.82135523613963,1
198000000271,VO,hit,VO|hit,VO,,schematic,26.82135523613963,1
198000000271,VO,kick,VO|kick,VO,,schematic,30.032854209445585,2
198000000271,VO,leave,VO|leave,VO,,schematic,30.032854209445585,1
198000000271,VO,let,VO|let,VO,,schematic,30.032854209445585,4
198000000271,VO,like,VO|like,VO,,schematic,30.032854209445585,1
198000000271,VO,lock,VO|lock,VO,,schematic,30.032854209445585,1
198000000271,VO,open,VO|open,VO,,schematic,39.03285420944559,1
198000000271,VO,pick,VO|pick,VO,,schematic,30.032854209445585,2
198000000271,VO,pint,VO|pint,VO,,schematic,42.03285420944559,1
198000000271,VO,play,VO|play,VO,,schematic,36.06570841889117,4
198000000271,VO,put,VO|put,VO,,schematic,30.032854209445585,1
198000000271,VO,rock,VO|rock,VO,,schematic,30.032854209445585,3
198000000271,VO,say,VO|say,VO,,schematic,30.032854209445585,3
198000000271,VO,see,VO|see,VO,,schematic,26.82135523613963,1
198000000271,VO,shoo,VO|shoo,VO,,schematic,18.13141683778234,1
198000000271,VO,sit,VO|sit,VO,,schematic,30.032854209445585,1
198000000271,VO,take,VO|take,VO,,schematic,36.06570841889117,2
198000000271,VO,tellie,VO|tellie,VO,,schematic,26.82135523613963,1
198000000271,VO,turn,VO|turn,VO,,schematic,30.032854209445585,1
198000000271,VO,want,VO|want,VO,,schematic,26.82135523613963,7
198000000271,VO,write,VO|write,VO,,schematic,26.82135523613963,1
198000000271,VOL,do,VOL|do,VOL,,schematic,36.06570841889117,1
198000000271,VOL,get,VOL|get,VOL,,schematic,39.03285420944559,5
198000000271,VOL,give,VOL|give,VOL,,schematic,39.03285420944559,1
198000000271,VOL,have,VOL|have,VOL,,schematic,30.032854209445585,1
198000000271,VOL,knock,VOL|knock,VOL,,schematic,36.06570841889117,1
198000000271,VOL,open,VOL|open,VOL,,schematic,39.03285420944559,1
198000000271,VOL,play,VOL|play,VOL,,schematic,36.06570841889117,1
198000000271,VOL,put,VOL|put,VOL,,schematic,30.032854209445585,2
198000000271,VOL,sit,VOL|sit,VOL,,schematic,26.82135523613963,1
198000000271,VOL,throw,VOL|throw,VOL,,schematic,39.03285420944559,1
198000000271,VOL,wear,VOL|wear,VOL,,schematic,36.06570841889117,1
198000000271,VOL-down,knock,VOL-down|knock,VOL,down,prep,36.06570841889117,1
198000000271,VOL-down,sit,VOL-down|sit,VOL,down,prep,26.82135523613963,1
198000000271,VOL-in,have,VOL-in|have,VOL,in,prep,30.032854209445585,1
198000000271,VOL-in,play,VOL-in|play,VOL,in,prep,36.06570841889117,1
198000000271,VOL-in,put,VOL-in|put,VOL,in,prep,39.03285420944559,1
198000000271,VOL-off,get,VOL-off|get,VOL,off,prep,42.03285420944559,1
198000000271,VOL-on,get,VOL-on|get,VOL,on,prep,39.03285420944559,3
198000000271,VOL-on,open,VOL-on|open,VOL,on,prep,39.03285420944559,1
198000000271,VOL-on,put,VOL-on|put,VOL,on,prep,30.032854209445585,1
198000000271,VOL-over,get,VOL-over|get,VOL,over,prep,42.03285420944559,1
198000000271,VOL-to,do,VOL-to|do,VOL,to,prep,36.06570841889117,1
198000000271,VOL-to,give,VOL-to|give,VOL,to,prep,39.03285420944559,1
198000000271,VOL-to,throw,VOL-to|throw,VOL,to,prep,39.03285420944559,1
198000000271,VOL-to,wear,VOL-to|wear,VOL,to,prep,36.06570841889117,1
198000000271,VOO,do,VOO|do,VOO,,schematic,30.032854209445585,2
198000000271,VOO,get,VOO|get,VOO,,schematic,42.03285420944559,1
198000000271,VOO,give,VOO|give,VOO,,schematic,39.03285420944559,1
198000000287,VL,come,VL|come,VL,,schematic,40.394250513347025,2
198000000287,VL,fall,VL|fall,VL,,schematic,29.689938398357288,4
198000000287,VL,get,VL|get,VL,,schematic,36.03285420944559,2
198000000287,VL,go,VL|go,VL,,schematic,27.0,14
198000000287,VL,jump,VL|jump,VL,,schematic,29.689938398357288,2
198000000287,VL,listen,VL|listen,VL,,schematic,41.8870636550308,1
198000000287,VL,look,VL|look,VL,,schematic,29.689938398357288,2
198000000287,VL,play,VL|play,VL,,schematic,41.8870636550308,2
198000000287,VL,pour,VL|pour,VL,,schematic,36.03285420944559,1
198000000287,VL,rain,VL|rain,VL,,schematic,36.03285420944559,5
198000000287,VL,screw,VL|screw,VL,,schematic,24.229979466119097,1
198000000287,VL,shout,VL|shout,VL,,schematic,41.8870636550308,1
198000000287,VL,sit,VL|sit,VL,,schematic,29.689938398357288,1
198000000287,VL,slow,VL|slow,VL,,schematic,33.0,1
198000000287,VL,stand,VL|stand,VL,,schematic,33.0,1
198000000287,VL,stay,VL|stay,VL,,schematic,41.8870636550308,1
198000000287,VL,talk,VL|talk,VL,,schematic,40.394250513347025,2
198000000287,VL-at,look,VL-at|look,VL,at,prep,29.689938398357288,2
198000000287,VL-at,shout,VL-at|shout,VL,at,prep,41.8870636550308,1
198000000287,VL-down,fall,VL-down|fall,VL,down,prep,29.689938398357288,3
198000000287,VL-down,get,VL-down|get,VL,down,prep,36.03285420944559,1
198000000287,VL-down,go,VL-down|go,VL,down,prep,36.03285420944559,1
198000000287,VL-down,jump,VL-down|jump,VL,down,prep,36.03285420944559,1
198000000287,VL-down,pour,VL-down|pour,VL,down,prep,36.03285420944559,1
198000000287,VL-down,screw,VL-down|screw,VL,down,prep,24.229979466119097,1
198000000287,VL-down,slow,VL-down|slow,VL,down,prep,33.0,1
198000000287,VL-in,come,VL-in|come,VL,in,prep,40.394250513347025,1
198000000287,VL-in,get,VL-in|get,VL,in,prep,41.8870636550308,1
198000000287,VL-in,go,VL-in|go,VL,in,prep,29.689938398357288,5
198000000287,VL-in,play,VL-in|play,VL,in,prep,41.8870636550308,2
198000000287,VL-in,stay,VL-in|stay,VL,in,prep,41.8870636550308,1
198000000287,VL-into,talk,VL-into|talk,VL,into,prep,40.394250513347025,1
198000000287,VL-on,go,VL-on|go,VL,on,prep,33.0,6
198000000287,VL-on,jump,VL-on|jump,VL,on,prep,29.689938398357288,1
198000000287,VL-on,rain,VL-on|rain,VL,on,prep,36.03285420944559,5
198000000287,VL-on,sit,VL-on|sit,VL,on,prep,29.689938398357288,1
198000000287,VL-on,stand,VL-on|stand,VL,on,prep,33.0,1
198000000287,VL-over,fall,VL-over|fall,VL,over,prep,29.689938398357288,1
198000000287,VL-to,come,VL-to|come,VL,to,prep,40.394250513347025,1
198000000287,VL-to,go,VL-to|go,VL,to,prep,27.0,2
198000000287,VL-to,listen,VL-to|listen,VL,to,prep,41.8870636550308,1
198000000287,VL-to,talk,VL-to|talk,VL,to,prep,41.8870636550308,1
198000000287,VO,break,VO|break,VO,,schematic,27.0,2
198000000287,VO,brush,VO|brush,VO,,schematic,24.229979466119097,1
198000000287,VO,build,VO|build,VO,,schematic,40.394250513347025,1
198000000287,VO,buy,VO|buy,VO,,schematic,33.0,2
198000000287,VO,chase,VO|chase,VO,,schematic,27.0,1
198000000287,VO,clean,VO|clean,VO,,schematic,36.03285420944559,1
198000000287,VO,cuddle,VO|cuddle,VO,,schematic,27.0,2
198000000287,VO,do,VO|do,VO,,schematic,24.229979466119097,15
198000000287,VO,eat,VO|eat,VO,,schematic,36.03285420944559,2
198000000287,VO,fetch,VO|fetch,VO,,schematic,40.394250513347025,1
198000000287,VO,fill,VO|fill,VO,,schematic,24.229979466119097,2
198000000287,VO,find,VO|find,VO,,schematic,24.229979466119097,1
198000000287,VO,finish,VO|finish,VO,,schematic,40.394250513347025,1
198000000287,VO,frighten,VO|frighten,VO,,schematic,36.03285420944559,1
198000000287,VO,get,VO|get,VO,,schematic,24.229979466119097,22
198000000287,VO,go,VO|go,VO,,schematic,21.49281314168378,3
198000000287,VO,have,VO|have,VO,,schematic,27.0,3
198000000287,VO,hear,VO|hear,VO,,schematic,41.8870636550308,4
198000000287,VO,hide,VO|hide,VO,,schematic,27.0,1
198000000287,VO,hurt,VO|hurt,VO,,schematic,27.0,1
198000000287,VO,knock,VO|knock,VO,,schematic,40.394250513347025,1
198000000287,VO,like,VO|like,VO,,schematic,27.0,10
198000000287,VO,look,VO|look,VO,,schematic,36.03285420944559,3
198000000287,VO,make,VO|make,VO,,schematic,36.03285420944559,4
198000000287,VO,mean,VO|mean,VO,,schematic,40.394250513347025,1
198000000287,VO,meet,VO|meet,VO,,schematic,36.03285420944559,3
198000000287,VO,mend,VO|mend,VO,,schematic,29.689938398357288,1
198000000287,VO,mix,VO|mix,VO,,schematic,21.49281314168378,1
198000000287,VO,need,VO|need,VO,,schematic,36.03285420944559,2
198000000287,VO,open,VO|open,VO,,schematic,41.8870636550308,1
198000000287,VO,pat,VO|pat,VO,,schematic,40.394250513347025,2
198000000287,VO,pick,VO|pick,VO,,schematic,33.0,1
198000000287,VO,pinch,VO|pinch,VO,,schematic,27.0,1
198000000287,VO,play,VO|play,VO,,schematic,27.0,5
198000000287,VO,plug,VO|plug,VO,,schematic,24.229979466119097,1
198000000287,VO,put,VO|put,VO,,schematic,27.0,2
198000000287,VO,reach,VO|reach,VO,,schematic,36.03285420944559,2
198000000287,VO,ride,VO|ride,VO,,schematic,27.0,1
198000000287,VO,run,VO|run,VO,,schematic,27.0,1
198000000287,VO,say,VO|say,VO,,schematic,33.0,1
198000000287,VO,see,VO|see,VO,,schematic,24.229979466119097,15
198000000287,VO,send,VO|send,VO,,schematic,41.8870636550308,1
198000000287,VO,shut,VO|shut,VO,,schematic,33.0,1
198000000287,VO,sing,VO|sing,VO,,schematic,24.229979466119097,4
198000000287,VO,sit,VO|sit,VO,,schematic,36.03285420944559,1
198000000287,VO,smack,VO|smack,VO,,schematic,27.0,1
198000000287,VO,smile,VO|smile,VO,,schematic,27.0,3
198000000287,VO,take,VO|take,VO,,schematic,27.0,4
198000000287,VO,use,VO|use,VO,,schematic,41.8870636550308,1
198000000287,VO,want,VO|want,VO,,schematic,21.49281314168378,28
198000000287,VO,watch,VO|watch,VO,,schematic,33.0,2
198000000287,VO,win,VO|win,VO,,schematic,40.394250513347025,1
198000000287,VO,wipe,VO|wipe,VO,,schematic,29.689938398357288,1
198000000287,VOL,do,VOL|do,VOL,,schematic,29.689938398357288,2
198000000287,VOL,eat,VOL|eat,VOL,,schematic,36.03285420944559,1
198000000287,VOL,get,VOL|get,VOL,,schematic,29.689938398357288,5
198000000287,VOL,move,VOL|move,VOL,,schematic,36.03285420944559,1
198000000287,VOL,pull,VOL|pull,VOL,,schematic,27.0,1
198000000287,VOL,push,VOL|push,VOL,,schematic,40.394250513347025,1
198000000287,VOL,put,VOL|put,VOL,,schematic,29.689938398357288,7
198000000287,VOL,stir,VOL|stir,VOL,,schematic,29.689938398357288,1
198000000287,VOL,turn,VOL|turn,VOL,,schematic,36.03285420944559,1
198000000287,VOL,want,VOL|want,VOL,,schematic,36.03285420944559,3
198000000287,VOL-down,pull,VOL-down|pull,VOL,down,prep,27.0,1
198000000287,VOL-down,push,VOL-down|push,VOL,down,prep,40.394250513347025,1
198000000287,VOL-in,do,VOL-in|do,VOL,in,prep,29.689938398357288,2
198000000287,VOL-in,eat,VOL-in|eat,VOL,in,prep,36.03285420944559,1
198000000287,VOL-in,get,VOL-in|get,VOL,in,prep,29.689938398357288,2
198000000287,VOL-in,put,VOL-in|put,VOL,in,prep,33.0,3
198000000287,VOL-in,stir,VOL-in|stir,VOL,in,prep,29.689938398357288,1
198000000287,VOL-in,want,VOL-in|want,VOL,in,prep,36.03285420944559,2
198000000287,VOL-on,get,VOL-on|get,VOL,on,prep,29.689938398357288,3
198000000287,VOL-on,put,VOL-on|put,VOL,on,prep,29.689938398357288,4
198000000287,VOL-on,turn,VOL-on|turn,VOL,on,prep,36.03285420944559,1
198000000287,VOL-on,want,VOL-on|want,VOL,on,prep,36.03285420944559,1
198000000287,VOL-over,move,VOL-over|move,VOL,over,prep,36.03285420944559,1
198000000287,VOO,take,VOO|take,VOO,,schematic,36.03285420944559,1
198000000298,VL,come,VL|come,VL,,schematic,27.164271047227928,4
198000000298,VL,fall,VL|fall,VL,,schematic,27.164271047227928,2
198000000298,VL,get,VL|get,VL,,schematic,32.68993839835729,3
198000000298,VL,go,VL|go,VL,,schematic,27.164271047227928,9
198000000298,VL,look,VL|look,VL,,schematic,32.68993839835729,3
198000000298,VL,put,VL|put,VL,,schematic,32.68993839835729,1
198000000298,VL,ride,VL|ride,VL,,schematic,32.68993839835729,1
198000000298,VL,sit,VL|sit,VL,,schematic,23.8870636550308,4
198000000298,VL-at,look,VL-at|look,VL,at,prep,32.68993839835729,3
198000000298,VL-down,come,VL-down|come,VL,down,prep,27.164271047227928,2
198000000298,VL-down,fall,VL-down|fall,VL,down,prep,27.164271047227928,2
198000000298,VL-down,go,VL-down|go,VL,down,prep,27.164271047227928,2
198000000298,VL-down,sit,VL-down|sit,VL,down,prep,23.8870636550308,1
198000000298,VL-in,go,VL-in|go,VL,in,prep,29.82135523613963,1
198000000298,VL-in,put,VL-in|put,VL,in,prep,32.68993839835729,1
198000000298,VL-off,get,VL-off|get,VL,off,prep,32.68993839835729,3
198000000298,VL-on,come,VL-on|come,VL,on,prep,29.82135523613963,2
198000000298,VL-on,go,VL-on|go,VL,on,prep,35.85420944558521,1
198000000298,VL-on,ride,VL-on|ride,VL,on,prep,32.68993839835729,1
198000000298,VL-on,sit,VL-on|sit,VL,on,prep,27.164271047227928,3
198000000298,VL-to,go,VL-to|go,VL,to,prep,27.164271047227928,5
198000000298,VO,bang,VO|bang,VO,,schematic,27.164271047227928,1
198000000298,VO,bell,VO|bell,VO,,schematic,39.328542094455855,1
198000000298,VO,blow,VO|blow,VO,,schematic,41.72279260780287,1
198000000298,VO,bump,VO|bump,VO,,schematic,27.164271047227928,2
198000000298,VO,cost,VO|cost,VO,,schematic,27.164271047227928,1
198000000298,VO,cry,VO|cry,VO,,schematic,23.8870636550308,1
198000000298,VO,cut,VO|cut,VO,,schematic,27.164271047227928,1
198000000298,VO,ding,VO|ding,VO,,schematic,18.0,2
198000000298,VO,do,VO|do,VO,,schematic,18.0,8
198000000298,VO,drink,VO|drink,VO,,schematic,32.68993839835729,1
198000000298,VO,eat,VO|eat,VO,,schematic,27.164271047227928,7
198000000298,VO,find,VO|find,VO,,schematic,27.164271047227928,3
198000000298,VO,fit,VO|fit,VO,,schematic,39.328542094455855,1
198000000298,VO,frighten,VO|frighten,VO,,schematic,41.72279260780287,2
198000000298,VO,get,VO|get,VO,,schematic,18.0,14
198000000298,VO,go,VO|go,VO,,schematic,18.0,7
198000000298,VO,have,VO|have,VO,,schematic,21.13141683778234,7
198000000298,VO,hear,VO|hear,VO,,schematic,41.72279260780287,2
198000000298,VO,hold,VO|hold,VO,,schematic,29.82135523613963,1
198000000298,VO,hurt,VO|hurt,VO,,schematic,18.0,1
198000000298,VO,leave,VO|leave,VO,,schematic,27.164271047227928,1
198000000298,VO,let,VO|let,VO,,schematic,39.328542094455855,1
198000000298,VO,like,VO|like,VO,,schematic,32.68993839835729,2
198000000298,VO,look,VO|look,VO,,schematic,32.68993839835729,1
198000000298,VO,make,VO|make,VO,,schematic,39.328542094455855,1
198000000298,VO,move,VO|move,VO,,schematic,35.85420944558521,1
198000000298,VO,mummie,VO|mummie,VO,,schematic,35.85420944558521,1
198000000298,VO,open,VO|open,VO,,schematic,39.328542094455855,1
198000000298,VO,paint,VO|paint,VO,,schematic,39.328542094455855,1
198000000298,VO,pick,VO|pick,VO,,schematic,32.68993839835729,2
198000000298,VO,pinch,VO|pinch,VO,,schematic,32.68993839835729,1
198000000298,VO,push,VO|push,VO,,schematic,32.68993839835729,2
198000000298,VO,puss,VO|puss,VO,,schematic,27.164271047227928,1
198000000298,VO,put,VO|put,VO,,schematic,18.0,1
198000000298,VO,read,VO|read,VO,,schematic,41.72279260780287,1
198000000298,VO,run,VO|run,VO,,schematic,27.164271047227928,1
198000000298,VO,scamp,VO|scamp,VO,,schematic,41.72279260780287,1
198000000298,VO,see,VO|see,VO,,schematic,18.0,6
198000000298,VO,set,VO|set,VO,,schematic,39.328542094455855,1
198000000298,VO,shut,VO|shut,VO,,schematic,21.13141683778234,1
198000000298,VO,slip,VO|slip,VO,,schematic,29.82135523613963,1
198000000298,VO,smell,VO|smell,VO,,schematic,41.72279260780287,1
198000000298,VO,stand,VO|stand,VO,,schematic,39.328542094455855,1
198000000298,VO,take,VO|take,VO,,schematic,27.164271047227928,1
198000000298,VO,tick,VO|tick,VO,,schematic,18.0,1
198000000298,VO,tickle,VO|tickle,VO,,schematic,27.164271047227928,1
198000000298,VO,tip,VO|tip,VO,,schematic,27.164271047227928,2
198000000298,VO,touch,VO|touch,VO,,schematic,41.72279260780287,1
198000000298,VO,want,VO|want,VO,,schematic,21.13141683778234,12
198000000298,VO,wash,VO|wash,VO,,schematic,27.164271047227928,2
198000000298,VO,wear,VO|wear,VO,,schematic,41.72279260780287,1
198000000298,VOL,fun,VOL|fun,VOL,,schematic,39.328542094455855,1
198000000298,VOL,get,VOL|get,VOL,,schematic,29.82135523613963,5
198000000298,VOL,give,VOL|give,VOL,,schematic,35.85420944558521,1
198000000298,VOL,have,VOL|have,VOL,,schematic,27.164271047227928,1
198000000298,VOL,pin,VOL|pin,VOL,,schematic,29.82135523613963,1
198000000298,VOL,play,VOL|play,VOL,,schematic,29.82135523613963,1
198000000298,VOL,put,VOL|put,VOL,,schematic,29.82135523613963,5
198000000298,VOL,see,VOL|see,VOL,,schematic,35.85420944558521,2
198000000298,VOL,take,VOL|take,VOL,,schematic,27.164271047227928,1
198000000298,VOL-down,put,VOL-down|put,VOL,down,prep,29.82135523613963,1
198000000298,VOL-in,get,VOL-in|get,VOL,in,prep,29.82135523613963,1
198000000298,VOL-in,have,VOL-in|have,VOL,in,prep,27.164271047227928,1
198000000298,VOL-in,pin,VOL-in|pin,VOL,in,prep,29.82135523613963,1
198000000298,VOL-in,put,VOL-in|put,VOL,in,prep,29.82135523613963,3
198000000298,VOL-in,see,VOL-in|see,VOL,in,prep,35.85420944558521,1
198000000298,VOL-off,get,VOL-off|get,VOL,off,prep,29.82135523613963,1
198000000298,VOL-off,take,VOL-off|take,VOL,off,prep,27.164271047227928,1
198000000298,VOL-on,fun,VOL-on|fun,VOL,on,prep,39.328542094455855,1
198000000298,VOL-on,get,VOL-on|get,VOL,on,prep,35.85420944558521,3
198000000298,VOL-on,play,VOL-on|play,VOL,on,prep,29.82135523613963,1
198000000298,VOL-on,put,VOL-on|put,VOL,on,prep,29.82135523613963,1
198000000298,VOL-on,see,VOL-on|see,VOL,on,prep,41.72279260780287,1
198000000298,VOL-to,give,VOL-to|give,VOL,to,prep,35.85420944558521,1
198000000298,VOO,buy,VOO|buy,VOO,,schematic,35.85420944558521,1
198000000298,VOO,get,VOO|get,VOO,,schematic,27.164271047227928,3
198000000298,VOO,give,VOO|give,VOO,,schematic,32.68993839835729,3
198000000312,VL,belong,VL|belong,VL,,schematic,39.2299794661191,1
198000000312,VL,come,VL|come,VL,,schematic,23.8870636550308,5
198000000312,VL,fall,VL|fall,VL,,schematic,39.2299794661191,1
198000000312,VL,get,VL|get,VL,,schematic,18.295687885010267,9
198000000312,VL,go,VL|go,VL,,schematic,23.8870636550308,5
198000000312,VL,kneel,VL|kneel,VL,,schematic,30.0,1
198000000312,VL,play,VL|play,VL,,schematic,39.2299794661191,1
198000000312,VL,sit,VL|sit,VL,,schematic,27.0,5
198000000312,VL,speak,VL|speak,VL,,schematic,39.2299794661191,1
198000000312,VL,walk,VL|walk,VL,,schematic,30.0,3
198000000312,VL-down,come,VL-down|come,VL,down,prep,27.0,1
198000000312,VL-down,fall,VL-down|fall,VL,down,prep,39.2299794661191,1
198000000312,VL-down,get,VL-down|get,VL,down,prep,27.0,1
198000000312,VL-down,kneel,VL-down|kneel,VL,down,prep,30.0,1
198000000312,VL-in,get,VL-in|get,VL,in,prep,33.591375770020534,2
198000000312,VL-in,go,VL-in|go,VL,in,prep,30.0,2
198000000312,VL-in,sit,VL-in|sit,VL,in,prep,27.0,3
198000000312,VL-in,walk,VL-in|walk,VL,in,prep,30.0,3
198000000312,VL-off,get,VL-off|get,VL,off,prep,18.295687885010267,4
198000000312,VL-on,come,VL-on|come,VL,on,prep,23.8870636550308,4
198000000312,VL-on,get,VL-on|get,VL,on,prep,30.0,1
198000000312,VL-on,go,VL-on|go,VL,on,prep,23.8870636550308,1
198000000312,VL-on,play,VL-on|play,VL,on,prep,39.2299794661191,1
198000000312,VL-on,sit,VL-on|sit,VL,on,prep,30.0,2
198000000312,VL-over,get,VL-over|get,VL,over,prep,30.0,1
198000000312,VL-over,go,VL-over|go,VL,over,prep,33.591375770020534,1
198000000312,VL-to,belong,VL-to|belong,VL,to,prep,39.2299794661191,1
198000000312,VL-to,go,VL-to|go,VL,to,prep,23.8870636550308,1
198000000312,VL-to,speak,VL-to|speak,VL,to,prep,39.2299794661191,1
198000000312,VO,ask,VO|ask,VO,,schematic,35.8870636550308,1
198000000312,VO,bang,VO|bang,VO,,schematic,39.2299794661191,1
198000000312,VO,break,VO|break,VO,,schematic,30.0,1
198000000312,VO,bring,VO|bring,VO,,schematic,33.591375770020534,1
198000000312,VO,bump,VO|bump,VO,,schematic,39.2299794661191,1
198000000312,VO,burn,VO|burn,VO,,schematic,39.2299794661191,1
198000000312,VO,buy,VO|buy,VO,,schematic,33.591375770020534,1
198000000312,VO,catch,VO|catch,VO,,schematic,41.85420944558521,1
198000000312,VO,choose,VO|choose,VO,,schematic,33.591375770020534,1
198000000312,VO,chop,VO|chop,VO,,schematic,35.8870636550308,1
198000000312,VO,come,VO|come,VO,,schematic,27.0,1
198000000312,VO,do,VO|do,VO,,schematic,30.0,11
198000000312,VO,drink,VO|drink,VO,,schematic,35.8870636550308,1
198000000312,VO,fetch,VO|fetch,VO,,schematic,33.591375770020534,2
198000000312,VO,find,VO|find,VO,,schematic,27.0,7
198000000312,VO,get,VO|get,VO,,schematic,23.8870636550308,34
198000000312,VO,go,VO|go,VO,,schematic,30.0,3
198000000312,VO,goodbye,VO|goodbye,VO,,schematic,39.2299794661191,1
198000000312,VO,have,VO|have,VO,,schematic,27.0,7
198000000312,VO,hear,VO|hear,VO,,schematic,41.85420944558521,5
198000000312,VO,help,VO|help,VO,,schematic,27.0,1
198000000312,VO,hold,VO|hold,VO,,schematic,33.591375770020534,1
198000000312,VO,hurry,VO|hurry,VO,,schematic,27.0,2
198000000312,VO,itch,VO|itch,VO,,schematic,33.591375770020534,1
198000000312,VO,know,VO|know,VO,,schematic,35.8870636550308,1
198000000312,VO,leave,VO|leave,VO,,schematic,27.0,1
198000000312,VO,let,VO|let,VO,,schematic,30.0,5
198000000312,VO,like,VO|like,VO,,schematic,35.8870636550308,1
198000000312,VO,look,VO|look,VO,,schematic,18.295687885010267,3
198000000312,VO,miss,VO|miss,VO,,schematic,35.8870636550308,1
198000000312,VO,open,VO|open,VO,,schematic,33.16427104722793,1
198000000312,VO,pen,VO|pen,VO,,schematic,33.591375770020534,1
198000000312,VO,pick,VO|pick,VO,,schematic,33.591375770020534,1
198000000312,VO,plug,VO|plug,VO,,schematic,41.85420944558521,1
198000000312,VO,pull,VO|pull,VO,,schematic,23.8870636550308,3
198000000312,VO,put,VO|put,VO,,schematic,27.0,11
198000000312,VO,rock,VO|rock,VO,,schematic,41.85420944558521,1
198000000312,VO,say,VO|say,VO,,schematic,33.16427104722793,1
198000000312,VO,screw,VO|screw,VO,,schematic,23.8870636550308,1
198000000312,VO,see,VO|see,VO,,schematic,41.85420944558521,1
198000000312,VO,shut,VO|shut,VO,,schematic,30.0,3
198000000312,VO,smell,VO|smell,VO,,schematic,35.8870636550308,1
198000000312,VO,spoil,VO|spoil,VO,,schematic,23.8870636550308,1
198000000312,VO,squeeze,VO|squeeze,VO,,schematic,39.2299794661191,1
198000000312,VO,stop,VO|stop,VO,,schematic,27.0,4
198000000312,VO,take,VO|take,VO,,schematic,23.8870636550308,4
198000000312,VO,think,VO|think,VO,,schematic,35.8870636550308,1
198000000312,VO,tick,VO|tick,VO,,schematic,18.295687885010267,6
198000000312,VO,tidy,VO|tidy,VO,,schematic,35.8870636550308,1
198000000312,VO,touch,VO|touch,VO,,schematic,35.8870636550308,2
198000000312,VO,try,VO|try,VO,,schematic,27.0,1
198000000312,VO,up,VO|up,VO,,schematic,27.0,1
198000000312,VO,want,VO|want,VO,,schematic,23.8870636550308,30
198000000312,VO,wash,VO|wash,VO,,schematic,27.0,2
198000000312,VO,waste,VO|waste,VO,,schematic,23.8870636550308,1
198000000312,VO,watch,VO|watch,VO,,schematic,35.8870636550308,1
198000000312,VO,wee,VO|wee,VO,,schematic,35.8870636550308,1
198000000312,VO,write,VO|write,VO,,schematic,27.0,3
198000000312,VOL,break,VOL|break,VOL,,schematic,23.8870636550308,1
198000000312,VOL,clean,VOL|clean,VOL,,schematic,33.591375770020534,1
198000000312,VOL,do,VOL|do,VOL,,schematic,41.85420944558521,1
198000000312,VOL,get,VOL|get,VOL,,schematic,27.0,5
198000000312,VOL,give,VOL|give,VOL,,schematic,27.0,1
198000000312,VOL,keep,VOL|keep,VOL,,schematic,39.2299794661191,1
198000000312,VOL,knock,VOL|knock,VOL,,schematic,39.2299794661191,1
198000000312,VOL,lick,VOL|lick,VOL,,schematic,35.8870636550308,3
198000000312,VOL,move,VOL|move,VOL,,schematic,39.2299794661191,1
198000000312,VOL,need,VOL|need,VOL,,schematic,33.591375770020534,1
198000000312,VOL,pull,VOL|pull,VOL,,schematic,30.0,2
198000000312,VOL,put,VOL|put,VOL,,schematic,27.0,5
198000000312,VOL,want,VOL|want,VOL,,schematic,30.0,1
198000000312,VOL-down,knock,VOL-down|knock,VOL,down,prep,39.2299794661191,1
198000000312,VOL-down,pull,VOL-down|pull,VOL,down,prep,30.0,1
198000000312,VOL-down,put,VOL-down|put,VOL,down,prep,27.0,2
198000000312,VOL-in,do,VOL-in|do,VOL,in,prep,41.85420944558521,1
198000000312,VOL-in,get,VOL-in|get,VOL,in,prep,30.0,3
198000000312,VOL-in,lick,VOL-in|lick,VOL,in,prep,35.8870636550308,1
198000000312,VOL-in,need,VOL-in|need,VOL,in,prep,33.591375770020534,1
198000000312,VOL-in,put,VOL-in|put,VOL,in,prep,35.8870636550308,2
198000000312,VOL-in,want,VOL-in|want,VOL,in,prep,30.0,1
198000000312,VOL-off,break,VOL-off|break,VOL,off,prep,23.8870636550308,1
198000000312,VOL-off,clean,VOL-off|clean,VOL,off,prep,33.591375770020534,1
198000000312,VOL-off,lick,VOL-off|lick,VOL,off,prep,35.8870636550308,2
198000000312,VOL-off,pull,VOL-off|pull,VOL,off,prep,35.8870636550308,1
198000000312,VOL-on,get,VOL-on|get,VOL,on,prep,27.0,1
198000000312,VOL-on,keep,VOL-on|keep,VOL,on,prep,39.2299794661191,1
198000000312,VOL-on,put,VOL-on|put,VOL,on,prep,35.8870636550308,1
198000000312,VOL-over,get,VOL-over|get,VOL,over,prep,41.85420944558521,1
198000000312,VOL-over,move,VOL-over|move,VOL,over,prep,39.2299794661191,1
198000000312,VOL-to,give,VOL-to|give,VOL,to,prep,27.0,1
198000000312,VOO,bring,VOO|bring,VOO,,schematic,33.591375770020534,1
198000000312,VOO,buy,VOO|buy,VOO,,schematic,33.591375770020534,1
198000000312,VOO,do,VOO|do,VOO,,schematic,30.0,1
198000000312,VOO,get,VOO|get,VOO,,schematic,30.0,3
198000000312,VOO,give,VOO|give,VOO,,schematic,35.8870636550308,1
198000000312,VOO,make,VOO|make,VOO,,schematic,39.2299794661191,1
198000000334,VL,come,VL|come,VL,,schematic,24.427104722792606,1
198000000334,VL,fall,VL|fall,VL,,schematic,36.0,3
198000000334,VL,get,VL|get,VL,,schematic,26.8870636550308,2
198000000334,VL,give,VL|give,VL,,schematic,26.8870636550308,1
198000000334,VL,go,VL|go,VL,,schematic,36.0,5
198000000334,VL,hang,VL|hang,VL,,schematic,36.0,2
198000000334,VL,leave,VL|leave,VL,,schematic,24.427104722792606,1
198000000334,VL,look,VL|look,VL,,schematic,36.0,3
198000000334,VL,sit,VL|sit,VL,,schematic,36.0,1
198000000334,VL,take,VL|take,VL,,schematic,36.0,1
198000000334,VL-at,look,VL-at|look,VL,at,prep,36.0,3
198000000334,VL-down,fall,VL-down|fall,VL,down,prep,36.0,1
198000000334,VL-down,get,VL-down|get,VL,down,prep,26.8870636550308,1
198000000334,VL-off,leave,VL-off|leave,VL,off,prep,24.427104722792606,1
198000000334,VL-off,take,VL-off|take,VL,off,prep,36.0,1
198000000334,VL-on,come,VL-on|come,VL,on,prep,24.427104722792606,1
198000000334,VL-on,fall,VL-on|fall,VL,on,prep,39.0,2
198000000334,VL-on,get,VL-on|get,VL,on,prep,36.0,1
198000000334,VL-on,go,VL-on|go,VL,on,prep,36.0,4
198000000334,VL-on,hang,VL-on|hang,VL,on,prep,36.0,2
198000000334,VL-on,sit,VL-on|sit,VL,on,prep,36.0,1
198000000334,VL-to,give,VL-to|give,VL,to,prep,26.8870636550308,1
198000000334,VL-to,go,VL-to|go,VL,to,prep,36.0,1
198000000334,VO,bite,VO|bite,VO,,schematic,21.62422997946612,4
198000000334,VO,come,VO|come,VO,,schematic,36.0,1
198000000334,VO,dig,VO|dig,VO,,schematic,36.0,1
198000000334,VO,do,VO|do,VO,,schematic,36.0,4
198000000334,VO,find,VO|find,VO,,schematic,36.0,2
198000000334,VO,frighten,VO|frighten,VO,,schematic,36.0,2
198000000334,VO,get,VO|get,VO,,schematic,21.62422997946612,17
198000000334,VO,give,VO|give,VO,,schematic,36.0,2
198000000334,VO,go,VO|go,VO,,schematic,21.62422997946612,3
198000000334,VO,have,VO|have,VO,,schematic,26.8870636550308,7
198000000334,VO,kiss,VO|kiss,VO,,schematic,36.0,4
198000000334,VO,leave,VO|leave,VO,,schematic,36.0,2
198000000334,VO,let,VO|let,VO,,schematic,36.0,1
198000000334,VO,listen,VO|listen,VO,,schematic,36.0,1
198000000334,VO,look,VO|look,VO,,schematic,26.8870636550308,6
198000000334,VO,make,VO|make,VO,,schematic,21.62422997946612,2
198000000334,VO,put,VO|put,VO,,schematic,30.098562628336754,4
198000000334,VO,see,VO|see,VO,,schematic,36.0,1
198000000334,VO,sit,VO|sit,VO,,schematic,26.8870636550308,1
198000000334,VO,spend,VO|spend,VO,,schematic,36.0,1
198000000334,VO,stop,VO|stop,VO,,schematic,19.0,2
198000000334,VO,take,VO|take,VO,,schematic,19.0,4
198000000334,VO,tell,VO|tell,VO,,schematic,26.8870636550308,2
198000000334,VO,tip,VO|tip,VO,,schematic,36.0,2
198000000334,VO,want,VO|want,VO,,schematic,24.427104722792606,3
198000000334,VOL,get,VOL|get,VOL,,schematic,24.427104722792606,3
198000000334,VOL,give,VOL|give,VOL,,schematic,36.0,1
198000000334,VOL,put,VOL|put,VOL,,schematic,26.8870636550308,3
198000000334,VOL,turn,VOL|turn,VOL,,schematic,26.8870636550308,1
198000000334,VOL-down,put,VOL-down|put,VOL,down,prep,26.8870636550308,2
198000000334,VOL-in,put,VOL-in|put,VOL,in,prep,36.0,1
198000000334,VOL-off,get,VOL-off|get,VOL,off,prep,26.8870636550308,2
198000000334,VOL-off,turn,VOL-off|turn,VOL,off,prep,26.8870636550308,1
198000000334,VOL-to,get,VOL-to|get,VOL,to,prep,24.427104722792606,1
198000000334,VOL-to,give,VOL-to|give,VOL,to,prep,36.0,1
198000000334,VOO,do,VOO|do,VOO,,schematic,26.8870636550308,1
198000000334,VOO,get,VOO|get,VOO,,schematic,36.0,2
198000000334,VOO,give,VOO|give,VOO,,schematic,21.62422997946612,2
198000000348,VL,come,VL|come,VL,,schematic,23.985626283367555,3
198000000348,VL,fall,VL|fall,VL,,schematic,21.229979466119097,2
198000000348,VL,get,VL|get,VL,,schematic,36.13141683778234,1
198000000348,VL,go,VL|go,VL,,schematic,23.985626283367555,2
198000000348,VL,lay,VL|lay,VL,,schematic,36.13141683778234,3
198000000348,VL,look,VL|look,VL,,schematic,42.36139630390144,2
198000000348,VL,put,VL|put,VL,,schematic,18.197125256673512,1
198000000348,VL,talk,VL|talk,VL,,schematic,42.36139630390144,2
198000000348,VL,tell,VL|tell,VL,,schematic,36.13141683778234,1
198000000348,VL,think,VL|think,VL,,schematic,42.36139630390144,1
198000000348,VL-at,look,VL-at|look,VL,at,prep,42.36139630390144,2
198000000348,VL-down,fall,VL-down|fall,VL,down,prep,21.229979466119097,2
198000000348,VL-down,go,VL-down|go,VL,down,prep,30.0,1
198000000348,VL-down,lay,VL-down|lay,VL,down,prep,38.8870636550308,2
198000000348,VL-in,come,VL-in|come,VL,in,prep,36.13141683778234,2
198000000348,VL-in,put,VL-in|put,VL,in,prep,18.197125256673512,1
198000000348,VL-off,get,VL-off|get,VL,off,prep,36.13141683778234,1
198000000348,VL-off,tell,VL-off|tell,VL,off,prep,36.13141683778234,1
198000000348,VL-on,lay,VL-on|lay,VL,on,prep,36.13141683778234,1
198000000348,VL-through,go,VL-through|go,VL,through,prep,23.985626283367555,1
198000000348,VL-to,come,VL-to|come,VL,to,prep,23.985626283367555,1
198000000348,VL-to,talk,VL-to|talk,VL,to,prep,42.36139630390144,2
198000000348,VL-to,think,VL-to|think,VL,to,prep,42.36139630390144,1
198000000348,VO,blow,VO|blow,VO,,schematic,21.229979466119097,2
198000000348,VO,break,VO|break,VO,,schematic,38.8870636550308,1
198000000348,VO,bring,VO|bring,VO,,schematic,38.8870636550308,2
198000000348,VO,bump,VO|bump,VO,,schematic,36.13141683778234,1
198000000348,VO,cock,VO|cock,VO,,schematic,30.0,1
198000000348,VO,cup,VO|cup,VO,,schematic,36.13141683778234,1
198000000348,VO,ding,VO|ding,VO,,schematic,23.985626283367555,1
198000000348,VO,do,VO|do,VO,,schematic,23.985626283367555,4
198000000348,VO,drink,VO|drink,VO,,schematic,18.197125256673512,1
198000000348,VO,find,VO|find,VO,,schematic,38.8870636550308,1
198000000348,VO,fly,VO|fly,VO,,schematic,23.985626283367555,1
198000000348,VO,get,VO|get,VO,,schematic,21.229979466119097,19
198000000348,VO,go,VO|go,VO,,schematic,36.13141683778234,1
198000000348,VO,have,VO|have,VO,,schematic,23.985626283367555,13
198000000348,VO,hold,VO|hold,VO,,schematic,38.8870636550308,1
198000000348,VO,let,VO|let,VO,,schematic,23.985626283367555,4
198000000348,VO,like,VO|like,VO,,schematic,23.985626283367555,7
198000000348,VO,look,VO|look,VO,,schematic,33.09856262833676,1
198000000348,VO,lose,VO|lose,VO,,schematic,30.0,1
198000000348,VO,make,VO|make,VO,,schematic,23.985626283367555,1
198000000348,VO,mend,VO|mend,VO,,schematic,23.985626283367555,2
198000000348,VO,pick,VO|pick,VO,,schematic,21.229979466119097,6
198000000348,VO,play,VO|play,VO,,schematic,42.36139630390144,1
198000000348,VO,pull,VO|pull,VO,,schematic,33.09856262833676,2
198000000348,VO,put,VO|put,VO,,schematic,38.8870636550308,2
198000000348,VO,read,VO|read,VO,,schematic,30.0,2
198000000348,VO,ring,VO|ring,VO,,schematic,21.229979466119097,1
198000000348,VO,see,VO|see,VO,,schematic,23.985626283367555,7
198000000348,VO,sink,VO|sink,VO,,schematic,21.229979466119097,1
198000000348,VO,smell,VO|smell,VO,,schematic,38.8870636550308,1
198000000348,VO,stop,VO|stop,VO,,schematic,21.229979466119097,1
198000000348,VO,touch,VO|touch,VO,,schematic,42.36139630390144,1
198000000348,VO,trap,VO|trap,VO,,schematic,23.985626283367555,1
198000000348,VO,want,VO|want,VO,,schematic,23.985626283367555,9
198000000348,VO,wash,VO|wash,VO,,schematic,36.13141683778234,1
198000000348,VO,wobble,VO|wobble,VO,,schematic,33.09856262833676,1
198000000348,VOL,break,VOL|break,VOL,,schematic,42.36139630390144,1
198000000348,VOL,carry,VOL|carry,VOL,,schematic,23.985626283367555,1
198000000348,VOL,get,VOL|get,VOL,,schematic,33.09856262833676,2
198000000348,VOL,like,VOL|like,VOL,,schematic,33.09856262833676,1
198000000348,VOL,take,VOL|take,VOL,,schematic,26.95277207392197,3
198000000348,VOL,turn,VOL|turn,VOL,,schematic,38.8870636550308,1
198000000348,VOL,want,VOL|want,VOL,,schematic,42.36139630390144,1
198000000348,VOL-down,carry,VOL-down|carry,VOL,down,prep,23.985626283367555,1
198000000348,VOL-down,get,VOL-down|get,VOL,down,prep,33.09856262833676,1
198000000348,VOL-in,take,VOL-in|take,VOL,in,prep,42.36139630390144,1
198000000348,VOL-off,break,VOL-off|break,VOL,off,prep,42.36139630390144,1
198000000348,VOL-off,get,VOL-off|get,VOL,off,prep,42.36139630390144,1
198000000348,VOL-off,take,VOL-off|take,VOL,off,prep,26.95277207392197,2
198000000348,VOL-off,turn,VOL-off|turn,VOL,off,prep,38.8870636550308,1
198000000348,VOL-on,like,VOL-on|like,VOL,on,prep,33.09856262833676,1
198000000348,VOL-on,want,VOL-on|want,VOL,on,prep,42.36139630390144,1
198000000348,VOO,give,VOO|give,VOO,,schematic,42.36139630390144,1
198000000348,VOO,show,VOO|show,VOO,,schematic,42.36139630390144,1
198000000348,VOO,tell,VOO|tell,VOO,,schematic,42.36139630390144,3
198000000374,VL,catch,VL|catch,VL,,schematic,35.91991786447639,1
198000000374,VL,get,VL|get,VL,,schematic,42.82135523613963,1
198000000374,VL,look,VL|look,VL,,schematic,35.91991786447639,3
198000000374,VL-at,look,VL-at|look,VL,at,prep,35.91991786447639,2
198000000374,VL-in,look,VL-in|look,VL,in,prep,39.13141683778234,1
198000000374,VL-on,catch,VL-on|catch,VL,on,prep,35.91991786447639,1
198000000374,VL-on,get,VL-on|get,VL,on,prep,42.82135523613963,1
198000000374,VO,bite,VO|bite,VO,,schematic,33.0,2
198000000374,VO,blow,VO|blow,VO,,schematic,42.82135523613963,2
198000000374,VO,bring,VO|bring,VO,,schematic,42.82135523613963,1
198000000374,VO,close,VO|close,VO,,schematic,39.13141683778234,1
198000000374,VO,come,VO|come,VO,,schematic,35.91991786447639,1
198000000374,VO,dean,VO|dean,VO,,schematic,35.91991786447639,1
198000000374,VO,do,VO|do,VO,,schematic,33.0,3
198000000374,VO,doo,VO|doo,VO,,schematic,33.0,2
198000000374,VO,fit,VO|fit,VO,,schematic,39.13141683778234,1
198000000374,VO,get,VO|get,VO,,schematic,42.82135523613963,2
198000000374,VO,go,VO|go,VO,,schematic,39.13141683778234,1
198000000374,VO,have,VO|have,VO,,schematic,42.82135523613963,3
198000000374,VO,help,VO|help,VO,,schematic,35.91991786447639,1
198000000374,VO,hurt,VO|hurt,VO,,schematic,42.82135523613963,1
198000000374,VO,kiss,VO|kiss,VO,,schematic,42.82135523613963,2
198000000374,VO,love,VO|love,VO,,schematic,42.82135523613963,1
198000000374,VO,ma,VO|ma,VO,,schematic,29.8870636550308,1
198000000374,VO,mummie,VO|mummie,VO,,schematic,35.91991786447639,1
198000000374,VO,natch,VO|natch,VO,,schematic,42.82135523613963,1
198000000374,VO,pick,VO|pick,VO,,schematic,42.82135523613963,1
198000000374,VO,put,VO|put,VO,,schematic,42.82135523613963,1
198000000374,VO,red,VO|red,VO,,schematic,42.82135523613963,1
198000000374,VO,see,VO|see,VO,,schematic,42.82135523613963,1
198000000374,VO,watch,VO|watch,VO,,schematic,42.82135523613963,1
198000000374,VO,wipe,VO|wipe,VO,,schematic,39.13141683778234,1
198000000374,VOL,get,VOL|get,VOL,,schematic,42.82135523613963,1
198000000374,VOL,pin,VOL|pin,VOL,,schematic,42.82135523613963,1
198000000374,VOL,take,VOL|take,VOL,,schematic,42.82135523613963,1
198000000374,VOL-in,get,VOL-in|get,VOL,in,prep,42.82135523613963,1
198000000374,VOL-off,take,VOL-off|take,VOL,off,prep,42.82135523613963,1
198000000374,VOL-on,pin,VOL-on|pin,VOL,on,prep,42.82135523613963,1
198000000383,VL,come,VL|come,VL,,schematic,41.72279260780287,1
198000000383,VL,fall,VL|fall,VL,,schematic,30.0,1
198000000383,VL,get,VL|get,VL,,schematic,36.03285420944559,2
198000000383,VL,go,VL|go,VL,,schematic,21.032854209445585,6
198000000383,VL,look,VL|look,VL,,schematic,21.032854209445585,2
198000000383,VL,put,VL|put,VL,,schematic,39.29568788501027,1
198000000383,VL,tip,VL|tip,VL,,schematic,39.29568788501027,1
198000000383,VL-at,look,VL-at|look,VL,at,prep,21.032854209445585,2
198000000383,VL-down,get,VL-down|get,VL,down,prep,36.03285420944559,1
198000000383,VL-down,tip,VL-down|tip,VL,down,prep,39.29568788501027,1
198000000383,VL-in,get,VL-in|get,VL,in,prep,36.03285420944559,1
198000000383,VL-in,go,VL-in|go,VL,in,prep,39.29568788501027,1
198000000383,VL-inside,go,VL-inside|go,VL,inside,prep,39.29568788501027,1
198000000383,VL-off,come,VL-off|come,VL,off,prep,41.72279260780287,1
198000000383,VL-off,fall,VL-off|fall,VL,off,prep,30.0,1
198000000383,VL-on,go,VL-on|go,VL,on,prep,39.29568788501027,1
198000000383,VL-on,put,VL-on|put,VL,on,prep,39.29568788501027,1
198000000383,VL-to,go,VL-to|go,VL,to,prep,21.032854209445585,3
198000000383,VO,break,VO|break,VO,,schematic,39.29568788501027,1
198000000383,VO,carry,VO|carry,VO,,schematic,41.72279260780287,1
198000000383,VO,come,VO|come,VO,,schematic,39.29568788501027,2
198000000383,VO,ding,VO|ding,VO,,schematic,27.164271047227928,2
198000000383,VO,do,VO|do,VO,,schematic,27.164271047227928,2
198000000383,VO,drop,VO|drop,VO,,schematic,23.427104722792606,3
198000000383,VO,finish,VO|finish,VO,,schematic,39.29568788501027,2
198000000383,VO,get,VO|get,VO,,schematic,21.032854209445585,13
198000000383,VO,go,VO|go,VO,,schematic,27.164271047227928,6
198000000383,VO,have,VO|have,VO,,schematic,21.032854209445585,4
198000000383,VO,hold,VO|hold,VO,,schematic,21.032854209445585,2
198000000383,VO,keep,VO|keep,VO,,schematic,39.29568788501027,1
198000000383,VO,let,VO|let,VO,,schematic,36.03285420944559,1
198000000383,VO,like,VO|like,VO,,schematic,21.032854209445585,1
198000000383,VO,look,VO|look,VO,,schematic,41.72279260780287,1
198000000383,VO,make,VO|make,VO,,schematic,27.164271047227928,1
198000000383,VO,pick,VO|pick,VO,,schematic,39.29568788501027,2
198000000383,VO,play,VO|play,VO,,schematic,36.03285420944559,1
198000000383,VO,pull,VO|pull,VO,,schematic,30.0,1
198000000383,VO,put,VO|put,VO,,schematic,21.032854209445585,4
198000000383,VO,say,VO|say,VO,,schematic,21.032854209445585,1
198000000383,VO,see,VO|see,VO,,schematic,30.0,1
198000000383,VO,stay,VO|stay,VO,,schematic,30.0,1
198000000383,VO,stop,VO|stop,VO,,schematic,39.29568788501027,2
198000000383,VO,touch,VO|touch,VO,,schematic,36.03285420944559,1
198000000383,VO,want,VO|want,VO,,schematic,23.427104722792606,5
198000000383,VO,wash,VO|wash,VO,,schematic,27.164271047227928,1
198000000383,VO,wear,VO|wear,VO,,schematic,39.29568788501027,1
198000000383,VOL,get,VOL|get,VOL,,schematic,36.03285420944559,3
198000000383,VOL,go,VOL|go,VOL,,schematic,27.164271047227928,2
198000000383,VOL,like,VOL|like,VOL,,schematic,39.29568788501027,1
198000000383,VOL,play,VOL|play,VOL,,schematic,41.72279260780287,1
198000000383,VOL,put,VOL|put,VOL,,schematic,21.032854209445585,7
198000000383,VOL,take,VOL|take,VOL,,schematic,27.164271047227928,3
198000000383,VOL-down,put,VOL-down|put,VOL,down,prep,21.032854209445585,1
198000000383,VOL-in,get,VOL-in|get,VOL,in,prep,39.29568788501027,1
198000000383,VOL-in,go,VOL-in|go,VOL,in,prep,27.164271047227928,2
198000000383,VOL-in,put,VOL-in|put,VOL,in,prep,30.0,5
198000000383,VOL-off,take,VOL-off|take,VOL,off,prep,36.03285420944559,2
198000000383,VOL-on,get,VOL-on|get,VOL,on,prep,36.03285420944559,2
198000000383,VOL-on,like,VOL-on|like,VOL,on,prep,39.29568788501027,1
198000000383,VOL-on,play,VOL-on|play,VOL,on,prep,41.72279260780287,1
198000000383,VOL-on,put,VOL-on|put,VOL,on,prep,41.72279260780287,1
198000000383,VOL-on,take,VOL-on|take,VOL,on,prep,27.164271047227928,1
198000000394,VL,carry,VL|carry,VL,,schematic,41.98562628336756,1
198000000394,VL,come,VL|come,VL,,schematic,30.06570841889117,7
198000000394,VL,fall,VL|fall,VL,,schematic,30.06570841889117,1
198000000394,VL,go,VL|go,VL,,schematic,26.985626283367555,16
198000000394,VL,jump,VL|jump,VL,,schematic,26.985626283367555,2
198000000394,VL,look,VL|look,VL,,schematic,39.2299794661191,1
198000000394,VL,put,VL|put,VL,,schematic,39.2299794661191,1
198000000394,VL,splash,VL|splash,VL,,schematic,35.8870636550308,1
198000000394,VL,stand,VL|stand,VL,,schematic,32.82135523613963,1
198000000394,VL,work,VL|work,VL,,schematic,41.98562628336756,1
198000000394,VL-at,look,VL-at|look,VL,at,prep,39.2299794661191,1
198000000394,VL-at,work,VL-at|work,VL,at,prep,41.98562628336756,1
198000000394,VL-down,fall,VL-down|fall,VL,down,prep,30.06570841889117,1
198000000394,VL-down,go,VL-down|go,VL,down,prep,32.82135523613963,1
198000000394,VL-in,come,VL-in|come,VL,in,prep,39.2299794661191,1
198000000394,VL-in,go,VL-in|go,VL,in,prep,39.2299794661191,2
198000000394,VL-in,jump,VL-in|jump,VL,in,prep,26.985626283367555,1
198000000394,VL-off,come,VL-off|come,VL,off,prep,32.82135523613963,2
198000000394,VL-on,carry,VL-on|carry,VL,on,prep,41.98562628336756,1
198000000394,VL-on,come,VL-on|come,VL,on,prep,30.06570841889117,2
198000000394,VL-on,go,VL-on|go,VL,on,prep,26.985626283367555,6
198000000394,VL-on,jump,VL-on|jump,VL,on,prep,39.2299794661191,1
198000000394,VL-on,put,VL-on|put,VL,on,prep,39.2299794661191,1
198000000394,VL-on,splash,VL-on|splash,VL,on,prep,35.8870636550308,1
198000000394,VL-on,stand,VL-on|stand,VL,on,prep,32.82135523613963,1
198000000394,VL-over,come,VL-over|come,VL,over,prep,39.2299794661191,1
198000000394,VL-to,come,VL-to|come,VL,to,prep,41.98562628336756,1
198000000394,VL-to,go,VL-to|go,VL,to,prep,30.06570841889117,7
198000000394,VO,bang,VO|bang,VO,,schematic,18.262833675564682,1
198000000394,VO,bring,VO|bring,VO,,schematic,39.2299794661191,1
198000000394,VO,call,VO|call,VO,,schematic,26.985626283367555,1
198000000394,VO,catch,VO|catch,VO,,schematic,41.98562628336756,1
198000000394,VO,chase,VO|chase,VO,,schematic,35.8870636550308,1
198000000394,VO,clean,VO|clean,VO,,schematic,41.98562628336756,1
198000000394,VO,do,VO|do,VO,,schematic,30.06570841889117,6
198000000394,VO,find,VO|find,VO,,schematic,32.82135523613963,2
198000000394,VO,finish,VO|finish,VO,,schematic,35.8870636550308,1
198000000394,VO,fit,VO|fit,VO,,schematic,35.8870636550308,1
198000000394,VO,frighten,VO|frighten,VO,,schematic,41.98562628336756,1
198000000394,VO,get,VO|get,VO,,schematic,26.985626283367555,18
198000000394,VO,have,VO|have,VO,,schematic,30.06570841889117,14
198000000394,VO,hear,VO|hear,VO,,schematic,41.98562628336756,1
198000000394,VO,help,VO|help,VO,,schematic,32.82135523613963,1
198000000394,VO,hold,VO|hold,VO,,schematic,30.06570841889117,3
198000000394,VO,hurt,VO|hurt,VO,,schematic,41.98562628336756,1
198000000394,VO,iron,VO|iron,VO,,schematic,41.98562628336756,1
198000000394,VO,kick,VO|kick,VO,,schematic,30.06570841889117,1
198000000394,VO,know,VO|know,VO,,schematic,41.98562628336756,2
198000000394,VO,leave,VO|leave,VO,,schematic,32.82135523613963,2
198000000394,VO,let,VO|let,VO,,schematic,32.82135523613963,2
198000000394,VO,look,VO|look,VO,,schematic,30.06570841889117,4
198000000394,VO,love,VO|love,VO,,schematic,41.98562628336756,2
198000000394,VO,make,VO|make,VO,,schematic,30.06570841889117,3
198000000394,VO,mean,VO|mean,VO,,schematic,39.2299794661191,1
198000000394,VO,move,VO|move,VO,,schematic,41.98562628336756,1
198000000394,VO,paint,VO|paint,VO,,schematic,35.8870636550308,1
198000000394,VO,pardon,VO|pardon,VO,,schematic,41.98562628336756,1
198000000394,VO,peel,VO|peel,VO,,schematic,30.06570841889117,1
198000000394,VO,pull,VO|pull,VO,,schematic,39.2299794661191,1
198000000394,VO,put,VO|put,VO,,schematic,30.06570841889117,4
198000000394,VO,read,VO|read,VO,,schematic,41.98562628336756,1
198000000394,VO,ride,VO|ride,VO,,schematic,30.06570841889117,1
198000000394,VO,say,VO|say,VO,,schematic,41.98562628336756,1
198000000394,VO,see,VO|see,VO,,schematic,32.82135523613963,3
198000000394,VO,sing,VO|sing,VO,,schematic,32.82135523613963,1
198000000394,VO,stop,VO|stop,VO,,schematic,32.82135523613963,1
198000000394,VO,take,VO|take,VO,,schematic,26.985626283367555,2
198000000394,VO,tap,VO|tap,VO,,schematic,41.98562628336756,1
198000000394,VO,throw,VO|throw,VO,,schematic,39.2299794661191,1
198000000394,VO,tip,VO|tip,VO,,schematic,35.8870636550308,1
198000000394,VO,turn,VO|turn,VO,,schematic,39.2299794661191,1
198000000394,VO,use,VO|use,VO,,schematic,41.98562628336756,1
198000000394,VO,want,VO|want,VO,,schematic,26.985626283367555,26
198000000394,VO,wash,VO|wash,VO,,schematic,41.98562628336756,2
198000000394,VO,watch,VO|watch,VO,,schematic,26.985626283367555,2
198000000394,VO,wear,VO|wear,VO,,schematic,39.2299794661191,2
198000000394,VO,wipe,VO|wipe,VO,,schematic,21.098562628336754,2
198000000394,VOL,get,VOL|get,VOL,,schematic,26.985626283367555,2
198000000394,VOL,have,VOL|have,VOL,,schematic,39.2299794661191,1
198000000394,VOL,leave,VOL|leave,VOL,,schematic,30.06570841889117,1
198000000394,VOL,pick,VOL|pick,VOL,,schematic,32.82135523613963,1
198000000394,VOL,put,VOL|put,VOL,,schematic,26.985626283367555,11
198000000394,VOL,sit,VOL|sit,VOL,,schematic,41.98562628336756,1
198000000394,VOL,splash,VOL|splash,VOL,,schematic,39.2299794661191,1
198000000394,VOL,throw,VOL|throw,VOL,,schematic,41.98562628336756,1
198000000394,VOL-down,sit,VOL-down|sit,VOL,down,prep,41.98562628336756,1
198000000394,VOL-in,leave,VOL-in|leave,VOL,in,prep,30.06570841889117,1
198000000394,VOL-in,put,VOL-in|put,VOL,in,prep,26.985626283367555,5
198000000394,VOL-in,splash,VOL-in|splash,VOL,in,prep,39.2299794661191,1
198000000394,VOL-in,throw,VOL-in|throw,VOL,in,prep,41.98562628336756,1
198000000394,VOL-off,pick,VOL-off|pick,VOL,off,prep,32.82135523613963,1
198000000394,VOL-on,get,VOL-on|get,VOL,on,prep,26.985626283367555,2
198000000394,VOL-on,have,VOL-on|have,VOL,on,prep,39.2299794661191,1
198000000394,VOL-on,put,VOL-on|put,VOL,on,prep,32.82135523613963,6
198000000394,VOO,get,VOO|get,VOO,,schematic,39.2299794661191,1
198000000394,VOO,give,VOO|give,VOO,,schematic,26.985626283367555,1
198000000394,VOO,show,VOO|show,VOO,,schematic,39.2299794661191,2
198000000404,VL,crash,VL|crash,VL,,schematic,42.26283367556468,2
198000000404,VL,get,VL|get,VL,,schematic,39.68993839835729,4
198000000404,VL,go,VL|go,VL,,schematic,27.32854209445585,6
198000000404,VL,look,VL|look,VL,,schematic,39.68993839835729,1
198000000404,VL,play,VL|play,VL,,schematic,39.68993839835729,1
198000000404,VL,say,VL|say,VL,,schematic,33.06570841889117,1
198000000404,VL,sit,VL|sit,VL,,schematic,33.06570841889117,2
198000000404,VL,stay,VL|stay,VL,,schematic,39.68993839835729,1
198000000404,VL,want,VL|want,VL,,schematic,29.854209445585216,1
198000000404,VL-at,look,VL-at|look,VL,at,prep,39.68993839835729,1
198000000404,VL-down,go,VL-down|go,VL,down,prep,27.32854209445585,1
198000000404,VL-in,get,VL-in|get,VL,in,prep,39.68993839835729,3
198000000404,VL-in,go,VL-in|go,VL,in,prep,33.06570841889117,1
198000000404,VL-in,play,VL-in|play,VL,in,prep,39.68993839835729,1
198000000404,VL-in,stay,VL-in|stay,VL,in,prep,39.68993839835729,1
198000000404,VL-into,crash,VL-into|crash,VL,into,prep,42.26283367556468,2
198000000404,VL-on,get,VL-on|get,VL,on,prep,42.26283367556468,1
198000000404,VL-on,go,VL-on|go,VL,on,prep,39.68993839835729,3
198000000404,VL-on,sit,VL-on|sit,VL,on,prep,33.06570841889117,2
198000000404,VL-over,want,VL-over|want,VL,over,prep,29.854209445585216,1
198000000404,VL-to,go,VL-to|go,VL,to,prep,33.06570841889117,1
198000000404,VL-to,say,VL-to|say,VL,to,prep,33.06570841889117,1
198000000404,VO,bite,VO|bite,VO,,schematic,39.68993839835729,1
198000000404,VO,cover,VO|cover,VO,,schematic,39.68993839835729,1
198000000404,VO,do,VO|do,VO,,schematic,39.68993839835729,4
198000000404,VO,drop,VO|drop,VO,,schematic,39.68993839835729,1
198000000404,VO,find,VO|find,VO,,schematic,39.68993839835729,1
198000000404,VO,finish,VO|finish,VO,,schematic,35.75564681724846,1
198000000404,VO,get,VO|get,VO,,schematic,27.32854209445585,9
198000000404,VO,go,VO|go,VO,,schematic,39.68993839835729,2
198000000404,VO,have,VO|have,VO,,schematic,27.32854209445585,4
198000000404,VO,knock,VO|knock,VO,,schematic,42.26283367556468,2
198000000404,VO,leave,VO|leave,VO,,schematic,42.26283367556468,1
198000000404,VO,let,VO|let,VO,,schematic,39.68993839835729,2
198000000404,VO,like,VO|like,VO,,schematic,39.68993839835729,2
198000000404,VO,look,VO|look,VO,,schematic,29.854209445585216,6
198000000404,VO,need,VO|need,VO,,schematic,39.68993839835729,1
198000000404,VO,open,VO|open,VO,,schematic,29.854209445585216,2
198000000404,VO,pick,VO|pick,VO,,schematic,42.26283367556468,1
198000000404,VO,pull,VO|pull,VO,,schematic,42.26283367556468,1
198000000404,VO,put,VO|put,VO,,schematic,39.68993839835729,1
198000000404,VO,say,VO|say,VO,,schematic,35.75564681724846,1
198000000404,VO,see,VO|see,VO,,schematic,39.68993839835729,4
198000000404,VO,shut,VO|shut,VO,,schematic,27.32854209445585,2
198000000404,VO,splash,VO|splash,VO,,schematic,39.68993839835729,1
198000000404,VO,take,VO|take,VO,,schematic,42.26283367556468,2
198000000404,VO,tickle,VO|tickle,VO,,schematic,42.26283367556468,1
198000000404,VO,want,VO|want,VO,,schematic,35.75564681724846,10
198000000404,VOL,do,VOL|do,VOL,,schematic,39.68993839835729,4
198000000404,VOL,get,VOL|get,VOL,,schematic,33.06570841889117,2
198000000404,VOL,like,VOL|like,VOL,,schematic,42.26283367556468,1
198000000404,VOL,put,VOL|put,VOL,,schematic,39.68993839835729,5
198000000404,VOL,whack,VOL|whack,VOL,,schematic,35.75564681724846,1
198000000404,VOL-in,do,VOL-in|do,VOL,in,prep,39.68993839835729,1
198000000404,VOL-in,get,VOL-in|get,VOL,in,prep,33.06570841889117,1
198000000404,VOL-in,put,VOL-in|put,VOL,in,prep,39.68993839835729,3
198000000404,VOL-in,whack,VOL-in|whack,VOL,in,prep,35.75564681724846,1
198000000404,VOL-on,do,VOL-on|do,VOL,on,prep,39.68993839835729,3
198000000404,VOL-on,get,VOL-on|get,VOL,on,prep,42.26283367556468,1
198000000404,VOL-on,like,VOL-on|like,VOL,on,prep,42.26283367556468,1
198000000404,VOL-on,put,VOL-on|put,VOL,on,prep,39.68993839835729,2
198000000404,VOO,do,VOO|do,VOO,,schematic,27.32854209445585,1
198000000404,VOO,get,VOO|get,VOO,,schematic,42.26283367556468,1
198000000404,VOO,give,VOO|give,VOO,,schematic,39.68993839835729,3
